date,open,high,low,close,volume
2025-07-24 07:00:00+00:00,117418.3,118450.0,117050.2,118368.0,10042.952
2025-07-24 08:00:00+00:00,118368.1,118780.0,118179.2,118748.3,6555.566
2025-07-24 09:00:00+00:00,118748.4,118789.3,118205.9,118460.2,4974.246
2025-07-24 10:00:00+00:00,118460.2,118614.7,117923.0,118350.0,5325.137
2025-07-24 11:00:00+00:00,118349.9,118714.2,118267.7,118558.0,4964.193
2025-07-24 12:00:00+00:00,118558.0,118700.0,118236.0,118479.5,4245.666
2025-07-24 13:00:00+00:00,118479.4,118675.2,118156.0,118171.2,4126.97
2025-07-24 14:00:00+00:00,118171.2,119124.9,117773.1,119021.5,12595.444
2025-07-24 15:00:00+00:00,119021.5,119469.9,118572.7,119074.1,13101.055
2025-07-24 16:00:00+00:00,119074.1,119187.3,118306.0,118498.0,6979.36
2025-07-24 17:00:00+00:00,118498.0,119286.0,118446.3,119093.2,4583.343
2025-07-24 18:00:00+00:00,119093.1,119376.9,118923.1,119004.0,3939.122
2025-07-24 19:00:00+00:00,119004.0,119314.7,118850.1,118902.0,3730.692
2025-07-24 20:00:00+00:00,118902.0,118953.9,118672.0,118677.9,2259.962
2025-07-24 21:00:00+00:00,118678.0,118749.8,118436.1,118485.4,1806.248
2025-07-24 22:00:00+00:00,118485.4,118588.3,118124.8,118225.2,2753.511
2025-07-24 23:00:00+00:00,118225.3,118412.6,118112.0,118294.3,2794.894
2025-07-25 00:00:00+00:00,118294.4,118410.8,117600.0,117620.0,8563.748
2025-07-25 01:00:00+00:00,117620.1,117780.1,117189.9,117334.7,12462.381
2025-07-25 02:00:00+00:00,117334.6,117359.4,116300.0,116300.0,19832.225
2025-07-25 03:00:00+00:00,116300.0,116393.0,115300.0,115384.6,26599.746
2025-07-25 04:00:00+00:00,115384.7,116100.0,115080.0,116043.6,18376.66
2025-07-25 05:00:00+00:00,116043.5,116045.1,115222.2,115481.2,10883.154
2025-07-25 06:00:00+00:00,115481.2,115481.8,115160.0,115255.3,6041.956
2025-07-25 07:00:00+00:00,115255.3,115927.8,114667.3,115288.8,23232.883
2025-07-25 08:00:00+00:00,115288.9,115956.8,115005.0,115194.6,18684.94
2025-07-25 09:00:00+00:00,115194.6,116051.0,115000.0,116025.3,10682.952
2025-07-25 10:00:00+00:00,116025.3,116485.0,115958.9,116277.5,8020.353
2025-07-25 11:00:00+00:00,116277.6,116759.6,116277.6,116504.6,7316.593
2025-07-25 12:00:00+00:00,116504.6,116629.0,115918.4,116079.6,10522.88
2025-07-25 13:00:00+00:00,116079.7,116578.2,115526.2,116195.5,13464.181
2025-07-25 14:00:00+00:00,116195.5,116267.9,114846.1,114934.4,14452.342
2025-07-25 15:00:00+00:00,114934.5,115824.5,114874.0,115687.4,9345.634
2025-07-25 16:00:00+00:00,115687.4,116160.7,115413.1,116143.4,6593.607
2025-07-25 17:00:00+00:00,116143.5,116317.7,115831.4,116002.0,5123.7
2025-07-25 18:00:00+00:00,116002.0,116540.0,116002.0,116456.0,3847.37
2025-07-25 19:00:00+00:00,116455.9,116989.9,116372.2,116649.6,6496.75
2025-07-25 20:00:00+00:00,116649.6,117300.0,116530.0,117011.2,8617.46
2025-07-25 21:00:00+00:00,117011.2,117359.3,116914.0,117183.3,5348.683
2025-07-25 22:00:00+00:00,117183.3,117333.0,117083.0,117250.0,2318.374
2025-07-25 23:00:00+00:00,117250.0,117615.3,117150.9,117583.5,3558.182
2025-07-26 00:00:00+00:00,117583.4,117585.1,117300.0,117473.2,3595.094
2025-07-26 01:00:00+00:00,117473.2,117538.3,117114.2,117143.8,2947.695
2025-07-26 02:00:00+00:00,117143.8,117740.6,117143.8,117443.8,3391.08
2025-07-26 03:00:00+00:00,117443.7,117580.0,117421.9,117455.8,1613.606
2025-07-26 04:00:00+00:00,117455.8,117515.3,117368.9,117469.0,1462.064
2025-07-26 05:00:00+00:00,117469.0,117515.9,117390.7,117415.1,1069.712
2025-07-26 06:00:00+00:00,117415.1,117430.4,117288.9,117309.0,2042.154
2025-07-26 07:00:00+00:00,117309.0,117357.0,117288.0,117288.1,1396.09
2025-07-26 08:00:00+00:00,117288.0,117600.3,117288.0,117530.1,2198.405
2025-07-26 09:00:00+00:00,117530.1,117594.2,117418.9,117547.4,1360.956
2025-07-26 10:00:00+00:00,117547.4,118229.7,117503.8,117954.3,9990.588
2025-07-26 11:00:00+00:00,117954.4,118059.5,117758.0,117758.0,3004.125
2025-07-26 12:00:00+00:00,117758.1,117980.0,117755.0,117885.0,1883.642
2025-07-26 13:00:00+00:00,117885.0,118211.8,117820.6,118099.4,3105.582
2025-07-26 14:00:00+00:00,118099.4,118200.0,117923.0,118030.2,2592.956
2025-07-26 15:00:00+00:00,118030.1,118148.9,117801.0,118111.1,2752.452
2025-07-26 16:00:00+00:00,118111.1,118200.0,117982.3,118055.0,1992.921
2025-07-26 17:00:00+00:00,118055.1,118078.8,117960.8,118009.4,920.899
2025-07-26 18:00:00+00:00,118009.4,118086.2,117917.7,118063.9,1542.86
2025-07-26 19:00:00+00:00,118063.8,118300.0,118022.8,118209.0,1583.751
2025-07-26 20:00:00+00:00,118209.1,118209.1,117846.1,117919.2,2265.727
2025-07-26 21:00:00+00:00,117919.2,118052.3,117852.0,118013.2,1002.244
2025-07-26 22:00:00+00:00,118013.2,118289.3,117950.0,117974.9,2056.059
2025-07-26 23:00:00+00:00,117974.9,118018.3,117854.0,117889.2,1447.942
2025-07-27 00:00:00+00:00,117889.3,117944.0,117800.8,117927.2,1492.135
2025-07-27 01:00:00+00:00,117927.2,118180.5,117888.0,118063.6,1224.851
2025-07-27 02:00:00+00:00,118063.7,118356.0,117980.3,118302.8,1930.033
2025-07-27 03:00:00+00:00,118302.8,118311.9,118060.1,118162.0,1614.917
2025-07-27 04:00:00+00:00,118161.9,118250.0,118114.0,118199.9,987.668
2025-07-27 05:00:00+00:00,118199.9,118286.3,118139.0,118258.2,1377.932
2025-07-27 06:00:00+00:00,118258.3,118432.1,118176.3,118240.1,1745.029
2025-07-27 07:00:00+00:00,118240.1,118240.1,118041.6,118083.6,1859.305
2025-07-27 08:00:00+00:00,118083.5,118116.6,117923.0,117923.0,2384.877
2025-07-27 09:00:00+00:00,117923.0,117978.6,117822.2,117913.7,1936.492
2025-07-27 10:00:00+00:00,117913.6,118273.8,117913.6,118155.9,2640.866
2025-07-27 11:00:00+00:00,118155.9,118243.6,118022.0,118053.4,1652.459
2025-07-27 12:00:00+00:00,118053.3,118093.9,117850.0,118065.6,2358.699
2025-07-27 13:00:00+00:00,118065.3,118197.0,118051.2,118182.3,1696.971
2025-07-27 14:00:00+00:00,118182.3,118488.0,118116.4,118414.8,5502.434
2025-07-27 15:00:00+00:00,118414.8,118583.2,118220.3,118580.8,4524.944
2025-07-27 16:00:00+00:00,118580.9,119550.0,118580.8,119081.3,18271.491
2025-07-27 17:00:00+00:00,119081.4,119327.1,118840.0,119184.4,4750.244
2025-07-27 18:00:00+00:00,119184.4,119378.8,118880.2,119008.1,2798.675
2025-07-27 19:00:00+00:00,119008.0,119076.9,118875.1,118953.3,1345.037
2025-07-27 20:00:00+00:00,118953.3,119175.1,118709.9,118739.9,2320.873
2025-07-27 21:00:00+00:00,118740.0,119268.0,118709.2,119257.3,2196.166
2025-07-27 22:00:00+00:00,119257.3,119766.0,119210.0,119486.6,6305.658
2025-07-27 23:00:00+00:00,119486.6,119537.3,119138.2,119423.4,3061.203
2025-07-28 00:00:00+00:00,119423.5,119692.3,119122.2,119228.8,3614.685
2025-07-28 01:00:00+00:00,119228.9,119485.2,118949.9,119031.6,3800.858
2025-07-28 02:00:00+00:00,119031.6,119812.0,119010.1,119432.6,5040.206
2025-07-28 03:00:00+00:00,119432.7,119525.2,119208.0,119269.7,2121.795
2025-07-28 04:00:00+00:00,119269.6,119413.6,119111.8,119200.0,2204.976
2025-07-28 05:00:00+00:00,119200.0,119692.0,119127.6,119517.1,3193.028
2025-07-28 06:00:00+00:00,119517.1,119600.0,119422.1,119444.9,1790.069
2025-07-28 07:00:00+00:00,119444.9,119445.0,118742.0,118873.2,6180.986
2025-07-28 08:00:00+00:00,118873.1,119091.2,118744.1,119053.5,3595.413
2025-07-28 09:00:00+00:00,119053.5,119053.6,118668.6,118920.9,2408.727
2025-07-28 10:00:00+00:00,118920.9,118959.1,118610.0,118757.2,2314.723
2025-07-28 11:00:00+00:00,118757.3,118855.6,118471.3,118813.3,4259.326
2025-07-28 12:00:00+00:00,118813.4,119085.0,118764.0,118828.6,4306.294
2025-07-28 13:00:00+00:00,118828.7,119065.2,118210.0,118412.0,11767.373
2025-07-28 14:00:00+00:00,118411.9,118666.0,117900.0,117968.3,9978.882
2025-07-28 15:00:00+00:00,117968.3,118487.4,117900.0,118152.8,7432.19
2025-07-28 16:00:00+00:00,118152.9,118363.0,117983.9,117991.5,3772.393
2025-07-28 17:00:00+00:00,117991.6,118100.0,117612.0,117650.0,7114.554
2025-07-28 18:00:00+00:00,117649.9,117846.1,117388.0,117760.4,6005.964
2025-07-28 19:00:00+00:00,117760.4,118279.0,117523.2,118050.0,5417.986
2025-07-28 20:00:00+00:00,118050.0,118150.1,117466.1,118017.7,3266.923
2025-07-28 21:00:00+00:00,118017.7,118329.8,117923.0,118081.5,2230.852
2025-07-28 22:00:00+00:00,118081.6,118235.9,117728.1,117843.0,3111.005
2025-07-28 23:00:00+00:00,117842.9,118153.8,117788.0,118041.4,1783.121
2025-07-29 00:00:00+00:00,118041.5,118433.4,117500.0,117945.0,5631.038
2025-07-29 01:00:00+00:00,117944.9,118224.0,117736.7,117738.6,1827.389
2025-07-29 02:00:00+00:00,117738.6,118068.7,117406.3,118065.6,3878.922
2025-07-29 03:00:00+00:00,118065.6,118777.0,118065.6,118745.6,5511.48
2025-07-29 04:00:00+00:00,118745.6,118785.0,118377.1,118491.3,3086.52
2025-07-29 05:00:00+00:00,118491.3,118837.0,118491.2,118766.0,1995.145
2025-07-29 06:00:00+00:00,118766.0,119032.4,118685.3,118720.1,3665.654
2025-07-29 07:00:00+00:00,118720.0,119258.7,118714.8,118856.2,4696.201
2025-07-29 08:00:00+00:00,118856.2,119019.6,118720.5,118887.8,2940.501
2025-07-29 09:00:00+00:00,118887.8,118964.8,118722.0,118750.0,1855.48
2025-07-29 10:00:00+00:00,118749.9,118792.0,118254.8,118274.2,4648.027
2025-07-29 11:00:00+00:00,118274.3,118565.0,118119.1,118560.0,3326.756
2025-07-29 12:00:00+00:00,118560.0,119050.0,118407.1,118863.1,6657.549
2025-07-29 13:00:00+00:00,118863.1,119000.0,118489.0,118589.9,4249.425
2025-07-29 14:00:00+00:00,118590.0,118607.9,117650.0,117781.7,11048.603
2025-07-29 15:00:00+00:00,117781.6,117923.3,117218.7,117345.7,12270.167
2025-07-29 16:00:00+00:00,117345.7,117730.0,116923.0,117710.9,13070.859
2025-07-29 17:00:00+00:00,117711.3,118019.3,117594.0,117723.5,4871.596
2025-07-29 18:00:00+00:00,117723.5,117782.4,117437.5,117573.0,2624.509
2025-07-29 19:00:00+00:00,117572.9,117998.8,117358.2,117484.9,3625.974
2025-07-29 20:00:00+00:00,117485.5,117840.9,117044.1,117478.9,7644.157
2025-07-29 21:00:00+00:00,117478.8,117663.6,117141.3,117555.1,2271.792
2025-07-29 22:00:00+00:00,117555.1,117822.0,117403.1,117801.5,2170.017
2025-07-29 23:00:00+00:00,117801.4,117951.0,117670.2,117897.0,1695.702
2025-07-30 00:00:00+00:00,117897.1,117958.3,117485.1,117699.9,2722.299
2025-07-30 01:00:00+00:00,117699.9,117983.0,117363.0,117805.1,2501.463
2025-07-30 02:00:00+00:00,117805.2,118087.3,117739.7,117979.9,2576.626
2025-07-30 03:00:00+00:00,117979.9,118210.0,117859.1,118106.5,2049.714
2025-07-30 04:00:00+00:00,118106.5,118230.7,117906.0,117949.9,2131.352
2025-07-30 05:00:00+00:00,117950.0,118034.8,117616.1,117948.2,2246.79
2025-07-30 06:00:00+00:00,117948.2,118296.9,117948.1,118237.4,2518.975
2025-07-30 07:00:00+00:00,118237.3,118384.6,118076.9,118083.1,2849.329
2025-07-30 08:00:00+00:00,118083.2,118451.3,117918.0,118324.7,2875.899
2025-07-30 09:00:00+00:00,118324.7,118392.3,117950.0,118126.4,2778.034
2025-07-30 10:00:00+00:00,118126.4,118393.9,117896.2,117983.9,3290.057
2025-07-30 11:00:00+00:00,117983.9,118150.1,117291.6,117526.7,6958.464
2025-07-30 12:00:00+00:00,117526.6,117877.0,117300.6,117680.2,5553.487
2025-07-30 13:00:00+00:00,117680.2,117825.3,117366.0,117624.5,6021.771
2025-07-30 14:00:00+00:00,117624.6,118692.3,117550.4,118678.5,9429.555
2025-07-30 15:00:00+00:00,118678.4,118763.5,117777.0,117950.0,7846.815
2025-07-30 16:00:00+00:00,117949.9,117974.7,117584.2,117697.0,4157.699
2025-07-30 17:00:00+00:00,117697.0,117909.9,117592.6,117748.1,2434.137
2025-07-30 18:00:00+00:00,117748.1,117995.4,116444.0,116477.0,15683.226
2025-07-30 19:00:00+00:00,116476.9,117083.7,115700.0,116865.2,23954.443
2025-07-30 20:00:00+00:00,116865.2,117274.9,116829.8,117138.9,5744.585
2025-07-30 21:00:00+00:00,117139.0,117293.6,116900.4,117280.0,2192.938
2025-07-30 22:00:00+00:00,117280.0,117440.0,117188.9,117431.2,2667.48
2025-07-30 23:00:00+00:00,117431.1,117866.4,117400.0,117771.0,3732.719
2025-07-31 00:00:00+00:00,117771.1,118512.6,117713.5,118368.5,7852.732
2025-07-31 01:00:00+00:00,118368.6,118420.2,117950.0,118025.2,3627.457
2025-07-31 02:00:00+00:00,118025.1,118451.9,117931.2,118392.9,3404.363
2025-07-31 03:00:00+00:00,118392.8,118590.0,118323.4,118429.0,3088.652
2025-07-31 04:00:00+00:00,118429.0,118522.5,118308.0,118472.3,2484.083
2025-07-31 05:00:00+00:00,118472.3,118504.6,118287.3,118320.0,1845.039
2025-07-31 06:00:00+00:00,118320.0,118706.1,118238.7,118653.4,2578.948
2025-07-31 07:00:00+00:00,118653.4,118910.0,118562.1,118624.1,5264.471
2025-07-31 08:00:00+00:00,118624.0,118728.0,118520.2,118550.8,2021.11
2025-07-31 09:00:00+00:00,118550.7,118580.0,118423.0,118562.4,1889.655
2025-07-31 10:00:00+00:00,118562.4,118700.1,118390.1,118474.0,2196.259
2025-07-31 11:00:00+00:00,118473.9,118526.3,118246.8,118330.9,2502.938
2025-07-31 12:00:00+00:00,118330.9,118606.6,118252.7,118580.0,3559.887
2025-07-31 13:00:00+00:00,118580.1,118684.4,117783.3,118506.2,10689.19
2025-07-31 14:00:00+00:00,118506.1,118602.1,117850.0,117871.9,8135.707
2025-07-31 15:00:00+00:00,117871.8,118309.6,117835.5,118259.3,4475.235
2025-07-31 16:00:00+00:00,118259.4,118850.0,118191.0,118492.0,6830.741
2025-07-31 17:00:00+00:00,118492.0,118521.8,117650.0,117712.1,8067.798
2025-07-31 18:00:00+00:00,117712.2,117984.9,117350.0,117600.0,7464.279
2025-07-31 19:00:00+00:00,117600.1,117711.7,116691.1,116718.9,12248.67
2025-07-31 20:00:00+00:00,116718.9,116927.8,116380.0,116450.0,10038.662
2025-07-31 21:00:00+00:00,116450.1,116846.1,116157.1,116479.0,6483.978
2025-07-31 22:00:00+00:00,116478.9,116479.0,115934.8,115934.9,7142.622
2025-07-31 23:00:00+00:00,115934.9,116307.6,115373.9,115697.3,11144.991
2025-08-01 00:00:00+00:00,115697.3,115877.8,114239.0,115366.9,21495.534
2025-08-01 01:00:00+00:00,115366.9,115547.2,114525.0,115270.2,11791.83
2025-08-01 02:00:00+00:00,115270.0,115958.1,115159.6,115908.8,5854.093
2025-08-01 03:00:00+00:00,115908.7,116000.0,115557.0,115595.7,3463.39
2025-08-01 04:00:00+00:00,115595.6,115658.0,115208.7,115648.3,3763.291
2025-08-01 05:00:00+00:00,115648.4,115873.4,115313.3,115511.4,3399.244
2025-08-01 06:00:00+00:00,115511.4,115600.0,115017.3,115112.8,4951.036
2025-08-01 07:00:00+00:00,115112.9,115257.6,114579.5,115015.1,9100.963
2025-08-01 08:00:00+00:00,115015.1,115015.1,114055.6,114552.3,11106.016
2025-08-01 09:00:00+00:00,114552.3,115291.1,114495.9,114890.3,6779.132
2025-08-01 10:00:00+00:00,114890.4,115153.6,114633.1,114697.7,4419.786
2025-08-01 11:00:00+00:00,114697.8,115282.6,114543.2,115246.6,4284.448
2025-08-01 12:00:00+00:00,115246.5,115886.0,115083.7,115674.9,10406.269
2025-08-01 13:00:00+00:00,115674.9,115956.0,114121.0,114304.7,15360.16
2025-08-01 14:00:00+00:00,114304.7,115782.5,113871.1,115568.7,19416.085
2025-08-01 15:00:00+00:00,115568.7,115597.4,114625.9,115305.3,9618.253
2025-08-01 16:00:00+00:00,115305.3,115656.8,114769.2,114962.2,8504.396
2025-08-01 17:00:00+00:00,114962.2,115060.9,114300.0,114387.3,8673.89
2025-08-01 18:00:00+00:00,114387.2,114461.5,113632.4,113792.7,15088.794
2025-08-01 19:00:00+00:00,113792.7,113887.6,113173.7,113278.5,13821.336
2025-08-01 20:00:00+00:00,113278.4,113934.0,113113.0,113900.0,7747.18
2025-08-01 21:00:00+00:00,113900.1,114039.0,113617.9,113833.9,3829.7
2025-08-01 22:00:00+00:00,113834.0,113958.3,112660.0,113086.2,13460.53
2025-08-01 23:00:00+00:00,113086.3,113518.7,112850.7,113244.8,4946.743
2025-08-02 00:00:00+00:00,113244.8,113788.0,113145.0,113762.7,4502.157
2025-08-02 01:00:00+00:00,113762.6,113863.0,113357.1,113620.1,2536.665
2025-08-02 02:00:00+00:00,113620.0,113715.3,113466.1,113647.2,1782.853
2025-08-02 03:00:00+00:00,113647.2,113873.7,113647.2,113859.9,2205.4
2025-08-02 04:00:00+00:00,113860.0,114000.0,113766.3,113969.6,2648.155
2025-08-02 05:00:00+00:00,113969.6,113995.0,113790.2,113929.1,1933.173
2025-08-02 06:00:00+00:00,113929.1,113938.9,113415.8,113655.1,4429.015
2025-08-02 07:00:00+00:00,113655.0,113965.7,113509.0,113919.9,2927.983
2025-08-02 08:00:00+00:00,113920.0,113988.0,113605.5,113633.8,2953.558
2025-08-02 09:00:00+00:00,113633.8,113804.7,113520.0,113634.3,2113.884
2025-08-02 10:00:00+00:00,113634.4,113662.7,113370.0,113504.2,3065.645
2025-08-02 11:00:00+00:00,113504.1,113863.5,113401.0,113732.5,2085.748
2025-08-02 12:00:00+00:00,113732.6,113740.5,113519.1,113574.1,1394.751
2025-08-02 13:00:00+00:00,113574.1,113595.6,113168.0,113410.1,4365.794
2025-08-02 14:00:00+00:00,113410.1,113488.0,112877.0,113054.6,6073.972
2025-08-02 15:00:00+00:00,113054.5,113384.6,112769.2,112798.6,6659.876
2025-08-02 16:00:00+00:00,112798.6,113219.6,112674.7,113156.9,6845.943
2025-08-02 17:00:00+00:00,113156.9,113388.9,112507.9,112689.4,8326.992
2025-08-02 18:00:00+00:00,112689.4,112876.6,111990.0,112285.2,11577.854
2025-08-02 19:00:00+00:00,112285.1,112895.8,111910.0,112175.5,9586.285
2025-08-02 20:00:00+00:00,112175.5,112750.3,112007.9,112750.3,4865.122
2025-08-02 21:00:00+00:00,112750.2,113022.5,112506.2,112814.0,3606.922
2025-08-02 22:00:00+00:00,112814.1,112965.9,112497.7,112810.2,2268.362
2025-08-02 23:00:00+00:00,112810.3,112824.9,112233.3,112508.8,3703.339
2025-08-03 00:00:00+00:00,112508.8,112946.2,111850.0,112902.3,7621.422
2025-08-03 01:00:00+00:00,112902.3,113225.8,112780.6,113050.3,4125.562
2025-08-03 02:00:00+00:00,113050.4,113471.2,113040.2,113466.3,2952.589
2025-08-03 03:00:00+00:00,113466.3,113694.0,113380.5,113550.9,3262.197
2025-08-03 04:00:00+00:00,113550.9,113550.9,113285.7,113424.2,2317.75
2025-08-03 05:00:00+00:00,113424.3,113621.7,113362.5,113570.3,1613.072
2025-08-03 06:00:00+00:00,113570.4,113584.8,113417.2,113504.2,960.389
2025-08-03 07:00:00+00:00,113504.2,113676.4,113504.2,113647.2,1410.56
2025-08-03 08:00:00+00:00,113647.2,113749.7,113492.5,113640.8,2507.752
2025-08-03 09:00:00+00:00,113640.9,113672.0,113563.0,113612.4,1049.973
2025-08-03 10:00:00+00:00,113612.4,113848.0,113612.3,113846.0,1776.335
2025-08-03 11:00:00+00:00,113846.0,114200.0,113810.0,113810.1,5689.399
2025-08-03 12:00:00+00:00,113810.0,114049.8,113600.0,113957.0,3418.518
2025-08-03 13:00:00+00:00,113957.1,114040.0,113754.4,113896.9,1697.023
2025-08-03 14:00:00+00:00,113897.0,114017.3,113529.6,113732.2,3822.871
2025-08-03 15:00:00+00:00,113732.2,113922.2,113617.8,113904.3,1961.984
2025-08-03 16:00:00+00:00,113904.3,113987.4,113727.8,113950.1,1578.499
2025-08-03 17:00:00+00:00,113950.1,114125.2,113894.1,114068.9,1694.486
2025-08-03 18:00:00+00:00,114068.9,114420.5,114008.7,114328.4,3186.053
2025-08-03 19:00:00+00:00,114328.5,114730.0,114200.1,114259.0,4111.426
2025-08-03 20:00:00+00:00,114259.1,114418.9,114110.9,114370.2,1565.003
2025-08-03 21:00:00+00:00,114370.1,114469.4,114307.6,114378.8,1021.094
2025-08-03 22:00:00+00:00,114378.8,114567.3,114011.3,114264.8,2432.234
2025-08-03 23:00:00+00:00,114264.8,114459.7,114120.5,114150.8,1407.678
2025-08-04 00:00:00+00:00,114150.9,114890.0,114053.8,114856.6,4830.074
2025-08-04 01:00:00+00:00,114856.7,114963.4,114562.8,114637.8,3414.295
2025-08-04 02:00:00+00:00,114637.8,114843.5,114358.1,114754.9,2604.549
2025-08-04 03:00:00+00:00,114755.0,114760.2,114469.6,114520.2,1446.319
2025-08-04 04:00:00+00:00,114520.3,114605.8,114275.2,114336.6,2371.005
2025-08-04 05:00:00+00:00,114336.5,114384.6,114130.5,114335.6,2595.415
2025-08-04 06:00:00+00:00,114335.7,114447.2,114089.0,114372.1,2167.341
2025-08-04 07:00:00+00:00,114372.2,114739.3,114350.3,114607.0,2146.036
2025-08-04 08:00:00+00:00,114607.0,114715.0,114301.8,114493.4,2953.541
2025-08-04 09:00:00+00:00,114493.4,114700.0,114250.0,114273.0,1666.092
2025-08-04 10:00:00+00:00,114272.9,114459.9,114180.0,114201.7,1522.772
2025-08-04 11:00:00+00:00,114201.7,114476.7,114166.0,114450.0,1495.264
2025-08-04 12:00:00+00:00,114450.1,114499.0,114261.5,114395.3,1720.229
2025-08-04 13:00:00+00:00,114395.2,114879.2,114070.0,114870.1,7583.028
2025-08-04 14:00:00+00:00,114870.0,115431.6,114574.2,114686.6,14338.898
2025-08-04 15:00:00+00:00,114686.6,114981.6,114500.0,114766.3,3933.18
2025-08-04 16:00:00+00:00,114766.4,115384.6,114766.4,115253.3,6304.573
2025-08-04 17:00:00+00:00,115253.3,115686.0,115091.6,115149.9,6013.005
2025-08-04 18:00:00+00:00,115149.8,115270.8,114857.4,114907.3,2226.256
2025-08-04 19:00:00+00:00,114907.2,115082.3,114681.1,114724.0,2478.234
2025-08-04 20:00:00+00:00,114724.0,115042.6,114580.4,114754.9,3394.162
2025-08-04 21:00:00+00:00,114754.9,115222.0,114754.7,115066.3,2107.008
2025-08-04 22:00:00+00:00,115066.2,115284.2,115028.1,115284.1,1964.564
2025-08-04 23:00:00+00:00,115284.2,115299.0,114990.4,115002.1,2052.751
2025-08-05 00:00:00+00:00,115002.1,115073.3,114780.0,114837.5,2358.294
2025-08-05 01:00:00+00:00,114837.5,115006.5,114632.8,114668.3,1944.227
2025-08-05 02:00:00+00:00,114668.2,114789.3,114562.3,114683.1,1746.107
2025-08-05 03:00:00+00:00,114683.1,114700.0,114213.6,114215.0,4269.801
2025-08-05 04:00:00+00:00,114214.9,114392.6,114114.0,114287.8,3088.287
2025-08-05 05:00:00+00:00,114287.8,114450.0,114201.1,114373.8,2364.307
2025-08-05 06:00:00+00:00,114373.8,114468.1,114054.3,114135.0,3121.767
2025-08-05 07:00:00+00:00,114134.9,114359.7,113650.0,113924.7,8315.52
2025-08-05 08:00:00+00:00,113924.7,114492.0,113869.5,114239.8,4880.831
2025-08-05 09:00:00+00:00,114239.8,114783.8,114239.8,114649.7,3903.539
2025-08-05 10:00:00+00:00,114649.7,115057.0,114530.1,114799.6,4767.07
2025-08-05 11:00:00+00:00,114799.7,114934.4,114700.0,114782.0,1990.943
2025-08-05 12:00:00+00:00,114782.1,114860.1,113407.1,113897.0,11025.173
2025-08-05 13:00:00+00:00,113897.0,114530.0,113812.9,114322.6,6117.279
2025-08-05 14:00:00+00:00,114322.6,114341.9,112582.4,112975.6,22213.271
2025-08-05 15:00:00+00:00,112975.6,113192.0,112625.1,112871.8,9433.298
2025-08-05 16:00:00+00:00,112871.7,113318.4,112755.1,113120.0,5499.499
2025-08-05 17:00:00+00:00,113120.1,113641.2,113034.4,113579.7,4869.781
2025-08-05 18:00:00+00:00,113579.7,113613.5,113195.9,113595.9,2955.419
2025-08-05 19:00:00+00:00,113595.9,113731.7,113343.6,113573.1,2958.502
2025-08-05 20:00:00+00:00,113573.8,113948.0,113443.9,113655.8,3297.657
2025-08-05 21:00:00+00:00,113655.8,113833.0,113509.6,113544.0,1837.414
2025-08-05 22:00:00+00:00,113544.0,113944.6,113240.1,113910.0,3725.361
2025-08-05 23:00:00+00:00,113910.0,114178.4,113866.4,114069.6,2633.081
2025-08-06 00:00:00+00:00,114069.6,114091.3,113694.0,113834.5,2602.593
2025-08-06 01:00:00+00:00,113834.5,113893.7,113534.3,113777.3,2872.234
2025-08-06 02:00:00+00:00,113777.2,113789.1,113444.8,113588.7,1922.515
2025-08-06 03:00:00+00:00,113588.8,113621.8,113355.5,113470.1,1789.657
2025-08-06 04:00:00+00:00,113470.2,113547.6,113304.5,113385.7,2145.184
2025-08-06 05:00:00+00:00,113385.8,114390.2,113340.3,114114.8,7411.937
2025-08-06 06:00:00+00:00,114114.8,114159.3,113878.8,114042.2,2273.364
2025-08-06 07:00:00+00:00,114042.3,114259.1,113965.4,114179.2,2513.172
2025-08-06 08:00:00+00:00,114179.2,114213.6,113663.3,113900.1,3725.348
2025-08-06 09:00:00+00:00,113900.1,114337.1,113862.5,114049.6,3161.371
2025-08-06 10:00:00+00:00,114049.5,114187.2,113835.3,114019.2,2357.206
2025-08-06 11:00:00+00:00,114019.2,114372.7,113953.2,114188.0,2563.574
2025-08-06 12:00:00+00:00,114187.9,114289.3,113743.1,113872.7,3918.482
2025-08-06 13:00:00+00:00,113872.7,114364.7,113520.0,114218.6,8424.412
2025-08-06 14:00:00+00:00,114218.5,115179.2,113807.4,115142.7,12097.699
2025-08-06 15:00:00+00:00,115142.6,115488.0,114775.5,115366.3,13335.199
2025-08-06 16:00:00+00:00,115366.2,115438.3,114867.0,115088.5,7247.331
2025-08-06 17:00:00+00:00,115088.4,115475.2,114972.9,115465.6,3493.894
2025-08-06 18:00:00+00:00,115465.6,115674.2,115211.5,115378.8,5365.346
2025-08-06 19:00:00+00:00,115378.7,115484.0,115072.3,115215.1,2518.876
2025-08-06 20:00:00+00:00,115215.0,115228.5,114950.1,114989.5,1975.647
2025-08-06 21:00:00+00:00,114989.6,115183.3,114732.8,115010.5,2258.216
2025-08-06 22:00:00+00:00,115010.5,115166.6,114988.0,115046.4,1464.924
2025-08-06 23:00:00+00:00,115046.4,115065.6,114911.0,114941.0,1160.489
2025-08-07 00:00:00+00:00,114941.0,114970.2,114810.0,114847.2,1536.467
2025-08-07 01:00:00+00:00,114847.2,115144.0,114520.0,114703.6,3328.814
2025-08-07 02:00:00+00:00,114703.6,114828.7,114333.6,114507.2,3935.5
2025-08-07 03:00:00+00:00,114507.2,114578.5,114347.3,114500.8,2046.863
2025-08-07 04:00:00+00:00,114500.9,114615.3,114211.4,114308.5,2700.933
2025-08-07 05:00:00+00:00,114308.5,114530.0,114222.0,114530.0,2946.04
2025-08-07 06:00:00+00:00,114529.9,114749.9,114450.2,114603.0,2936.164
2025-08-07 07:00:00+00:00,114603.1,114834.4,114591.4,114751.1,2096.799
2025-08-07 08:00:00+00:00,114751.2,115149.7,114750.0,114913.3,4117.909
2025-08-07 09:00:00+00:00,114913.3,115040.7,114794.9,115020.4,2520.526
2025-08-07 10:00:00+00:00,115020.5,116386.6,114988.8,116291.4,23015.05
2025-08-07 11:00:00+00:00,116291.5,116782.6,116291.5,116469.1,11327.78
2025-08-07 12:00:00+00:00,116469.1,116547.1,115950.1,116323.8,7992.833
2025-08-07 13:00:00+00:00,116323.8,116740.3,116143.6,116590.7,6526.222
2025-08-07 14:00:00+00:00,116590.7,116631.6,116145.0,116313.2,6298.038
2025-08-07 15:00:00+00:00,116313.2,116747.6,116173.7,116634.6,4158.924
2025-08-07 16:00:00+00:00,116634.6,116711.8,115555.2,116199.2,9394.845
2025-08-07 17:00:00+00:00,116199.2,116518.2,116051.9,116451.2,4747.433
2025-08-07 18:00:00+00:00,116451.2,116537.8,116100.0,116504.6,4746.054
2025-08-07 19:00:00+00:00,116504.5,117487.2,116427.5,117407.6,12597.846
2025-08-07 20:00:00+00:00,117407.5,117450.0,117073.3,117120.4,5330.454
2025-08-07 21:00:00+00:00,117120.4,117299.8,116942.2,117029.9,2516.666
2025-08-07 22:00:00+00:00,117029.9,117580.0,117020.8,117500.1,5142.818
2025-08-07 23:00:00+00:00,117500.1,117523.5,117230.7,117419.9,2448.077
2025-08-08 00:00:00+00:00,117419.9,117591.8,116821.8,117216.5,7081.005
2025-08-08 01:00:00+00:00,117216.4,117216.5,116735.5,116843.0,4398.764
2025-08-08 02:00:00+00:00,116843.0,116879.2,116643.9,116655.6,2736.834
2025-08-08 03:00:00+00:00,116655.7,116942.3,116639.9,116692.2,3106.436
2025-08-08 04:00:00+00:00,116692.2,116823.6,116615.3,116700.0,1797.847
2025-08-08 05:00:00+00:00,116700.0,116702.0,116455.8,116484.0,2453.491
2025-08-08 06:00:00+00:00,116484.0,116713.9,116342.0,116686.1,3540.988
2025-08-08 07:00:00+00:00,116686.1,116917.1,116501.7,116772.0,3128.231
2025-08-08 08:00:00+00:00,116772.0,116880.0,116387.4,116570.4,3518.471
2025-08-08 09:00:00+00:00,116570.4,116682.9,116433.6,116628.9,1918.854
2025-08-08 10:00:00+00:00,116628.9,116677.3,116256.0,116496.6,2423.969
2025-08-08 11:00:00+00:00,116496.5,116864.0,116494.8,116840.5,2194.714
2025-08-08 12:00:00+00:00,116840.6,116840.6,116447.4,116450.4,2575.54
2025-08-08 13:00:00+00:00,116450.4,116910.6,116450.3,116862.8,4571.728
2025-08-08 14:00:00+00:00,116862.9,117229.9,116311.2,116441.7,9675.063
2025-08-08 15:00:00+00:00,116441.7,116502.4,115850.0,116162.0,8909.243
2025-08-08 16:00:00+00:00,116162.1,116331.9,115949.9,116151.9,4443.385
2025-08-08 17:00:00+00:00,116151.9,116666.0,116103.5,116665.9,4325.091
2025-08-08 18:00:00+00:00,116665.9,116863.9,116277.5,116460.5,6431.017
2025-08-08 19:00:00+00:00,116460.6,116663.6,116277.1,116384.4,2832.576
2025-08-08 20:00:00+00:00,116384.4,116850.1,116250.0,116850.1,2726.148
2025-08-08 21:00:00+00:00,116850.0,116930.0,116683.4,116883.0,2135.277
2025-08-08 22:00:00+00:00,116883.1,116941.5,116701.6,116833.7,1530.059
2025-08-08 23:00:00+00:00,116833.6,116870.0,116600.0,116628.2,1373.88
2025-08-09 00:00:00+00:00,116628.2,116703.6,116516.8,116542.8,1615.767
2025-08-09 01:00:00+00:00,116542.7,116608.8,116479.9,116517.0,959.608
2025-08-09 02:00:00+00:00,116517.0,116517.1,116336.2,116355.4,1455.585
2025-08-09 03:00:00+00:00,116355.4,116439.3,116304.0,116331.5,1681.989
2025-08-09 04:00:00+00:00,116331.6,116645.0,116309.0,116383.8,2883.349
2025-08-09 05:00:00+00:00,116383.9,116950.1,116361.0,116684.6,6909.549
2025-08-09 06:00:00+00:00,116684.6,116701.7,116484.3,116601.3,2894.888
2025-08-09 07:00:00+00:00,116601.4,116861.0,116576.4,116703.2,2246.963
2025-08-09 08:00:00+00:00,116703.3,117150.0,116700.0,117069.5,4325.635
2025-08-09 09:00:00+00:00,117069.4,117481.2,117000.0,117473.3,5714.779
2025-08-09 10:00:00+00:00,117473.3,117906.7,117325.0,117370.0,10212.018
2025-08-09 11:00:00+00:00,117369.9,117424.8,117010.0,117064.9,5292.184
2025-08-09 12:00:00+00:00,117065.0,117200.0,116942.5,117057.1,3237.768
2025-08-09 13:00:00+00:00,117057.0,117104.9,116821.1,116914.9,2813.608
2025-08-09 14:00:00+00:00,116914.9,116956.4,116700.0,116915.0,3080.283
2025-08-09 15:00:00+00:00,116914.9,117094.0,116600.0,116835.6,4812.354
2025-08-09 16:00:00+00:00,116835.5,116900.9,116581.4,116596.8,2275.313
2025-08-09 17:00:00+00:00,116596.8,116759.1,116555.7,116627.1,1798.798
2025-08-09 18:00:00+00:00,116627.0,116683.7,116503.1,116579.9,1844.918
2025-08-09 19:00:00+00:00,116579.9,116682.0,116458.1,116499.9,1674.173
2025-08-09 20:00:00+00:00,116499.9,117000.0,116457.7,116732.9,4349.136
2025-08-09 21:00:00+00:00,116732.9,116755.9,116350.0,116479.0,2758.105
2025-08-09 22:00:00+00:00,116479.0,116690.0,116445.0,116502.3,2061.66
2025-08-09 23:00:00+00:00,116502.3,116554.5,116382.5,116422.1,1026.104
2025-08-10 00:00:00+00:00,116422.1,116702.6,116413.2,116691.2,1520.796
2025-08-10 01:00:00+00:00,116691.2,116719.5,116502.9,116535.1,1840.201
2025-08-10 02:00:00+00:00,116535.0,117282.0,116535.0,117273.7,7697.008
2025-08-10 03:00:00+00:00,117273.6,118500.0,117201.3,118480.1,23887.869
2025-08-10 04:00:00+00:00,118480.0,118738.0,118338.8,118460.4,8586.837
2025-08-10 05:00:00+00:00,118460.4,118483.9,117837.0,117999.9,6947.455
2025-08-10 06:00:00+00:00,118000.0,118126.9,117690.3,118032.0,5635.36
2025-08-10 07:00:00+00:00,118032.0,118201.4,117342.0,117770.0,7897.001
2025-08-10 08:00:00+00:00,117770.0,118371.0,117568.9,118267.8,5778.628
2025-08-10 09:00:00+00:00,118267.8,118411.8,118080.5,118246.7,3256.389
2025-08-10 10:00:00+00:00,118246.7,118255.0,117966.9,117981.2,2408.374
2025-08-10 11:00:00+00:00,117981.1,118489.9,117891.1,118295.9,4596.847
2025-08-10 12:00:00+00:00,118295.9,118708.0,118192.6,118466.3,5683.435
2025-08-10 13:00:00+00:00,118466.3,118649.9,118318.7,118410.5,3552.594
2025-08-10 14:00:00+00:00,118410.6,118841.7,118272.0,118749.3,6313.139
2025-08-10 15:00:00+00:00,118749.3,119094.0,118520.0,118766.0,7318.88
2025-08-10 16:00:00+00:00,118766.0,118917.4,118595.5,118636.8,2906.395
2025-08-10 17:00:00+00:00,118636.8,118670.9,118421.2,118489.5,1768.461
2025-08-10 18:00:00+00:00,118489.6,118595.4,118395.8,118519.9,1074.161
2025-08-10 19:00:00+00:00,118519.9,118692.3,118431.6,118624.5,1534.117
2025-08-10 20:00:00+00:00,118624.6,118736.4,118010.0,118277.1,7336.563
2025-08-10 21:00:00+00:00,118277.1,118678.0,118044.7,118678.0,3318.425
2025-08-10 22:00:00+00:00,118678.0,119046.6,118573.7,119046.6,4363.032
2025-08-10 23:00:00+00:00,119046.7,119291.9,118812.8,119255.3,5109.812
2025-08-11 00:00:00+00:00,119255.3,119490.3,119058.4,119093.1,6068.075
2025-08-11 01:00:00+00:00,119093.0,120095.2,118950.0,120050.1,10130.613
2025-08-11 02:00:00+00:00,120050.0,121880.9,119888.3,121837.5,30829.941
2025-08-11 03:00:00+00:00,121837.5,122165.4,121539.0,121700.1,12509.573
2025-08-11 04:00:00+00:00,121700.1,122450.0,121601.0,122069.7,9130.714
2025-08-11 05:00:00+00:00,122069.8,122319.8,121793.5,122042.3,7402.456
2025-08-11 06:00:00+00:00,122042.3,122332.4,121937.5,122288.9,4492.424
2025-08-11 07:00:00+00:00,122289.0,122300.0,121432.3,121534.8,6781.249
2025-08-11 08:00:00+00:00,121534.9,121820.7,121166.8,121673.2,6494.852
2025-08-11 09:00:00+00:00,121673.2,121699.3,121090.4,121412.3,4726.34
2025-08-11 10:00:00+00:00,121412.4,121435.9,120948.0,121167.6,5257.188
2025-08-11 11:00:00+00:00,121167.6,121276.1,120267.3,120545.0,12397.869
2025-08-11 12:00:00+00:00,120545.0,120655.0,119500.0,119632.8,16920.93
2025-08-11 13:00:00+00:00,119632.8,120320.0,119345.0,119970.0,15896.655
2025-08-11 14:00:00+00:00,119969.9,120555.0,119754.8,120195.1,10152.176
2025-08-11 15:00:00+00:00,120195.0,120387.3,119800.0,120271.2,5143.33
2025-08-11 16:00:00+00:00,120271.2,120799.0,119864.7,119910.3,9562.407
2025-08-11 17:00:00+00:00,119910.0,120118.9,119418.9,119469.7,6348.471
2025-08-11 18:00:00+00:00,119469.7,119854.1,119201.6,119748.1,7454.753
2025-08-11 19:00:00+00:00,119748.0,119760.0,118499.0,119035.3,9630.827
2025-08-11 20:00:00+00:00,119035.2,119050.1,118527.4,118775.6,5342.354
2025-08-11 21:00:00+00:00,118775.6,119149.6,118050.0,118671.3,7839.443
2025-08-11 22:00:00+00:00,118671.3,118884.2,118230.7,118845.5,4121.77
2025-08-11 23:00:00+00:00,118845.6,118854.1,118537.1,118641.9,2453.844
2025-08-12 00:00:00+00:00,118641.8,119000.0,118551.7,118907.9,3911.879
2025-08-12 01:00:00+00:00,118907.9,119070.0,118718.1,118924.4,3341.356
2025-08-12 02:00:00+00:00,118924.5,119246.4,118776.0,119003.7,3114.009
2025-08-12 03:00:00+00:00,119003.7,119088.3,118702.4,118813.1,2932.898
2025-08-12 04:00:00+00:00,118813.2,119120.0,118759.6,119024.0,2465.18
2025-08-12 05:00:00+00:00,119024.0,119024.0,118377.2,118783.0,5330.843
2025-08-12 06:00:00+00:00,118783.1,118982.9,118552.4,118792.7,3602.252
2025-08-12 07:00:00+00:00,118792.7,119114.5,118792.7,118931.9,2901.738
2025-08-12 08:00:00+00:00,118931.9,119011.9,118691.4,118761.4,2342.817
2025-08-12 09:00:00+00:00,118761.3,118844.0,118340.5,118359.9,4115.8
2025-08-12 10:00:00+00:00,118360.0,118615.3,118154.3,118407.1,4387.115
2025-08-12 11:00:00+00:00,118407.1,118622.6,118157.4,118464.1,3152.919
2025-08-12 12:00:00+00:00,118464.2,119236.3,118234.8,119225.8,14629.138
2025-08-12 13:00:00+00:00,119225.8,119682.0,118557.5,118806.6,15525.203
2025-08-12 14:00:00+00:00,118806.6,119420.8,118712.6,119419.0,6499.184
2025-08-12 15:00:00+00:00,119418.9,119927.9,119262.4,119888.0,8481.132
2025-08-12 16:00:00+00:00,119888.0,120163.6,119458.0,119608.3,7648.655
2025-08-12 17:00:00+00:00,119608.3,119812.3,119124.5,119222.1,5735.583
2025-08-12 18:00:00+00:00,119222.2,120050.1,119202.2,119297.5,6499.026
2025-08-12 19:00:00+00:00,119297.4,119920.0,119238.6,119600.3,2945.396
2025-08-12 20:00:00+00:00,119600.3,120270.0,119430.0,120129.8,6911.731
2025-08-12 21:00:00+00:00,120129.8,120153.5,119730.1,119854.0,2737.174
2025-08-12 22:00:00+00:00,119854.1,120055.4,119585.4,120049.9,3017.776
2025-08-12 23:00:00+00:00,120049.9,120265.1,119855.0,120081.0,3479.751
2025-08-13 00:00:00+00:00,120080.9,120146.6,119547.8,119665.3,4639.35
2025-08-13 01:00:00+00:00,119665.3,119673.2,119300.0,119422.6,4547.073
2025-08-13 02:00:00+00:00,119422.5,119692.3,119028.0,119500.1,4571.295
2025-08-13 03:00:00+00:00,119500.1,119596.2,119261.7,119436.0,3101.731
2025-08-13 04:00:00+00:00,119436.0,119798.6,119278.3,119294.0,3887.253
2025-08-13 05:00:00+00:00,119294.0,119650.7,118829.0,119029.9,6384.329
2025-08-13 06:00:00+00:00,119029.9,119384.6,118894.2,119368.1,2904.792
2025-08-13 07:00:00+00:00,119368.1,119603.0,119258.2,119540.3,2856.517
2025-08-13 08:00:00+00:00,119540.3,120019.7,119408.8,120015.6,6090.07
2025-08-13 09:00:00+00:00,120015.6,120149.9,119756.0,120082.8,5036.73
2025-08-13 10:00:00+00:00,120082.7,120470.0,120014.2,120468.4,6835.636
2025-08-13 11:00:00+00:00,120468.5,120710.4,120397.1,120538.5,5718.269
2025-08-13 12:00:00+00:00,120538.4,120665.3,120176.0,120254.6,5541.847
2025-08-13 13:00:00+00:00,120254.6,122087.3,120066.1,121777.3,22477.15
2025-08-13 14:00:00+00:00,121777.3,122218.3,120730.0,120880.0,24999.905
2025-08-13 15:00:00+00:00,120880.0,121336.9,120262.8,120897.2,12425.253
2025-08-13 16:00:00+00:00,120897.3,121728.9,120897.3,121420.0,7915.404
2025-08-13 17:00:00+00:00,121420.0,121835.9,121394.9,121774.6,5036.522
2025-08-13 18:00:00+00:00,121774.6,121932.0,121363.6,121587.3,5909.968
2025-08-13 19:00:00+00:00,121587.3,122831.1,121461.4,122719.9,14102.069
2025-08-13 20:00:00+00:00,122720.0,122990.0,122440.0,122905.4,6600.586
2025-08-13 21:00:00+00:00,122905.5,123061.9,122314.1,122581.1,8051.601
2025-08-13 22:00:00+00:00,122581.0,123680.0,122576.1,122965.2,12823.757
2025-08-13 23:00:00+00:00,122965.3,123715.9,122917.5,123323.9,5616.766
2025-08-14 00:00:00+00:00,123323.9,124545.6,123272.1,123871.1,15446.684
2025-08-14 01:00:00+00:00,123871.0,123963.8,123355.0,123367.8,5631.646
2025-08-14 02:00:00+00:00,123367.7,123744.2,123288.5,123702.3,4380.936
2025-08-14 03:00:00+00:00,123702.2,123923.1,123330.8,123405.2,4126.339
2025-08-14 04:00:00+00:00,123405.1,123485.3,123050.0,123057.0,5787.646
2025-08-14 05:00:00+00:00,123057.0,123188.3,122092.6,122166.0,11896.24
2025-08-14 06:00:00+00:00,122166.0,122166.1,121318.5,121792.4,17441.966
2025-08-14 07:00:00+00:00,121792.3,122081.6,121550.0,121742.4,6606.478
2025-08-14 08:00:00+00:00,121742.3,122050.0,121551.0,121643.7,5382.273
2025-08-14 09:00:00+00:00,121643.7,121920.0,121514.5,121646.0,2929.235
2025-08-14 10:00:00+00:00,121646.1,121784.8,120767.8,120952.9,10373.257
2025-08-14 11:00:00+00:00,120952.9,121049.7,120657.6,120947.9,6688.019
2025-08-14 12:00:00+00:00,120947.8,121154.7,117410.0,118822.2,51401.157
2025-08-14 13:00:00+00:00,118822.2,119224.3,117673.5,118364.7,33074.104
2025-08-14 14:00:00+00:00,118364.7,119313.9,117907.2,118752.1,15662.781
2025-08-14 15:00:00+00:00,118752.1,118849.4,117811.9,118185.9,12266.56
2025-08-14 16:00:00+00:00,118185.9,118200.0,117339.9,117815.2,12513.085
2025-08-14 17:00:00+00:00,117815.2,118093.0,117437.8,117878.7,5394.77
2025-08-14 18:00:00+00:00,117878.7,118174.4,117004.0,118033.1,8124.177
2025-08-14 19:00:00+00:00,118033.1,118500.0,117850.0,117889.5,6852.806
2025-08-14 20:00:00+00:00,117889.4,118086.8,117666.6,117811.2,3763.83
2025-08-14 21:00:00+00:00,117811.3,118151.4,117255.0,117843.7,6998.792
2025-08-14 22:00:00+00:00,117843.6,118300.0,117577.7,118230.1,3828.493
2025-08-14 23:00:00+00:00,118230.1,118470.1,118175.9,118242.2,3230.296
2025-08-15 00:00:00+00:00,118242.2,118422.9,117970.7,118122.9,3903.937
2025-08-15 01:00:00+00:00,118122.9,118700.0,117971.2,118620.8,3930.128
2025-08-15 02:00:00+00:00,118620.7,118852.3,118524.0,118645.3,3351.389
2025-08-15 03:00:00+00:00,118645.2,119039.9,118544.3,118918.1,3471.609
2025-08-15 04:00:00+00:00,118918.1,119150.0,118720.9,118781.8,3258.146
2025-08-15 05:00:00+00:00,118781.8,118990.3,118569.7,118939.3,3576.225
2025-08-15 06:00:00+00:00,118939.2,119184.0,118822.8,119044.2,3178.199
2025-08-15 07:00:00+00:00,119044.1,119072.2,118701.0,118908.3,3263.76
2025-08-15 08:00:00+00:00,118908.4,119114.9,118818.9,118823.3,2480.251
2025-08-15 09:00:00+00:00,118823.3,119003.8,118550.0,118665.8,2958.981
2025-08-15 10:00:00+00:00,118665.8,118980.2,118665.8,118824.9,1707.955
2025-08-15 11:00:00+00:00,118825.0,119046.0,118824.9,118950.0,1769.118
2025-08-15 12:00:00+00:00,118950.1,119068.8,118440.7,118587.2,7499.251
2025-08-15 13:00:00+00:00,118587.1,118686.3,117688.3,117721.9,11320.123
2025-08-15 14:00:00+00:00,117723.2,118246.0,117197.3,117354.9,14466.186
2025-08-15 15:00:00+00:00,117354.9,117547.0,116750.0,117216.8,14795.987
2025-08-15 16:00:00+00:00,117216.8,117388.7,116736.3,117307.2,7363.367
2025-08-15 17:00:00+00:00,117307.2,117859.4,116932.4,117543.8,9738.806
2025-08-15 18:00:00+00:00,117543.9,117622.9,116980.0,117119.5,3322.287
2025-08-15 19:00:00+00:00,117119.5,117381.2,116812.0,116900.0,4233.553
2025-08-15 20:00:00+00:00,116900.0,117297.0,116820.5,117230.5,2690.717
2025-08-15 21:00:00+00:00,117230.4,117317.1,116943.2,117273.6,1866.938
2025-08-15 22:00:00+00:00,117273.6,117690.2,117255.0,117650.1,3182.917
2025-08-15 23:00:00+00:00,117650.2,117711.0,116971.3,117279.2,3212.527
2025-08-16 00:00:00+00:00,117279.1,117747.0,117162.6,117696.1,3768.18
2025-08-16 01:00:00+00:00,117696.1,117853.5,117578.4,117778.4,2734.635
2025-08-16 02:00:00+00:00,117778.5,117778.5,117384.7,117458.8,2377.04
2025-08-16 03:00:00+00:00,117458.9,117619.2,117337.2,117385.0,1592.532
2025-08-16 04:00:00+00:00,117385.0,117857.1,117369.6,117772.8,2691.792
2025-08-16 05:00:00+00:00,117772.8,117817.9,117473.5,117550.4,1724.432
2025-08-16 06:00:00+00:00,117550.4,117586.4,117226.8,117347.5,2554.867
2025-08-16 07:00:00+00:00,117347.4,117631.6,117296.4,117549.9,1907.497
2025-08-16 08:00:00+00:00,117550.0,117632.8,117446.8,117578.6,1188.964
2025-08-16 09:00:00+00:00,117578.5,117664.9,117250.0,117260.1,2117.187
2025-08-16 10:00:00+00:00,117260.1,117407.8,117089.7,117343.4,3357.652
2025-08-16 11:00:00+00:00,117343.3,117499.8,117312.8,117340.4,1533.234
2025-08-16 12:00:00+00:00,117340.5,117706.6,117268.5,117699.3,2688.798
2025-08-16 13:00:00+00:00,117699.3,117750.0,117538.3,117579.1,2178.634
2025-08-16 14:00:00+00:00,117579.1,117732.7,117500.0,117723.3,1543.801
2025-08-16 15:00:00+00:00,117723.3,117786.0,117557.3,117626.9,1378.692
2025-08-16 16:00:00+00:00,117627.0,117774.5,117626.9,117706.0,1378.512
2025-08-16 17:00:00+00:00,117705.9,117721.7,117620.5,117658.2,1665.244
2025-08-16 18:00:00+00:00,117658.2,117717.6,117588.7,117649.8,1119.704
2025-08-16 19:00:00+00:00,117649.9,117733.8,117611.6,117622.3,731.392
2025-08-16 20:00:00+00:00,117622.3,117673.9,117469.5,117606.7,1098.16
2025-08-16 21:00:00+00:00,117606.8,117606.8,117377.3,117399.7,888.048
2025-08-16 22:00:00+00:00,117399.8,117505.9,117137.4,117413.5,3321.348
2025-08-16 23:00:00+00:00,117413.5,117423.4,117227.5,117329.7,1134.075
2025-08-17 00:00:00+00:00,117329.8,117380.5,117191.5,117204.2,1293.03
2025-08-17 01:00:00+00:00,117204.1,117449.4,117121.6,117383.7,1668.698
2025-08-17 02:00:00+00:00,117383.8,117594.0,117330.1,117559.1,1438.498
2025-08-17 03:00:00+00:00,117559.0,117722.5,117459.0,117627.4,1331.708
2025-08-17 04:00:00+00:00,117627.3,118146.4,117627.3,118023.5,3705.463
2025-08-17 05:00:00+00:00,118023.5,118187.0,117938.4,117945.5,2993.536
2025-08-17 06:00:00+00:00,117945.6,118063.3,117850.0,117876.0,1298.203
2025-08-17 07:00:00+00:00,117876.0,117990.6,117789.4,117949.9,1442.313
2025-08-17 08:00:00+00:00,117950.0,118347.3,117865.0,118323.7,2669.793
2025-08-17 09:00:00+00:00,118323.7,118435.0,118165.4,118278.6,3215.76
2025-08-17 10:00:00+00:00,118278.5,118349.7,118119.4,118346.4,2226.151
2025-08-17 11:00:00+00:00,118346.3,118347.2,118201.0,118253.9,1154.235
2025-08-17 12:00:00+00:00,118254.0,118309.5,118066.7,118109.3,1440.422
2025-08-17 13:00:00+00:00,118109.3,118558.0,118010.0,118391.0,3171.5
2025-08-17 14:00:00+00:00,118391.0,118431.6,118088.3,118092.7,2088.586
2025-08-17 15:00:00+00:00,118092.6,118216.5,118072.0,118191.0,1182.691
2025-08-17 16:00:00+00:00,118191.0,118267.9,117636.3,117774.5,6912.317
2025-08-17 17:00:00+00:00,117774.4,117882.9,117581.8,117846.2,2204.432
2025-08-17 18:00:00+00:00,117846.3,117908.9,117245.0,117500.8,3479.365
2025-08-17 19:00:00+00:00,117501.1,117700.0,117407.3,117527.0,2437.361
2025-08-17 20:00:00+00:00,117527.0,117699.0,117455.6,117547.1,1219.595
2025-08-17 21:00:00+00:00,117547.2,117732.3,117546.7,117648.1,896.876
2025-08-17 22:00:00+00:00,117648.1,117945.0,117631.2,117898.5,2368.143
2025-08-17 23:00:00+00:00,117898.5,117921.8,117322.2,117353.8,2548.128
2025-08-18 00:00:00+00:00,117353.9,117499.4,116927.7,117244.6,5286.946
2025-08-18 01:00:00+00:00,117244.5,117358.7,116088.0,116214.0,15561.656
2025-08-18 02:00:00+00:00,116214.0,116278.7,115241.1,115394.8,16474.886
2025-08-18 03:00:00+00:00,115394.8,115580.3,114950.3,115264.9,9651.056
2025-08-18 04:00:00+00:00,115264.8,115478.1,115024.3,115414.7,4824.829
2025-08-18 05:00:00+00:00,115414.6,115640.4,114923.6,115640.1,5917.081
2025-08-18 06:00:00+00:00,115640.0,115684.5,114815.2,115200.1,8552.982
2025-08-18 07:00:00+00:00,115200.1,115426.0,115133.6,115153.2,3533.384
2025-08-18 08:00:00+00:00,115153.2,115342.5,115008.4,115087.7,3304.718
2025-08-18 09:00:00+00:00,115087.6,115103.6,114605.0,114999.9,9046.025
2025-08-18 10:00:00+00:00,115000.0,115222.0,114933.4,115010.7,3269.646
2025-08-18 11:00:00+00:00,115010.7,115084.3,114811.0,114900.0,2361.276
2025-08-18 12:00:00+00:00,114900.1,115475.0,114853.3,115475.0,4709.444
2025-08-18 13:00:00+00:00,115475.0,115688.0,114769.2,114790.8,9449.991
2025-08-18 14:00:00+00:00,114790.8,115597.8,114790.8,115592.4,6673.029
2025-08-18 15:00:00+00:00,115592.3,116137.8,115349.9,116099.4,7754.075
2025-08-18 16:00:00+00:00,116099.4,116304.3,115773.3,115911.3,7480.227
2025-08-18 17:00:00+00:00,115911.3,116761.0,115911.2,116371.1,6413.121
2025-08-18 18:00:00+00:00,116371.1,116531.7,116175.9,116428.8,2994.05
2025-08-18 19:00:00+00:00,116428.8,116590.0,116139.7,116273.4,2882.032
2025-08-18 20:00:00+00:00,116273.4,116488.0,115929.9,116364.8,2632.068
2025-08-18 21:00:00+00:00,116364.7,116636.0,116360.2,116609.9,1967.615
2025-08-18 22:00:00+00:00,116610.0,116938.7,116324.9,116342.2,3937.189
2025-08-18 23:00:00+00:00,116342.3,116523.5,116026.6,116183.6,2542.453
2025-08-19 00:00:00+00:00,116183.6,116524.6,115463.8,116519.3,7192.657
2025-08-19 01:00:00+00:00,116519.2,116687.7,115670.0,115760.6,4355.591
2025-08-19 02:00:00+00:00,115760.5,116012.8,115580.0,115709.9,2039.251
2025-08-19 03:00:00+00:00,115709.9,115727.3,114734.8,114756.6,8220.817
2025-08-19 04:00:00+00:00,114756.7,115333.0,114303.8,115256.3,8563.268
2025-08-19 05:00:00+00:00,115256.3,115430.0,114894.0,114926.0,4382.981
2025-08-19 06:00:00+00:00,114926.0,115182.7,114860.0,114963.3,2522.227
2025-08-19 07:00:00+00:00,114963.2,115008.9,114560.0,114928.7,4437.815
2025-08-19 08:00:00+00:00,114928.7,115266.9,114750.0,115144.9,3155.873
2025-08-19 09:00:00+00:00,115144.9,115450.0,115137.0,115281.5,3797.666
2025-08-19 10:00:00+00:00,115281.5,115543.8,115265.3,115347.6,2158.609
2025-08-19 11:00:00+00:00,115347.7,115608.5,115347.7,115461.0,2066.008
2025-08-19 12:00:00+00:00,115461.0,115574.9,115224.8,115555.0,2644.756
2025-08-19 13:00:00+00:00,115555.0,115847.4,114822.4,115151.3,10794.383
2025-08-19 14:00:00+00:00,115151.3,115325.2,113705.3,113827.3,19332.15
2025-08-19 15:00:00+00:00,113827.4,114134.8,113506.0,113730.0,11454.136
2025-08-19 16:00:00+00:00,113730.1,113844.0,113273.3,113338.9,8541.362
2025-08-19 17:00:00+00:00,113339.0,113534.7,113011.0,113459.8,7653.205
2025-08-19 18:00:00+00:00,113459.9,113459.9,112770.1,113013.1,5932.492
2025-08-19 19:00:00+00:00,113013.0,113490.3,112714.4,113078.3,7280.655
2025-08-19 20:00:00+00:00,113078.2,113524.5,112858.8,113517.6,4378.044
2025-08-19 21:00:00+00:00,113517.6,113523.0,113350.0,113365.0,1960.426
2025-08-19 22:00:00+00:00,113364.9,113391.1,113002.0,113119.2,3433.951
2025-08-19 23:00:00+00:00,113119.3,113145.6,112666.6,112824.2,4725.964
2025-08-20 00:00:00+00:00,112824.1,113272.3,112782.4,113150.3,4532.21
2025-08-20 01:00:00+00:00,113150.3,113353.9,112500.0,112963.1,8205.758
2025-08-20 02:00:00+00:00,112963.0,113440.2,112907.3,113386.8,5515.578
2025-08-20 03:00:00+00:00,113386.8,113599.4,113258.5,113465.4,3365.962
2025-08-20 04:00:00+00:00,113465.4,113639.0,113404.0,113579.2,2513.584
2025-08-20 05:00:00+00:00,113579.1,113732.8,113404.4,113671.7,2058.921
2025-08-20 06:00:00+00:00,113671.8,113695.8,113446.0,113609.6,2040.937
2025-08-20 07:00:00+00:00,113609.6,113805.5,113360.9,113436.7,2530.094
2025-08-20 08:00:00+00:00,113436.7,113978.0,113336.7,113954.2,4338.527
2025-08-20 09:00:00+00:00,113954.2,113954.2,113570.6,113650.1,2485.479
2025-08-20 10:00:00+00:00,113650.1,113834.0,113538.6,113745.5,2126.455
2025-08-20 11:00:00+00:00,113745.6,113823.6,113009.5,113627.5,6672.701
2025-08-20 12:00:00+00:00,113627.4,113908.3,113459.1,113611.3,4312.955
2025-08-20 13:00:00+00:00,113611.4,113611.4,112536.3,112632.7,10182.311
2025-08-20 14:00:00+00:00,112632.7,113816.5,112301.8,113413.4,16508.864
2025-08-20 15:00:00+00:00,113413.4,114279.3,113156.1,113297.0,14120.208
2025-08-20 16:00:00+00:00,113296.9,114285.7,113216.1,113797.2,9397.032
2025-08-20 17:00:00+00:00,113797.1,114411.0,113723.8,114150.0,4718.356
2025-08-20 18:00:00+00:00,114150.0,114237.7,113200.0,113435.4,7359.984
2025-08-20 19:00:00+00:00,113435.3,114280.0,113408.0,114216.3,6202.648
2025-08-20 20:00:00+00:00,114216.3,114339.2,113941.9,114330.9,2718.752
2025-08-20 21:00:00+00:00,114330.9,114440.0,113942.8,114297.2,3264.18
2025-08-20 22:00:00+00:00,114297.3,114569.0,114145.5,114527.6,3331.673
2025-08-20 23:00:00+00:00,114527.5,114547.4,114157.8,114220.5,2019.201
2025-08-21 00:00:00+00:00,114220.5,114461.5,113960.3,114242.1,3273.378
2025-08-21 01:00:00+00:00,114242.1,114703.5,113901.1,114684.0,3563.868
2025-08-21 02:00:00+00:00,114684.0,114777.0,113843.7,113997.2,4351.517
2025-08-21 03:00:00+00:00,113997.2,114490.0,113903.0,113912.1,2640.31
2025-08-21 04:00:00+00:00,113912.0,113997.1,113746.0,113757.3,2214.735
2025-08-21 05:00:00+00:00,113757.4,113973.9,113585.5,113934.7,2846.967
2025-08-21 06:00:00+00:00,113934.8,113934.8,113562.2,113750.1,2545.143
2025-08-21 07:00:00+00:00,113750.0,113888.0,113520.0,113836.8,2314.417
2025-08-21 08:00:00+00:00,113836.8,113947.4,113535.8,113535.8,1834.26
2025-08-21 09:00:00+00:00,113535.8,113578.8,113259.0,113332.5,4252.975
2025-08-21 10:00:00+00:00,113332.5,113433.3,113180.0,113296.7,2659.603
2025-08-21 11:00:00+00:00,113296.6,113508.8,112924.6,113100.2,4077.962
2025-08-21 12:00:00+00:00,113100.0,113370.0,112902.5,113055.9,4222.36
2025-08-21 13:00:00+00:00,113055.8,113672.6,113002.4,113450.0,6809.278
2025-08-21 14:00:00+00:00,113450.0,113936.0,112848.1,113232.0,8335.173
2025-08-21 15:00:00+00:00,113231.9,113346.0,112545.4,112748.9,7958.046
2025-08-21 16:00:00+00:00,112748.8,112940.6,112271.1,112350.8,5768.061
2025-08-21 17:00:00+00:00,112350.8,112563.1,112157.2,112375.9,6098.903
2025-08-21 18:00:00+00:00,112376.0,112624.2,112159.6,112553.2,3625.716
2025-08-21 19:00:00+00:00,112553.2,112688.3,111944.0,112152.8,5517.453
2025-08-21 20:00:00+00:00,112152.8,112833.3,112010.0,112400.0,4643.601
2025-08-21 21:00:00+00:00,112400.1,112700.0,112050.0,112581.7,3644.408
2025-08-21 22:00:00+00:00,112581.8,112692.2,112360.0,112453.6,1456.061
2025-08-21 23:00:00+00:00,112453.6,112462.2,112210.3,112462.2,1752.161
2025-08-22 00:00:00+00:00,112462.2,112799.0,112436.4,112590.7,3545.668
2025-08-22 01:00:00+00:00,112590.7,112880.4,112273.2,112791.1,2660.916
2025-08-22 02:00:00+00:00,112791.1,113485.9,112734.4,113111.9,6588.822
2025-08-22 03:00:00+00:00,113111.8,113398.8,112833.4,112889.9,3022.736
2025-08-22 04:00:00+00:00,112890.0,113219.0,112655.5,112805.2,3214.344
2025-08-22 05:00:00+00:00,112805.1,113244.0,112800.0,113197.1,3277.111
2025-08-22 06:00:00+00:00,113197.2,113350.2,112787.1,112946.8,3868.206
2025-08-22 07:00:00+00:00,112946.9,113205.7,112900.0,113040.1,2487.905
2025-08-22 08:00:00+00:00,113040.0,113273.9,112900.0,112936.5,2556.628
2025-08-22 09:00:00+00:00,112936.5,113093.0,112757.0,113009.9,2750.142
2025-08-22 10:00:00+00:00,113010.0,113025.3,112473.4,112488.9,3207.573
2025-08-22 11:00:00+00:00,112489.0,112587.9,112130.3,112272.8,4562.247
2025-08-22 12:00:00+00:00,112272.9,112760.4,111625.9,112299.9,16807.91
2025-08-22 13:00:00+00:00,112300.0,112631.6,111888.0,112434.1,9822.971
2025-08-22 14:00:00+00:00,112434.0,116099.9,112413.5,115744.5,61339.981
2025-08-22 15:00:00+00:00,115744.5,117266.9,115744.5,116319.3,22214.358
2025-08-22 16:00:00+00:00,116319.4,116732.6,116046.5,116105.8,13488.063
2025-08-22 17:00:00+00:00,116105.7,116985.0,116105.7,116972.9,10078.239
2025-08-22 18:00:00+00:00,116972.8,117397.4,116690.5,116758.1,8121.571
2025-08-22 19:00:00+00:00,116758.1,116875.6,116470.9,116625.5,3863.522
2025-08-22 20:00:00+00:00,116625.4,117116.7,116533.4,117015.7,3582.658
2025-08-22 21:00:00+00:00,117015.7,117140.6,116778.6,116978.4,2962.565
2025-08-22 22:00:00+00:00,116978.4,117000.0,116510.0,116714.2,3779.288
2025-08-22 23:00:00+00:00,116714.1,116901.0,116633.1,116897.5,1644.553
2025-08-23 00:00:00+00:00,116897.5,116988.0,116679.9,116826.1,2475.611
2025-08-23 01:00:00+00:00,116826.0,116832.9,116239.8,116400.0,4015.862
2025-08-23 02:00:00+00:00,116399.9,116510.7,115434.8,115892.1,10138.385
2025-08-23 03:00:00+00:00,115892.0,116002.5,115414.3,115522.5,5203.49
2025-08-23 04:00:00+00:00,115522.6,115950.1,115504.6,115890.8,3431.215
2025-08-23 05:00:00+00:00,115890.8,116015.3,115766.3,115920.0,2687.059
2025-08-23 06:00:00+00:00,115919.9,115989.3,115655.7,115750.1,2389.528
2025-08-23 07:00:00+00:00,115750.2,115888.2,115634.1,115769.9,2096.731
2025-08-23 08:00:00+00:00,115770.0,115840.4,115575.0,115713.7,2028.076
2025-08-23 09:00:00+00:00,115713.6,115757.5,115570.0,115740.5,2144.99
2025-08-23 10:00:00+00:00,115740.5,115750.2,115540.1,115540.1,2088.77
2025-08-23 11:00:00+00:00,115540.2,115588.0,115180.0,115266.7,3498.127
2025-08-23 12:00:00+00:00,115266.8,115450.0,115138.5,115175.8,3750.092
2025-08-23 13:00:00+00:00,115175.8,115175.9,114691.3,114817.2,9220.356
2025-08-23 14:00:00+00:00,114817.3,115042.3,114557.5,114578.0,5877.808
2025-08-23 15:00:00+00:00,114578.1,114905.9,114510.0,114776.5,3849.289
2025-08-23 16:00:00+00:00,114776.4,115065.1,114648.7,114967.8,3291.794
2025-08-23 17:00:00+00:00,114967.9,115136.0,114906.0,115049.9,2094.54
2025-08-23 18:00:00+00:00,115050.0,115166.5,115004.0,115111.5,1468.782
2025-08-23 19:00:00+00:00,115111.4,115140.9,115005.2,115104.9,1103.197
2025-08-23 20:00:00+00:00,115104.9,115299.9,115070.7,115281.1,1537.726
2025-08-23 21:00:00+00:00,115281.1,115281.1,114957.7,114979.2,1505.858
2025-08-23 22:00:00+00:00,114979.3,115270.0,114979.2,115270.0,1049.244
2025-08-23 23:00:00+00:00,115270.0,115380.0,115200.0,115377.1,1472.885
2025-08-24 00:00:00+00:00,115377.1,115520.2,115262.4,115335.0,2607.348
2025-08-24 01:00:00+00:00,115335.0,115548.0,115133.2,115431.7,2507.52
2025-08-24 02:00:00+00:00,115431.7,115640.0,114957.2,114969.9,4029.486
2025-08-24 03:00:00+00:00,114970.0,115133.5,114902.0,115006.5,2711.485
2025-08-24 04:00:00+00:00,115006.5,115264.4,115006.5,115140.0,1892.253
2025-08-24 05:00:00+00:00,115140.0,115186.3,114900.7,114970.9,1893.228
2025-08-24 06:00:00+00:00,114970.9,115038.4,114814.2,114835.3,2489.704
2025-08-24 07:00:00+00:00,114835.2,115100.0,114827.5,114854.8,2015.534
2025-08-24 08:00:00+00:00,114854.9,114952.6,114715.5,114811.4,2946.048
2025-08-24 09:00:00+00:00,114811.4,115033.4,114638.9,114823.3,2150.328
2025-08-24 10:00:00+00:00,114823.4,114928.6,114574.1,114755.6,3026.981
2025-08-24 11:00:00+00:00,114755.5,114868.5,114599.9,114702.0,2008.611
2025-08-24 12:00:00+00:00,114701.9,114804.1,114560.5,114647.2,1670.771
2025-08-24 13:00:00+00:00,114647.2,114843.5,114526.2,114534.9,2791.252
2025-08-24 14:00:00+00:00,114535.0,114640.5,114324.9,114489.8,5204.054
2025-08-24 15:00:00+00:00,114489.8,114845.0,114370.5,114372.6,4537.24
2025-08-24 16:00:00+00:00,114372.7,114528.9,114222.0,114253.9,3654.65
2025-08-24 17:00:00+00:00,114253.8,114571.1,114216.1,114403.4,3822.768
2025-08-24 18:00:00+00:00,114403.4,114914.8,114283.0,114606.9,5393.657
2025-08-24 19:00:00+00:00,114606.8,114780.7,110484.0,112556.4,46044.129
2025-08-24 20:00:00+00:00,112556.4,112968.0,111555.0,112740.0,14176.098
2025-08-24 21:00:00+00:00,112739.9,113373.1,112324.1,112947.2,5320.445
2025-08-24 22:00:00+00:00,112947.2,113456.0,112561.1,113400.6,6446.352
2025-08-24 23:00:00+00:00,113400.6,113646.5,113312.7,113446.3,4048.06
2025-08-25 00:00:00+00:00,113446.2,113472.7,112100.2,112598.8,10255.147
2025-08-25 01:00:00+00:00,112598.8,113096.0,112560.1,113028.9,4113.684
2025-08-25 02:00:00+00:00,113028.9,113588.8,113023.3,113366.4,4070.601
2025-08-25 03:00:00+00:00,113366.3,113621.3,112793.5,112867.7,3925.745
2025-08-25 04:00:00+00:00,112867.8,113022.9,112566.0,112727.6,4599.788
2025-08-25 05:00:00+00:00,112727.6,112827.1,112297.3,112297.3,3440.396
2025-08-25 06:00:00+00:00,112297.3,112435.1,111722.0,111900.9,7859.818
2025-08-25 07:00:00+00:00,111900.9,112123.6,111245.9,111469.7,10647.557
2025-08-25 08:00:00+00:00,111469.7,111786.4,110893.6,111362.1,9709.704
2025-08-25 09:00:00+00:00,111362.1,111789.9,111215.3,111747.6,5598.224
2025-08-25 10:00:00+00:00,111747.6,111757.6,110903.2,110958.8,7318.296
2025-08-25 11:00:00+00:00,110958.9,111249.9,110891.0,111183.7,4411.156
2025-08-25 12:00:00+00:00,111183.7,111653.0,111037.0,111541.5,6244.63
2025-08-25 13:00:00+00:00,111540.7,111714.0,110532.2,111449.8,14571.739
2025-08-25 14:00:00+00:00,111449.7,112258.0,111268.5,112212.5,12719.467
2025-08-25 15:00:00+00:00,112213.1,112533.2,111772.4,112142.2,8133.993
2025-08-25 16:00:00+00:00,112142.2,112897.7,111948.8,112446.1,7519.916
2025-08-25 17:00:00+00:00,112446.1,112764.6,112100.0,112387.4,6354.139
2025-08-25 18:00:00+00:00,112387.4,112580.0,112194.5,112355.2,3212.288
2025-08-25 19:00:00+00:00,112355.3,112391.3,110601.7,110650.4,13392.982
2025-08-25 20:00:00+00:00,110650.4,111050.0,109321.0,109501.1,34769.038
2025-08-25 21:00:00+00:00,109501.1,110242.0,109219.8,109839.5,12475.28
2025-08-25 22:00:00+00:00,109839.8,110543.0,109839.8,110096.9,5542.562
2025-08-25 23:00:00+00:00,110096.8,110222.0,109730.0,110064.0,3953.635
2025-08-26 00:00:00+00:00,110064.1,110064.1,108858.8,109049.6,16371.968
2025-08-26 01:00:00+00:00,109049.5,109873.0,108559.7,109850.0,9878.116
2025-08-26 02:00:00+00:00,109850.1,109965.0,109454.2,109668.8,3787.012
2025-08-26 03:00:00+00:00,109668.7,109888.8,109382.0,109825.0,2702.249
2025-08-26 04:00:00+00:00,109825.1,110188.4,109825.1,110041.0,3639.405
2025-08-26 05:00:00+00:00,110041.1,110320.1,110026.9,110141.3,2568.338
2025-08-26 06:00:00+00:00,110141.2,110287.5,109846.1,109949.4,3074.92
2025-08-26 07:00:00+00:00,109949.3,110508.5,109711.0,110244.2,5289.209
2025-08-26 08:00:00+00:00,110244.2,110405.6,109943.1,110047.5,3101.505
2025-08-26 09:00:00+00:00,110047.6,110365.6,109976.9,110108.6,1997.398
2025-08-26 10:00:00+00:00,110108.6,110366.8,110015.0,110169.0,2638.821
2025-08-26 11:00:00+00:00,110169.0,110180.6,109529.5,109842.2,5695.383
2025-08-26 12:00:00+00:00,109842.2,110817.5,109572.7,110172.5,12234.177
2025-08-26 13:00:00+00:00,110172.4,110235.6,109350.0,110051.2,12191.511
2025-08-26 14:00:00+00:00,110051.2,110515.1,109750.0,110323.9,7928.985
2025-08-26 15:00:00+00:00,110323.9,110525.4,109499.9,109624.6,8559.83
2025-08-26 16:00:00+00:00,109624.6,110129.7,109400.0,110129.6,4836.847
2025-08-26 17:00:00+00:00,110129.6,110174.4,109548.0,109950.0,3707.733
2025-08-26 18:00:00+00:00,109950.0,110939.2,109924.6,110650.0,6409.061
2025-08-26 19:00:00+00:00,110650.0,111106.5,110447.1,111053.5,6571.972
2025-08-26 20:00:00+00:00,111053.5,111311.0,110855.0,111258.6,4689.154
2025-08-26 21:00:00+00:00,111258.5,111537.4,111052.5,111530.3,3074.919
2025-08-26 22:00:00+00:00,111530.3,111877.1,111501.6,111848.1,5696.817
2025-08-26 23:00:00+00:00,111848.0,112330.0,111674.8,111709.9,8396.108
2025-08-27 00:00:00+00:00,111710.0,111765.6,111281.3,111307.7,4875.293
2025-08-27 01:00:00+00:00,111307.8,111432.3,111053.3,111249.5,2903.421
2025-08-27 02:00:00+00:00,111249.6,111427.0,111057.5,111084.4,2898.464
2025-08-27 03:00:00+00:00,111084.5,111678.3,110867.1,111373.7,4698.057
2025-08-27 04:00:00+00:00,111373.8,111700.4,111359.0,111521.3,2675.52
2025-08-27 05:00:00+00:00,111521.3,111628.1,111275.0,111316.8,2553.71
2025-08-27 06:00:00+00:00,111316.8,111326.2,110969.6,110994.2,2478.129
2025-08-27 07:00:00+00:00,110994.3,111096.4,110586.5,110688.0,4081.238
2025-08-27 08:00:00+00:00,110688.0,110800.0,110306.9,110705.2,4512.588
2025-08-27 09:00:00+00:00,110705.1,111076.9,110669.2,110763.9,3589.424
2025-08-27 10:00:00+00:00,110763.9,111232.0,110763.9,110928.5,2554.555
2025-08-27 11:00:00+00:00,110928.5,111328.9,110928.5,111270.8,2155.781
2025-08-27 12:00:00+00:00,111270.7,111351.7,110958.2,111288.4,2726.53
2025-08-27 13:00:00+00:00,111288.5,111845.2,110958.3,111434.3,8263.819
2025-08-27 14:00:00+00:00,111434.4,112568.5,111211.1,111758.0,13591.516
2025-08-27 15:00:00+00:00,111757.9,112037.2,111455.7,111965.1,4981.062
2025-08-27 16:00:00+00:00,111965.0,112198.8,111489.8,112062.0,4689.676
2025-08-27 17:00:00+00:00,112062.0,112400.0,111837.2,112286.2,3643.528
2025-08-27 18:00:00+00:00,112286.3,112550.0,111863.0,111890.3,4383.631
2025-08-27 19:00:00+00:00,111890.4,112174.0,111502.0,112032.8,5457.712
2025-08-27 20:00:00+00:00,112032.9,112368.6,110854.4,112363.1,15454.782
2025-08-27 21:00:00+00:00,112363.2,112401.5,111322.7,111480.7,4561.708
2025-08-27 22:00:00+00:00,111480.7,111551.7,111003.3,111355.1,3655.831
2025-08-27 23:00:00+00:00,111355.1,111491.2,111039.9,111194.9,2819.147
2025-08-28 00:00:00+00:00,111194.9,111493.0,110811.0,111287.0,5038.38
2025-08-28 01:00:00+00:00,111286.9,111674.5,111282.7,111600.1,2555.111
2025-08-28 02:00:00+00:00,111600.1,111719.8,111389.9,111442.4,1615.089
2025-08-28 03:00:00+00:00,111442.3,111993.0,111352.3,111954.1,2459.328
2025-08-28 04:00:00+00:00,111954.0,113049.0,111892.4,112931.2,8843.823
2025-08-28 05:00:00+00:00,112931.1,113144.7,112659.3,112807.9,5278.688
2025-08-28 06:00:00+00:00,112807.8,113240.3,112664.3,113160.3,4788.236
2025-08-28 07:00:00+00:00,113160.2,113318.2,112958.7,113079.2,4176.6
2025-08-28 08:00:00+00:00,113079.3,113301.6,112959.3,113072.0,3720.444
2025-08-28 09:00:00+00:00,113071.9,113088.0,112806.9,112819.9,2650.895
2025-08-28 10:00:00+00:00,112819.9,113075.6,112780.3,113075.5,2460.203
2025-08-28 11:00:00+00:00,113075.6,113107.8,112800.0,112876.5,1678.404
2025-08-28 12:00:00+00:00,112876.5,113285.8,112728.9,113187.6,4213.878
2025-08-28 13:00:00+00:00,113187.7,113429.0,112525.0,112787.1,9104.771
2025-08-28 14:00:00+00:00,112787.2,113270.4,112468.5,113115.5,6726.131
2025-08-28 15:00:00+00:00,113115.6,113218.2,112344.4,112633.1,6194.729
2025-08-28 16:00:00+00:00,112633.1,113153.1,112274.4,112283.2,5293.409
2025-08-28 17:00:00+00:00,112283.2,112578.1,112160.0,112338.8,4331.444
2025-08-28 18:00:00+00:00,112338.7,112662.3,112176.2,112318.2,2763.228
2025-08-28 19:00:00+00:00,112318.3,112530.4,111853.6,111864.7,4756.868
2025-08-28 20:00:00+00:00,111864.8,112075.0,111829.4,111850.0,2851.62
2025-08-28 21:00:00+00:00,111850.0,112092.3,111848.0,111965.1,1698.54
2025-08-28 22:00:00+00:00,111965.0,112461.5,111965.0,112292.0,2537.115
2025-08-28 23:00:00+00:00,112292.0,112519.1,112247.4,112507.3,1893.343
2025-08-29 00:00:00+00:00,112507.3,112585.7,112072.7,112160.8,3105.224
2025-08-29 01:00:00+00:00,112160.7,112227.3,111350.1,111425.0,7576.546
2025-08-29 02:00:00+00:00,111425.0,111720.0,111311.0,111370.1,3449.946
2025-08-29 03:00:00+00:00,111370.0,111772.0,111238.5,111648.6,3118.148
2025-08-29 04:00:00+00:00,111648.6,111797.2,111365.8,111456.8,2253.636
2025-08-29 05:00:00+00:00,111456.8,111538.4,111088.5,111265.8,3484.108
2025-08-29 06:00:00+00:00,111265.8,111361.4,110850.0,111223.9,5341.963
2025-08-29 07:00:00+00:00,111224.0,111238.8,109850.0,109969.0,14047.291
2025-08-29 08:00:00+00:00,109969.0,110254.9,109555.5,109579.7,9815.88
2025-08-29 09:00:00+00:00,109579.8,109868.3,109360.0,109710.6,6309.969
2025-08-29 10:00:00+00:00,109710.7,109983.9,109687.8,109949.8,3577.275
2025-08-29 11:00:00+00:00,109949.8,110115.0,109776.9,110047.8,3664.479
2025-08-29 12:00:00+00:00,110047.8,111489.5,110020.6,110667.7,16788.119
2025-08-29 13:00:00+00:00,110667.6,110728.8,108808.1,109056.4,17563.851
2025-08-29 14:00:00+00:00,109056.5,109490.5,108034.1,108154.5,25046.696
2025-08-29 15:00:00+00:00,108154.4,108666.0,108125.0,108334.4,11599.154
2025-08-29 16:00:00+00:00,108334.4,108777.0,108088.0,108648.0,6306.05
2025-08-29 17:00:00+00:00,108648.0,108674.6,108108.0,108411.5,4232.478
2025-08-29 18:00:00+00:00,108411.5,108459.9,108045.0,108092.5,4390.586
2025-08-29 19:00:00+00:00,108092.4,108697.7,107869.6,108155.5,6435.097
2025-08-29 20:00:00+00:00,108155.5,108213.5,107468.1,107742.6,10505.606
2025-08-29 21:00:00+00:00,107742.5,108430.3,107411.4,108393.4,6593.386
2025-08-29 22:00:00+00:00,108393.4,108433.4,108160.0,108337.5,2194.471
2025-08-29 23:00:00+00:00,108337.5,108513.0,108288.3,108332.4,2325.213
2025-08-30 00:00:00+00:00,108332.4,108377.2,108101.9,108259.4,2632.359
2025-08-30 01:00:00+00:00,108259.4,108318.1,107281.0,107404.9,4855.708
2025-08-30 02:00:00+00:00,107405.0,107910.7,107340.6,107738.3,3985.505
2025-08-30 03:00:00+00:00,107738.2,108378.0,107723.7,108367.9,4924.737
2025-08-30 04:00:00+00:00,108368.0,108615.3,108316.4,108373.8,3909.357
2025-08-30 05:00:00+00:00,108373.8,108424.4,108082.4,108300.1,3069.33
2025-08-30 06:00:00+00:00,108300.1,108515.9,108172.2,108276.0,2291.122
2025-08-30 07:00:00+00:00,108275.9,108467.8,108067.5,108466.6,2196.956
2025-08-30 08:00:00+00:00,108466.6,108742.9,108431.9,108521.8,3777.432
2025-08-30 09:00:00+00:00,108521.7,108561.8,108419.2,108476.0,1270.783
2025-08-30 10:00:00+00:00,108476.1,108660.1,108359.6,108380.8,2681.36
2025-08-30 11:00:00+00:00,108380.9,108668.8,108374.5,108638.6,1431.176
2025-08-30 12:00:00+00:00,108638.6,108638.7,108289.0,108563.9,3107.293
2025-08-30 13:00:00+00:00,108563.9,108564.0,108155.0,108492.3,4161.91
2025-08-30 14:00:00+00:00,108492.2,108678.9,108358.1,108607.2,2247.144
2025-08-30 15:00:00+00:00,108607.1,108879.6,108495.8,108809.8,3878.123
2025-08-30 16:00:00+00:00,108809.8,108830.0,108619.3,108762.1,1552.064
2025-08-30 17:00:00+00:00,108762.1,108849.0,108562.0,108729.0,1751.45
2025-08-30 18:00:00+00:00,108728.9,108787.3,108567.5,108684.7,1197.747
2025-08-30 19:00:00+00:00,108684.7,108851.0,108594.2,108769.4,966.414
2025-08-30 20:00:00+00:00,108769.5,108776.1,108526.5,108596.4,1144.302
2025-08-30 21:00:00+00:00,108596.3,108631.7,108430.0,108528.4,1503.281
2025-08-30 22:00:00+00:00,108528.4,108535.6,108412.2,108473.5,969.791
2025-08-30 23:00:00+00:00,108473.6,108758.0,108470.0,108757.9,1151.539
2025-08-31 00:00:00+00:00,108758.0,109355.0,108750.0,109339.9,5626.584
2025-08-31 01:00:00+00:00,109339.9,109439.9,109085.6,109380.0,3636.012
2025-08-31 02:00:00+00:00,109380.0,109395.0,109121.7,109171.6,1795.748
2025-08-31 03:00:00+00:00,109171.6,109331.3,109101.2,109175.4,2706.752
2025-08-31 04:00:00+00:00,109175.5,109190.4,108628.0,108775.0,3740.606
2025-08-31 05:00:00+00:00,108774.9,108775.0,108514.2,108708.0,2825.852
2025-08-31 06:00:00+00:00,108707.9,108731.4,108455.0,108667.9,1977.912
2025-08-31 07:00:00+00:00,108667.8,108781.1,108615.3,108656.9,961.745
2025-08-31 08:00:00+00:00,108656.9,108980.0,108656.8,108965.1,1672.056
2025-08-31 09:00:00+00:00,108965.1,109067.2,108404.7,108471.0,3658.515
2025-08-31 10:00:00+00:00,108471.1,108595.0,108251.3,108526.6,4949.458
2025-08-31 11:00:00+00:00,108526.6,108560.1,108274.4,108350.0,2512.931
2025-08-31 12:00:00+00:00,108350.0,108450.0,108264.8,108279.4,2601.526
2025-08-31 13:00:00+00:00,108279.5,108419.0,108153.8,108376.0,2843.76
2025-08-31 14:00:00+00:00,108375.9,108475.3,108210.7,108422.6,2053.805
2025-08-31 15:00:00+00:00,108422.6,108808.5,108412.7,108758.2,3381.824
2025-08-31 16:00:00+00:00,108758.2,108930.0,108504.7,108867.0,4970.956
2025-08-31 17:00:00+00:00,108867.0,108948.1,108796.3,108945.0,1638.952
2025-08-31 18:00:00+00:00,108945.0,109196.5,108873.0,109089.0,2516.142
2025-08-31 19:00:00+00:00,109089.0,109112.3,108857.1,108877.2,1355.051
2025-08-31 20:00:00+00:00,108877.3,109079.3,108821.8,109079.3,1463.096
2025-08-31 21:00:00+00:00,109079.2,109079.2,108896.3,108986.4,1230.768
2025-08-31 22:00:00+00:00,108986.5,109192.3,108700.0,108842.4,2434.29
2025-08-31 23:00:00+00:00,108842.3,108866.7,108021.0,108208.4,7595.205
2025-09-01 00:00:00+00:00,108208.4,108372.5,107588.0,108180.1,9992.787
2025-09-01 01:00:00+00:00,108180.0,108447.6,107917.3,108110.0,4174.048
2025-09-01 02:00:00+00:00,108110.0,108160.0,107380.0,107590.4,6648.561
2025-09-01 03:00:00+00:00,107590.5,107741.7,107355.0,107619.1,4253.394
2025-09-01 04:00:00+00:00,107619.1,107721.3,107230.7,107369.2,4612.086
2025-09-01 05:00:00+00:00,107369.2,107945.0,107211.5,107811.2,5063.052
2025-09-01 06:00:00+00:00,107811.2,108079.9,107551.0,108019.9,3327.972
2025-09-01 07:00:00+00:00,108019.9,109390.3,107931.1,109390.3,13101.688
2025-09-01 08:00:00+00:00,109390.2,109779.0,109370.0,109552.2,10220.227
2025-09-01 09:00:00+00:00,109552.1,109874.8,109450.0,109485.3,6091.872
2025-09-01 10:00:00+00:00,109485.3,109504.3,108131.6,108526.5,12288.155
2025-09-01 11:00:00+00:00,108526.4,108817.8,108404.9,108721.9,4438.755
2025-09-01 12:00:00+00:00,108721.8,109123.0,108582.7,109055.0,4302.656
2025-09-01 13:00:00+00:00,109055.1,109479.2,108888.0,108974.8,7974.901
2025-09-01 14:00:00+00:00,108974.8,109295.3,108769.2,109105.1,4360.566
2025-09-01 15:00:00+00:00,109105.1,109331.3,108515.8,108738.0,5149.992
2025-09-01 16:00:00+00:00,108737.9,109050.0,108600.0,108732.6,3108.858
2025-09-01 17:00:00+00:00,108732.5,108920.3,108350.0,108882.0,5305.653
2025-09-01 18:00:00+00:00,108882.0,109230.0,108872.9,109188.4,2860.535
2025-09-01 19:00:00+00:00,109188.4,109298.6,109125.0,109178.7,1597.688
2025-09-01 20:00:00+00:00,109178.7,109181.6,108215.7,108839.7,7642.221
2025-09-01 21:00:00+00:00,108839.6,108899.7,107400.0,107744.5,10868.277
2025-09-01 22:00:00+00:00,107744.5,108454.9,107533.4,108386.2,6157.065
2025-09-01 23:00:00+00:00,108386.3,109410.5,108369.8,109187.9,6739.617
2025-09-02 00:00:00+00:00,109187.9,109298.9,108834.9,108985.3,4688.484
2025-09-02 01:00:00+00:00,108985.4,109573.7,108924.8,109262.3,6171.288
2025-09-02 02:00:00+00:00,109262.3,110247.6,109121.1,110210.1,7191.546
2025-09-02 03:00:00+00:00,110210.0,110597.9,110011.7,110286.0,10251.195
2025-09-02 04:00:00+00:00,110286.0,110378.5,110110.0,110272.1,3192.094
2025-09-02 05:00:00+00:00,110272.1,110300.0,110002.7,110164.6,2495.739
2025-09-02 06:00:00+00:00,110164.6,110571.9,110123.9,110326.7,3430.916
2025-09-02 07:00:00+00:00,110326.7,110359.1,109932.4,110190.1,4808.611
2025-09-02 08:00:00+00:00,110190.1,110700.0,109993.4,110313.9,6424.838
2025-09-02 09:00:00+00:00,110314.0,110656.9,110201.0,110408.0,4135.038
2025-09-02 10:00:00+00:00,110408.0,110435.7,110082.6,110202.7,2537.694
2025-09-02 11:00:00+00:00,110202.7,110211.0,109501.7,109698.6,5732.721
2025-09-02 12:00:00+00:00,109698.6,109804.5,108333.0,108749.6,18788.707
2025-09-02 13:00:00+00:00,108749.5,111243.9,108687.9,111113.4,30564.234
2025-09-02 14:00:00+00:00,111113.4,111742.1,110737.7,111308.5,19298.624
2025-09-02 15:00:00+00:00,111308.6,111480.2,110555.8,110789.9,10924.518
2025-09-02 16:00:00+00:00,110789.9,111076.8,110418.0,110745.7,7117.775
2025-09-02 17:00:00+00:00,110745.7,111000.0,110579.0,110853.8,4189.192
2025-09-02 18:00:00+00:00,110853.8,110890.7,110118.5,110584.1,6333.183
2025-09-02 19:00:00+00:00,110584.0,110792.1,110390.2,110742.9,3120.802
2025-09-02 20:00:00+00:00,110742.9,111373.4,110650.8,111356.1,5655.118
2025-09-02 21:00:00+00:00,111356.1,111487.9,111066.0,111066.1,3291.78
2025-09-02 22:00:00+00:00,111066.1,111216.2,110812.4,111216.1,3957.976
2025-09-02 23:00:00+00:00,111216.1,111230.7,110958.5,111188.0,1659.283
2025-09-03 00:00:00+00:00,111187.9,111732.9,111173.2,111283.2,5273.108
2025-09-03 01:00:00+00:00,111283.1,111346.4,110842.7,111120.0,3487.045
2025-09-03 02:00:00+00:00,111120.0,111442.2,110972.3,111327.9,3149.336
2025-09-03 03:00:00+00:00,111327.9,111358.0,110844.0,110991.7,2770.224
2025-09-03 04:00:00+00:00,110991.8,111117.5,110783.6,110966.7,2112.534
2025-09-03 05:00:00+00:00,110966.7,111022.7,110613.2,110647.6,2261.177
2025-09-03 06:00:00+00:00,110647.6,110843.0,110523.0,110676.6,3057.494
2025-09-03 07:00:00+00:00,110676.5,111065.5,110486.9,111041.5,3685.839
2025-09-03 08:00:00+00:00,111041.4,111221.0,110923.0,110974.9,3159.461
2025-09-03 09:00:00+00:00,110974.8,111283.6,110843.0,111261.2,2448.686
2025-09-03 10:00:00+00:00,111261.2,111438.0,111112.9,111402.0,2668.675
2025-09-03 11:00:00+00:00,111402.0,111670.0,111338.5,111391.6,3613.606
2025-09-03 12:00:00+00:00,111391.6,111831.4,110966.8,111051.0,6470.858
2025-09-03 13:00:00+00:00,111051.0,111869.8,111011.3,111409.4,10528.245
2025-09-03 14:00:00+00:00,111409.4,112470.5,111047.6,112208.3,19193.727
2025-09-03 15:00:00+00:00,112208.8,112334.7,111850.0,112168.6,6775.076
2025-09-03 16:00:00+00:00,112168.5,112296.8,111626.0,111810.0,5078.095
2025-09-03 17:00:00+00:00,111809.9,112541.2,111800.0,112251.8,5869.245
2025-09-03 18:00:00+00:00,112251.8,112467.4,111740.9,111952.8,3678.628
2025-09-03 19:00:00+00:00,111952.9,112183.4,111724.1,112139.9,2812.958
2025-09-03 20:00:00+00:00,112140.0,112196.8,111984.4,112166.8,1669.437
2025-09-03 21:00:00+00:00,112166.8,112207.1,111700.0,111936.6,1643.634
2025-09-03 22:00:00+00:00,111936.6,112093.5,111777.7,111899.9,1496.147
2025-09-03 23:00:00+00:00,111899.9,111935.7,111550.9,111659.8,2601.186
2025-09-04 00:00:00+00:00,111659.7,112136.8,111556.0,112015.4,2951.43
2025-09-04 01:00:00+00:00,112015.3,112027.9,111580.7,111900.0,1917.071
2025-09-04 02:00:00+00:00,111899.9,111930.0,111344.9,111409.6,4384.497
2025-09-04 03:00:00+00:00,111409.6,111678.7,111081.1,111107.1,5644.09
2025-09-04 04:00:00+00:00,111107.1,111283.7,110853.4,110870.8,3907.09
2025-09-04 05:00:00+00:00,110870.9,110880.0,110517.2,110613.3,7660.784
2025-09-04 06:00:00+00:00,110613.3,110683.6,110237.2,110350.0,5261.595
2025-09-04 07:00:00+00:00,110349.9,110598.4,110299.7,110417.3,3889.4
2025-09-04 08:00:00+00:00,110417.3,110800.0,110366.0,110595.3,4062.453
2025-09-04 09:00:00+00:00,110595.4,110818.6,110595.4,110764.1,2233.183
2025-09-04 10:00:00+00:00,110764.1,111111.0,110561.2,110569.0,4277.971
2025-09-04 11:00:00+00:00,110568.9,111009.5,110478.9,110763.9,4273.216
2025-09-04 12:00:00+00:00,110763.8,111081.6,110463.8,110887.6,4781.847
2025-09-04 13:00:00+00:00,110888.8,110931.9,110150.0,110421.2,6580.733
2025-09-04 14:00:00+00:00,110421.2,110486.0,109655.4,109799.9,12600.353
2025-09-04 15:00:00+00:00,109800.0,109826.8,109269.1,109448.0,9349.266
2025-09-04 16:00:00+00:00,109448.0,109648.7,109315.0,109384.9,4463.608
2025-09-04 17:00:00+00:00,109384.8,109876.9,109372.5,109728.3,4768.35
2025-09-04 18:00:00+00:00,109728.4,110150.0,109632.5,109918.6,5516.407
2025-09-04 19:00:00+00:00,109918.7,110063.0,109648.6,109753.9,3056.603
2025-09-04 20:00:00+00:00,109753.9,110370.0,109702.8,110350.0,3454.519
2025-09-04 21:00:00+00:00,110350.0,110500.0,110265.6,110445.8,1513.533
2025-09-04 22:00:00+00:00,110445.8,111560.0,110427.1,111454.9,8280.779
2025-09-04 23:00:00+00:00,111454.9,111743.8,110541.2,110679.4,7471.591
2025-09-05 00:00:00+00:00,110679.5,110893.5,110394.2,110418.0,4272.714
2025-09-05 01:00:00+00:00,110418.0,111098.3,110405.5,111079.9,3129.486
2025-09-05 02:00:00+00:00,111079.9,111444.1,110992.8,111297.7,5087.695
2025-09-05 03:00:00+00:00,111297.7,111297.7,111040.5,111266.9,2329.756
2025-09-05 04:00:00+00:00,111267.0,111429.1,111086.2,111396.7,1806.698
2025-09-05 05:00:00+00:00,111396.8,111687.9,111361.1,111524.2,3135.78
2025-09-05 06:00:00+00:00,111524.2,111876.8,111448.4,111860.0,3660.55
2025-09-05 07:00:00+00:00,111860.0,112949.0,111831.7,112900.1,19603.479
2025-09-05 08:00:00+00:00,112900.0,112947.6,112559.3,112589.0,6454.835
2025-09-05 09:00:00+00:00,112589.0,112589.1,112080.0,112252.8,7505.547
2025-09-05 10:00:00+00:00,112252.8,112547.0,112143.7,112199.1,4636.353
2025-09-05 11:00:00+00:00,112199.2,112397.7,112085.9,112299.6,3613.537
2025-09-05 12:00:00+00:00,112299.6,113344.3,112000.0,113159.1,28456.112
2025-09-05 13:00:00+00:00,113159.0,113271.6,112642.4,113028.4,12850.379
2025-09-05 14:00:00+00:00,113028.4,113028.4,110440.0,110527.4,36245.316
2025-09-05 15:00:00+00:00,110527.3,110974.8,110240.0,110674.1,11144.796
2025-09-05 16:00:00+00:00,110674.1,110886.4,110485.3,110767.3,3936.916
2025-09-05 17:00:00+00:00,110767.3,110770.0,110153.3,110567.2,5428.736
2025-09-05 18:00:00+00:00,110567.1,111247.0,110521.7,111146.0,5084.28
2025-09-05 19:00:00+00:00,111146.1,111598.2,111072.0,111550.1,4603.475
2025-09-05 20:00:00+00:00,111550.0,111594.1,111230.7,111581.8,3871.715
2025-09-05 21:00:00+00:00,111581.8,111655.5,110307.6,110544.1,12256.957
2025-09-05 22:00:00+00:00,110544.0,110873.6,110438.1,110745.2,2544.544
2025-09-05 23:00:00+00:00,110745.2,110819.5,110534.2,110614.9,1715.748
2025-09-06 00:00:00+00:00,110614.8,110786.3,110504.9,110729.4,2070.165
2025-09-06 01:00:00+00:00,110729.4,110874.9,110682.2,110817.6,1269.562
2025-09-06 02:00:00+00:00,110817.5,111174.7,110675.6,111170.1,2158.159
2025-09-06 03:00:00+00:00,111170.0,111256.2,110958.9,111034.0,1903.334
2025-09-06 04:00:00+00:00,111034.0,111034.0,110735.0,110834.8,1758.386
2025-09-06 05:00:00+00:00,110834.7,110834.8,110653.1,110678.7,1657.031
2025-09-06 06:00:00+00:00,110678.7,110773.9,110660.0,110705.1,833.604
2025-09-06 07:00:00+00:00,110705.1,110794.6,110700.0,110779.9,902.766
2025-09-06 08:00:00+00:00,110779.9,110928.5,110730.6,110906.5,1099.778
2025-09-06 09:00:00+00:00,110906.5,110906.5,110653.1,110653.1,1632.0
2025-09-06 10:00:00+00:00,110653.2,110757.0,110630.0,110734.2,995.677
2025-09-06 11:00:00+00:00,110734.2,110830.9,110621.0,110732.9,1321.074
2025-09-06 12:00:00+00:00,110732.8,110852.9,110704.0,110786.6,1148.219
2025-09-06 13:00:00+00:00,110786.6,110910.0,110772.6,110882.1,1353.752
2025-09-06 14:00:00+00:00,110882.1,110956.5,110719.7,110760.8,1432.496
2025-09-06 15:00:00+00:00,110760.8,110793.4,110285.2,110324.1,5374.969
2025-09-06 16:00:00+00:00,110324.2,110359.1,109850.0,110206.2,8944.434
2025-09-06 17:00:00+00:00,110206.2,110222.3,109933.2,110096.1,2109.326
2025-09-06 18:00:00+00:00,110096.2,110238.4,110005.8,110176.3,1887.316
2025-09-06 19:00:00+00:00,110176.3,110206.9,109950.0,109986.7,1672.032
2025-09-06 20:00:00+00:00,109986.8,110121.0,109981.2,110121.0,950.783
2025-09-06 21:00:00+00:00,110121.0,110167.6,110039.5,110158.1,1063.152
2025-09-06 22:00:00+00:00,110158.1,110192.6,110023.6,110114.9,1413.249
2025-09-06 23:00:00+00:00,110115.0,110225.9,110057.9,110135.3,1331.252
2025-09-07 00:00:00+00:00,110135.2,110325.5,110120.5,110306.0,2086.639
2025-09-07 01:00:00+00:00,110305.9,110545.0,110276.2,110502.2,3150.738
2025-09-07 02:00:00+00:00,110502.1,110645.7,110394.1,110610.0,1736.392
2025-09-07 03:00:00+00:00,110610.1,110700.0,110541.6,110579.8,1513.18
2025-09-07 04:00:00+00:00,110579.8,110596.0,110438.0,110514.5,1097.889
2025-09-07 05:00:00+00:00,110514.5,110650.1,110514.4,110607.0,1036.422
2025-09-07 06:00:00+00:00,110607.1,110613.4,110418.8,110458.5,1448.59
2025-09-07 07:00:00+00:00,110458.5,110880.8,110414.4,110710.8,3591.966
2025-09-07 08:00:00+00:00,110710.8,111348.0,110666.4,111022.8,8313.628
2025-09-07 09:00:00+00:00,111022.8,111211.7,110823.8,111074.6,3631.035
2025-09-07 10:00:00+00:00,111074.6,111186.5,110992.2,111170.3,1184.532
2025-09-07 11:00:00+00:00,111170.4,111249.9,111128.2,111249.5,1634.215
2025-09-07 12:00:00+00:00,111249.5,111249.6,111018.4,111074.3,1740.718
2025-09-07 13:00:00+00:00,111074.3,111193.5,110998.8,111168.1,1383.015
2025-09-07 14:00:00+00:00,111168.1,111371.4,111010.0,111092.1,2666.836
2025-09-07 15:00:00+00:00,111092.1,111334.1,111061.0,111276.2,1718.583
2025-09-07 16:00:00+00:00,111276.2,111327.2,111115.2,111158.0,1562.965
2025-09-07 17:00:00+00:00,111158.1,111200.1,110850.0,110925.6,3120.211
2025-09-07 18:00:00+00:00,110925.5,111029.1,110817.5,111011.8,1403.894
2025-09-07 19:00:00+00:00,111011.7,111266.6,111004.3,111217.0,1553.717
2025-09-07 20:00:00+00:00,111216.9,111325.0,111105.5,111282.8,1724.934
2025-09-07 21:00:00+00:00,111282.8,111291.2,111006.4,111006.4,954.47
2025-09-07 22:00:00+00:00,111006.4,111316.2,110947.6,111197.9,2058.947
2025-09-07 23:00:00+00:00,111197.9,111559.5,111010.0,111076.0,3527.068
2025-09-08 00:00:00+00:00,111075.5,111250.0,110683.8,110786.5,5003.903
2025-09-08 01:00:00+00:00,110786.5,110958.5,110680.0,110847.0,2564.18
2025-09-08 02:00:00+00:00,110846.9,111345.0,110566.5,111199.9,4007.876
2025-09-08 03:00:00+00:00,111199.9,111304.2,110970.0,111004.9,2565.867
2025-09-08 04:00:00+00:00,111004.8,111176.0,110875.3,110934.7,2356.422
2025-09-08 05:00:00+00:00,110934.6,111027.5,110852.1,110984.8,1275.123
2025-09-08 06:00:00+00:00,110984.8,111153.3,110864.1,111068.4,1257.468
2025-09-08 07:00:00+00:00,111068.4,111580.7,111061.8,111236.4,4520.01
2025-09-08 08:00:00+00:00,111236.5,111876.5,111201.0,111640.0,6717.256
2025-09-08 09:00:00+00:00,111640.0,112066.7,111537.4,112059.9,7507.572
2025-09-08 10:00:00+00:00,112060.0,112144.0,111866.3,112005.5,6019.26
2025-09-08 11:00:00+00:00,112005.5,112088.0,111718.7,112022.0,3772.591
2025-09-08 12:00:00+00:00,112022.0,112120.6,111885.4,111990.1,2172.702
2025-09-08 13:00:00+00:00,111990.1,112331.0,111800.0,111864.3,9206.938
2025-09-08 14:00:00+00:00,111864.3,112731.2,111834.6,112586.2,10307.016
2025-09-08 15:00:00+00:00,112586.3,112867.6,112459.2,112573.6,6589.153
2025-09-08 16:00:00+00:00,112573.6,112635.0,112234.1,112345.8,5132.236
2025-09-08 17:00:00+00:00,112345.9,112494.3,112030.0,112168.1,3563.59
2025-09-08 18:00:00+00:00,112168.1,112466.6,112136.3,112425.3,2838.363
2025-09-08 19:00:00+00:00,112425.3,112425.3,111927.0,112051.0,3331.798
2025-09-08 20:00:00+00:00,112050.0,112100.0,111847.0,111919.4,2348.233
2025-09-08 21:00:00+00:00,111919.5,112289.7,111880.0,112271.8,1980.365
2025-09-08 22:00:00+00:00,112271.8,112460.4,112160.0,112186.7,2484.308
2025-09-08 23:00:00+00:00,112186.7,112255.0,111931.7,112012.6,1595.629
2025-09-09 00:00:00+00:00,112012.7,112055.7,111409.0,111597.9,6733.25
2025-09-09 01:00:00+00:00,111598.0,111700.0,111220.0,111313.1,3570.259
2025-09-09 02:00:00+00:00,111313.0,111399.9,111050.0,111280.0,4370.29
2025-09-09 03:00:00+00:00,111280.0,111705.1,111186.1,111657.6,4616.451
2025-09-09 04:00:00+00:00,111657.7,112073.4,111576.7,111979.9,6541.068
2025-09-09 05:00:00+00:00,111979.8,112217.8,111800.1,112152.2,3310.8
2025-09-09 06:00:00+00:00,112152.2,113131.6,112115.8,112989.5,13709.78
2025-09-09 07:00:00+00:00,112989.6,113238.0,112699.9,112950.1,8359.988
2025-09-09 08:00:00+00:00,112950.2,113134.3,112852.4,112965.8,3570.423
2025-09-09 09:00:00+00:00,112965.9,113032.8,112870.3,112928.7,2068.245
2025-09-09 10:00:00+00:00,112928.8,113011.8,112588.4,112690.2,4022.423
2025-09-09 11:00:00+00:00,112690.1,112769.2,112350.0,112397.4,3180.594
2025-09-09 12:00:00+00:00,112397.5,112793.8,112350.0,112626.5,4080.737
2025-09-09 13:00:00+00:00,112626.4,112900.0,112429.4,112712.9,5401.529
2025-09-09 14:00:00+00:00,112712.8,112897.4,111452.4,111709.5,23375.351
2025-09-09 15:00:00+00:00,111708.8,111793.5,110714.9,110830.1,16528.686
2025-09-09 16:00:00+00:00,110830.1,111095.6,110738.6,110915.1,5134.914
2025-09-09 17:00:00+00:00,110915.1,111153.0,110838.6,110984.9,3384.959
2025-09-09 18:00:00+00:00,110984.8,111269.3,110880.1,111097.9,4510.748
2025-09-09 19:00:00+00:00,111097.9,111342.0,111076.0,111242.3,1897.988
2025-09-09 20:00:00+00:00,111242.4,111490.6,111041.1,111487.4,2981.067
2025-09-09 21:00:00+00:00,111487.5,111692.3,111212.5,111241.9,2458.831
2025-09-09 22:00:00+00:00,111241.8,111585.0,111201.6,111510.0,1690.736
2025-09-09 23:00:00+00:00,111509.9,111530.5,111308.2,111499.9,1776.016
2025-09-10 00:00:00+00:00,111499.9,111533.3,110873.8,110971.3,5982.128
2025-09-10 01:00:00+00:00,110971.3,111182.9,110855.8,110955.8,4507.489
2025-09-10 02:00:00+00:00,110955.8,111505.7,110955.7,111357.6,4753.387
2025-09-10 03:00:00+00:00,111357.7,111545.0,111304.4,111498.9,1942.887
2025-09-10 04:00:00+00:00,111498.9,111607.0,111351.9,111482.1,1926.667
2025-09-10 05:00:00+00:00,111482.2,111674.2,111316.8,111529.9,2677.657
2025-09-10 06:00:00+00:00,111530.0,111929.5,111342.0,111742.8,4547.774
2025-09-10 07:00:00+00:00,111742.7,112555.0,111710.0,112500.1,7623.204
2025-09-10 08:00:00+00:00,112500.0,112832.0,112280.0,112333.0,10745.223
2025-09-10 09:00:00+00:00,112333.0,112395.0,112060.0,112240.3,3928.535
2025-09-10 10:00:00+00:00,112240.3,112394.0,112163.8,112234.1,2436.028
2025-09-10 11:00:00+00:00,112234.1,112379.3,112106.5,112266.4,2256.888
2025-09-10 12:00:00+00:00,112266.5,113530.0,112266.4,113388.0,27158.451
2025-09-10 13:00:00+00:00,113388.0,114287.9,113343.7,113911.3,21312.77
2025-09-10 14:00:00+00:00,113911.3,114236.9,113754.9,113872.4,10165.252
2025-09-10 15:00:00+00:00,113872.4,114067.2,113648.1,113801.3,5390.227
2025-09-10 16:00:00+00:00,113801.3,113888.5,113532.8,113723.9,5697.401
2025-09-10 17:00:00+00:00,113724.0,114046.8,113366.2,113693.8,6561.14
2025-09-10 18:00:00+00:00,113693.9,113858.9,113304.1,113550.0,4822.387
2025-09-10 19:00:00+00:00,113550.1,113581.2,113111.0,113525.2,4550.556
2025-09-10 20:00:00+00:00,113525.3,113889.6,113500.0,113513.6,4433.809
2025-09-10 21:00:00+00:00,113513.7,113796.6,113468.4,113782.8,1696.935
2025-09-10 22:00:00+00:00,113782.8,113942.8,113645.4,113831.5,2895.542
2025-09-10 23:00:00+00:00,113831.5,114005.0,113732.0,113896.8,3889.202
2025-09-11 00:00:00+00:00,113896.8,113948.8,113614.5,113833.5,2563.735
2025-09-11 01:00:00+00:00,113833.4,114142.4,113779.4,113852.4,2711.816
2025-09-11 02:00:00+00:00,113852.3,113904.7,113663.7,113774.8,1670.348
2025-09-11 03:00:00+00:00,113774.8,114433.2,113774.7,114354.4,4237.977
2025-09-11 04:00:00+00:00,114354.4,114359.5,114020.5,114102.9,3195.281
2025-09-11 05:00:00+00:00,114103.0,114290.0,113912.5,114215.1,2286.921
2025-09-11 06:00:00+00:00,114215.2,114419.9,114017.7,114279.6,2711.251
2025-09-11 07:00:00+00:00,114279.6,114279.6,113900.0,114040.0,3428.177
2025-09-11 08:00:00+00:00,114040.1,114161.0,113917.1,114005.6,2242.024
2025-09-11 09:00:00+00:00,114005.7,114037.5,113722.2,113857.5,4041.817
2025-09-11 10:00:00+00:00,113857.5,114065.0,113839.9,114003.1,2243.393
2025-09-11 11:00:00+00:00,114003.1,114063.1,113850.0,113960.9,2534.637
2025-09-11 12:00:00+00:00,113961.0,114500.0,113451.0,113929.9,17928.716
2025-09-11 13:00:00+00:00,113930.0,114691.7,113340.7,114577.5,17108.432
2025-09-11 14:00:00+00:00,114578.2,114630.0,113871.5,114400.1,9211.175
2025-09-11 15:00:00+00:00,114400.2,114646.8,113926.4,114122.3,5835.762
2025-09-11 16:00:00+00:00,114122.4,114541.1,114122.3,114428.4,3706.951
2025-09-11 17:00:00+00:00,114428.5,114554.4,114274.3,114534.1,2438.993
2025-09-11 18:00:00+00:00,114534.1,114564.0,114008.5,114254.5,3703.781
2025-09-11 19:00:00+00:00,114254.5,114478.7,114130.3,114370.5,2081.211
2025-09-11 20:00:00+00:00,114370.4,114440.6,114195.0,114343.1,1408.393
2025-09-11 21:00:00+00:00,114343.1,114473.3,114336.2,114426.4,990.167
2025-09-11 22:00:00+00:00,114426.4,115218.9,114375.3,115037.3,10750.187
2025-09-11 23:00:00+00:00,115037.3,115439.0,115031.9,115427.0,4034.933
2025-09-12 00:00:00+00:00,115427.0,116280.0,115357.6,115795.1,13923.017
2025-09-12 01:00:00+00:00,115795.1,115980.0,115305.1,115329.5,7515.681
2025-09-12 02:00:00+00:00,115329.5,115618.1,115196.9,115332.5,5338.348
2025-09-12 03:00:00+00:00,115332.4,115375.0,114993.0,115138.3,4942.467
2025-09-12 04:00:00+00:00,115138.3,115452.8,115024.3,115314.5,4255.175
2025-09-12 05:00:00+00:00,115314.5,115613.0,115266.0,115559.6,3729.005
2025-09-12 06:00:00+00:00,115559.6,115559.6,115204.9,115270.5,2167.681
2025-09-12 07:00:00+00:00,115270.5,115358.0,115039.1,115049.0,2246.923
2025-09-12 08:00:00+00:00,115048.9,115243.5,114908.9,115013.9,5376.695
2025-09-12 09:00:00+00:00,115014.0,115090.0,114833.8,115010.0,3607.691
2025-09-12 10:00:00+00:00,115010.0,115045.9,114880.8,114928.4,1715.476
2025-09-12 11:00:00+00:00,114928.4,115107.6,114850.0,114863.0,2685.617
2025-09-12 12:00:00+00:00,114863.0,115161.5,114681.5,115035.5,5903.861
2025-09-12 13:00:00+00:00,115035.5,115191.3,114771.9,115114.6,3684.948
2025-09-12 14:00:00+00:00,115114.6,115445.9,114818.7,115213.6,6809.602
2025-09-12 15:00:00+00:00,115213.6,115246.8,114880.0,115064.9,2428.993
2025-09-12 16:00:00+00:00,115064.8,115469.7,114989.9,115435.0,3689.496
2025-09-12 17:00:00+00:00,115435.0,115879.1,115335.5,115746.4,6835.6
2025-09-12 18:00:00+00:00,115746.5,116444.0,115697.7,116423.9,9539.626
2025-09-12 19:00:00+00:00,116423.9,116605.7,116180.0,116561.1,7884.436
2025-09-12 20:00:00+00:00,116561.0,116561.0,115907.8,116088.3,6118.628
2025-09-12 21:00:00+00:00,116088.3,116094.1,115701.4,115810.5,3326.573
2025-09-12 22:00:00+00:00,115810.5,116298.0,115810.5,115972.9,3137.655
2025-09-12 23:00:00+00:00,115973.0,116110.7,115872.3,115978.4,2150.524
2025-09-13 00:00:00+00:00,115978.4,116245.4,115911.0,116155.1,2876.228
2025-09-13 01:00:00+00:00,116155.0,116222.0,115500.1,115703.2,4589.727
2025-09-13 02:00:00+00:00,115703.1,115940.0,115625.8,115832.1,1853.596
2025-09-13 03:00:00+00:00,115832.2,115966.7,115789.2,115913.6,1548.143
2025-09-13 04:00:00+00:00,115913.6,115913.6,115635.0,115650.1,1500.03
2025-09-13 05:00:00+00:00,115650.0,115818.0,115600.0,115656.7,1933.36
2025-09-13 06:00:00+00:00,115656.7,115754.0,115594.9,115695.7,1562.355
2025-09-13 07:00:00+00:00,115695.7,115810.0,115650.0,115715.5,1583.127
2025-09-13 08:00:00+00:00,115715.5,116011.0,115715.5,115913.3,1844.202
2025-09-13 09:00:00+00:00,115913.3,115988.2,115811.0,115969.7,1859.139
2025-09-13 10:00:00+00:00,115969.7,116126.0,115849.9,115882.7,2175.527
2025-09-13 11:00:00+00:00,115882.7,115956.1,115824.4,115912.9,1018.759
2025-09-13 12:00:00+00:00,115913.0,116013.7,115800.1,115947.5,1261.065
2025-09-13 13:00:00+00:00,115947.5,115947.5,115566.0,115706.4,2159.63
2025-09-13 14:00:00+00:00,115706.4,115906.8,115546.1,115750.0,3475.565
2025-09-13 15:00:00+00:00,115750.1,115885.3,115555.0,115721.3,2207.13
2025-09-13 16:00:00+00:00,115721.4,115780.3,115032.0,115286.6,8199.574
2025-09-13 17:00:00+00:00,115286.6,115544.0,115127.2,115518.7,3596.831
2025-09-13 18:00:00+00:00,115518.8,115627.7,115373.1,115594.0,1560.644
2025-09-13 19:00:00+00:00,115593.9,115763.1,115519.6,115751.4,1647.045
2025-09-13 20:00:00+00:00,115751.4,115946.4,115745.6,115837.2,1835.484
2025-09-13 21:00:00+00:00,115837.2,115928.9,115791.2,115849.7,869.104
2025-09-13 22:00:00+00:00,115849.8,115888.6,115758.4,115828.2,640.742
2025-09-13 23:00:00+00:00,115828.3,115944.0,115813.0,115862.7,732.583
2025-09-14 00:00:00+00:00,115862.7,115960.3,115765.0,115884.4,1533.661
2025-09-14 01:00:00+00:00,115884.4,115950.0,115683.1,115907.4,1986.376
2025-09-14 02:00:00+00:00,115907.3,116075.8,115692.3,115809.8,2090.297
2025-09-14 03:00:00+00:00,115809.7,115819.4,115580.0,115626.0,2066.8
2025-09-14 04:00:00+00:00,115626.0,115723.9,115406.1,115693.2,1904.411
2025-09-14 05:00:00+00:00,115693.2,115867.5,115680.0,115810.1,1118.502
2025-09-14 06:00:00+00:00,115810.0,115884.1,115634.8,115684.1,894.566
2025-09-14 07:00:00+00:00,115684.0,115778.4,115671.5,115746.0,823.973
2025-09-14 08:00:00+00:00,115746.1,115938.7,115700.3,115887.4,1183.506
2025-09-14 09:00:00+00:00,115887.3,116118.6,115838.9,115996.2,2492.647
2025-09-14 10:00:00+00:00,115996.2,116091.4,115904.6,115979.5,1417.829
2025-09-14 11:00:00+00:00,115979.5,116057.7,115701.1,115750.0,2415.287
2025-09-14 12:00:00+00:00,115750.0,115828.1,115607.9,115727.2,1867.199
2025-09-14 13:00:00+00:00,115727.2,115736.8,115151.3,115279.5,6854.655
2025-09-14 14:00:00+00:00,115279.6,115651.0,115100.5,115350.8,4946.419
2025-09-14 15:00:00+00:00,115350.8,115374.4,115132.4,115162.2,2329.237
2025-09-14 16:00:00+00:00,115162.2,115499.0,115132.4,115422.7,2035.188
2025-09-14 17:00:00+00:00,115422.7,115605.5,115352.7,115502.9,1799.273
2025-09-14 18:00:00+00:00,115502.9,115503.0,115313.2,115333.1,876.36
2025-09-14 19:00:00+00:00,115333.2,115597.4,115275.5,115597.4,1235.721
2025-09-14 20:00:00+00:00,115597.3,115816.9,115588.6,115745.0,1478.483
2025-09-14 21:00:00+00:00,115745.1,116050.0,115556.1,116023.3,3053.925
2025-09-14 22:00:00+00:00,116023.3,116041.1,115753.1,115957.0,2680.052
2025-09-14 23:00:00+00:00,115956.9,115957.0,115057.0,115210.0,6003.623
2025-09-15 00:00:00+00:00,115210.0,115214.8,114888.1,115023.4,4842.813
2025-09-15 01:00:00+00:00,115023.4,115232.8,114777.0,115178.3,4555.436
2025-09-15 02:00:00+00:00,115178.4,115392.5,115157.3,115318.6,2562.866
2025-09-15 03:00:00+00:00,115318.5,115536.0,115300.0,115387.6,1615.354
2025-09-15 04:00:00+00:00,115387.7,116150.1,115341.8,116006.5,7929.299
2025-09-15 05:00:00+00:00,116006.5,116547.9,115960.0,116474.2,6140.043
2025-09-15 06:00:00+00:00,116474.2,116759.9,116000.1,116077.8,7143.097
2025-09-15 07:00:00+00:00,116077.7,116362.9,115554.0,115769.5,6251.252
2025-09-15 08:00:00+00:00,115769.6,115769.6,114650.0,114697.0,12658.889
2025-09-15 09:00:00+00:00,114697.0,115141.9,114588.0,114820.1,9459.121
2025-09-15 10:00:00+00:00,114820.1,114908.9,114700.0,114729.1,3708.051
2025-09-15 11:00:00+00:00,114729.1,115167.7,114691.6,115009.0,4413.482
2025-09-15 12:00:00+00:00,115009.0,115034.5,114621.3,114686.7,3205.118
2025-09-15 13:00:00+00:00,114686.7,115045.5,114338.5,114610.7,11845.656
2025-09-15 14:00:00+00:00,114610.7,114984.9,114400.0,114618.3,4822.105
2025-09-15 15:00:00+00:00,114618.3,114869.3,114340.0,114788.4,6009.03
2025-09-15 16:00:00+00:00,114788.1,114886.5,114542.6,114618.9,2669.685
2025-09-15 17:00:00+00:00,114618.9,115086.6,114550.2,115075.9,2711.313
2025-09-15 18:00:00+00:00,115075.9,115306.8,114843.0,115252.7,3092.752
2025-09-15 19:00:00+00:00,115252.7,115528.8,114901.7,115246.7,5814.635
2025-09-15 20:00:00+00:00,115246.7,115444.1,115141.4,115331.0,2100.602
2025-09-15 21:00:00+00:00,115331.1,115478.9,115224.1,115456.6,1156.667
2025-09-15 22:00:00+00:00,115456.6,115550.0,115160.0,115224.1,1695.106
2025-09-15 23:00:00+00:00,115224.0,115425.0,115171.0,115300.6,1508.907
2025-09-16 00:00:00+00:00,115300.5,115300.6,114890.0,115033.5,2528.698
2025-09-16 01:00:00+00:00,115033.6,115490.8,114950.0,114964.4,2622.944
2025-09-16 02:00:00+00:00,114964.4,115187.6,114964.4,114969.9,1348.448
2025-09-16 03:00:00+00:00,114969.9,115380.1,114969.9,115250.9,1774.516
2025-09-16 04:00:00+00:00,115250.8,115512.0,114867.0,115458.3,4521.19
2025-09-16 05:00:00+00:00,115458.4,115912.2,115397.6,115893.3,7190.978
2025-09-16 06:00:00+00:00,115893.2,115968.0,115547.1,115724.0,4883.478
2025-09-16 07:00:00+00:00,115724.1,115854.5,115666.0,115799.4,1936.627
2025-09-16 08:00:00+00:00,115799.4,115945.0,115465.8,115616.4,3580.017
2025-09-16 09:00:00+00:00,115616.4,115668.5,115374.0,115420.5,1570.66
2025-09-16 10:00:00+00:00,115420.6,115552.6,115311.4,115318.5,1985.328
2025-09-16 11:00:00+00:00,115318.4,115384.6,115151.0,115222.2,2767.924
2025-09-16 12:00:00+00:00,115222.1,115421.4,115222.1,115393.1,2175.161
2025-09-16 13:00:00+00:00,115393.2,115511.0,114600.0,115154.6,9492.667
2025-09-16 14:00:00+00:00,115154.5,115268.6,114769.2,115231.1,7412.059
2025-09-16 15:00:00+00:00,115231.1,115878.2,114975.4,115877.9,5479.109
2025-09-16 16:00:00+00:00,115877.9,116050.0,115549.9,116021.0,5845.153
2025-09-16 17:00:00+00:00,116021.0,116830.0,116010.0,116414.8,14209.727
2025-09-16 18:00:00+00:00,116414.7,116733.7,116166.3,116372.6,4718.462
2025-09-16 19:00:00+00:00,116372.5,116779.9,116340.3,116758.0,3654.151
2025-09-16 20:00:00+00:00,116757.1,116879.7,116655.4,116783.7,2727.151
2025-09-16 21:00:00+00:00,116783.8,116888.0,116543.7,116757.1,2362.185
2025-09-16 22:00:00+00:00,116757.1,116910.8,116643.3,116802.8,2574.132
2025-09-16 23:00:00+00:00,116802.8,116866.6,116565.8,116747.3,2085.419
2025-09-17 00:00:00+00:00,116747.3,116786.6,116501.0,116512.9,2219.409
2025-09-17 01:00:00+00:00,116512.9,116720.0,116450.0,116621.9,2054.443
2025-09-17 02:00:00+00:00,116622.0,117081.9,116504.2,116633.2,3784.907
2025-09-17 03:00:00+00:00,116633.1,116714.0,116317.0,116320.1,3663.078
2025-09-17 04:00:00+00:00,116320.2,116433.3,116107.2,116264.8,3290.431
2025-09-17 05:00:00+00:00,116264.8,117200.0,116264.7,117070.5,8968.622
2025-09-17 06:00:00+00:00,117070.4,117266.4,116930.0,117180.4,4751.777
2025-09-17 07:00:00+00:00,117180.3,117233.5,117072.9,117120.5,2892.895
2025-09-17 08:00:00+00:00,117120.5,117156.6,116639.4,116801.0,5342.187
2025-09-17 09:00:00+00:00,116801.0,116801.0,116502.3,116503.9,2616.475
2025-09-17 10:00:00+00:00,116503.9,116563.3,116212.1,116317.5,3327.442
2025-09-17 11:00:00+00:00,116317.5,116332.9,116197.0,116200.1,3461.794
2025-09-17 12:00:00+00:00,116200.1,116493.0,116034.0,116150.0,5551.302
2025-09-17 13:00:00+00:00,116150.1,116287.8,115847.7,116066.9,6903.098
2025-09-17 14:00:00+00:00,116067.1,116207.3,115340.0,115557.6,11068.202
2025-09-17 15:00:00+00:00,115557.5,115837.6,115483.4,115825.1,4411.471
2025-09-17 16:00:00+00:00,115825.1,115825.1,115325.5,115594.5,5491.253
2025-09-17 17:00:00+00:00,115594.4,116251.0,115400.0,115464.0,8865.78
2025-09-17 18:00:00+00:00,115476.9,116316.0,114623.3,115184.1,35717.455
2025-09-17 19:00:00+00:00,115184.1,115950.0,115026.7,115587.6,11510.954
2025-09-17 20:00:00+00:00,115587.5,116084.1,115430.9,115561.5,4393.535
2025-09-17 21:00:00+00:00,115561.5,116077.7,115257.1,115986.8,3112.854
2025-09-17 22:00:00+00:00,115986.8,116772.0,115974.6,116507.9,7723.2
2025-09-17 23:00:00+00:00,116508.0,116940.0,116253.5,116402.5,7002.506
2025-09-18 00:00:00+00:00,116402.6,116431.6,116033.5,116291.8,4219.915
2025-09-18 01:00:00+00:00,116291.9,116830.6,116281.7,116587.2,4166.072
2025-09-18 02:00:00+00:00,116587.2,116907.1,116376.0,116888.4,3411.331
2025-09-18 03:00:00+00:00,116888.4,117865.9,116838.4,117531.2,18547.277
2025-09-18 04:00:00+00:00,117531.3,117713.5,117169.2,117567.3,6662.844
2025-09-18 05:00:00+00:00,117567.3,117567.4,117136.0,117228.0,2816.07
2025-09-18 06:00:00+00:00,117228.1,117289.1,116834.5,117044.8,5295.291
2025-09-18 07:00:00+00:00,117044.8,117165.5,117000.0,117033.6,2576.718
2025-09-18 08:00:00+00:00,117033.7,117381.9,116960.3,117187.1,3432.229
2025-09-18 09:00:00+00:00,117187.1,117309.9,117065.0,117251.4,2184.517
2025-09-18 10:00:00+00:00,117251.4,117260.4,117025.8,117143.4,1952.759
2025-09-18 11:00:00+00:00,117143.5,117263.9,116955.0,117015.0,2488.299
2025-09-18 12:00:00+00:00,117015.0,117239.8,116920.1,117074.0,3236.624
2025-09-18 13:00:00+00:00,117074.0,117600.0,116913.9,117381.5,6837.828
2025-09-18 14:00:00+00:00,117381.5,117789.9,117340.2,117575.1,7190.817
2025-09-18 15:00:00+00:00,117575.1,117656.0,117261.0,117530.3,4832.3
2025-09-18 16:00:00+00:00,117530.2,117750.0,117444.0,117510.6,3149.843
2025-09-18 17:00:00+00:00,117510.6,117729.6,117365.0,117530.2,2507.348
2025-09-18 18:00:00+00:00,117530.2,117875.2,117450.0,117760.0,3358.624
2025-09-18 19:00:00+00:00,117760.0,117760.1,117133.0,117403.0,3441.205
2025-09-18 20:00:00+00:00,117402.9,117605.8,117279.8,117454.8,1798.573
2025-09-18 21:00:00+00:00,117454.8,117454.8,117233.0,117233.0,1061.463
2025-09-18 22:00:00+00:00,117233.1,117275.7,116961.1,116995.0,3819.323
2025-09-18 23:00:00+00:00,116995.0,117125.0,116489.7,117017.1,8228.447
2025-09-19 00:00:00+00:00,117017.1,117375.1,116960.8,117359.9,3198.752
2025-09-19 01:00:00+00:00,117360.0,117406.8,117054.1,117184.0,2350.496
2025-09-19 02:00:00+00:00,117184.0,117234.5,116990.8,117054.8,1711.432
2025-09-19 03:00:00+00:00,117054.9,117237.0,116800.0,116914.2,3008.53
2025-09-19 04:00:00+00:00,116914.1,117049.9,116631.6,116929.4,4258.165
2025-09-19 05:00:00+00:00,116929.4,116966.7,116725.0,116837.5,1653.823
2025-09-19 06:00:00+00:00,116837.6,116837.6,116567.3,116633.2,3629.406
2025-09-19 07:00:00+00:00,116633.2,116943.9,116625.1,116850.1,3321.111
2025-09-19 08:00:00+00:00,116850.0,117050.6,116818.9,116862.6,2345.511
2025-09-19 09:00:00+00:00,116862.6,116936.1,116425.0,116437.7,4625.568
2025-09-19 10:00:00+00:00,116437.7,116500.0,116368.0,116476.7,3704.067
2025-09-19 11:00:00+00:00,116476.7,116501.5,116250.7,116343.1,3322.449
2025-09-19 12:00:00+00:00,116343.3,116488.0,116072.0,116124.1,4982.444
2025-09-19 13:00:00+00:00,116124.1,116416.4,116017.1,116238.7,5519.806
2025-09-19 14:00:00+00:00,116238.6,116447.3,115730.0,115849.7,7237.562
2025-09-19 15:00:00+00:00,115849.7,115900.0,115408.4,115826.9,9556.317
2025-09-19 16:00:00+00:00,115826.9,116093.0,115735.7,116029.9,4351.705
2025-09-19 17:00:00+00:00,116030.0,116035.8,115490.9,115490.9,3079.477
2025-09-19 18:00:00+00:00,115490.9,115596.0,115322.0,115365.7,4246.157
2025-09-19 19:00:00+00:00,115365.7,115433.1,115057.0,115082.4,4840.932
2025-09-19 20:00:00+00:00,115082.4,115393.6,115049.9,115306.6,2937.755
2025-09-19 21:00:00+00:00,115306.5,115493.7,115255.3,115411.5,1632.163
2025-09-19 22:00:00+00:00,115411.4,115596.5,115411.4,115550.5,1428.568
2025-09-19 23:00:00+00:00,115550.5,115600.0,115394.5,115569.5,1209.453
2025-09-20 00:00:00+00:00,115569.6,115670.0,115484.9,115656.4,1580.743
2025-09-20 01:00:00+00:00,115656.3,115660.4,115550.2,115562.6,1243.5
2025-09-20 02:00:00+00:00,115562.6,115562.7,115371.0,115544.4,1230.006
2025-09-20 03:00:00+00:00,115544.4,115545.5,115355.0,115394.2,731.377
2025-09-20 04:00:00+00:00,115394.3,115526.6,115343.0,115511.9,983.427
2025-09-20 05:00:00+00:00,115511.9,115655.3,115459.6,115655.3,1142.239
2025-09-20 06:00:00+00:00,115655.3,115666.1,115571.1,115643.4,920.492
2025-09-20 07:00:00+00:00,115643.4,115933.4,115624.2,115909.8,3212.387
2025-09-20 08:00:00+00:00,115909.9,115914.4,115637.5,115645.0,1826.205
2025-09-20 09:00:00+00:00,115645.1,115743.1,115605.6,115605.7,1441.409
2025-09-20 10:00:00+00:00,115605.7,115739.3,115605.6,115688.4,1072.743
2025-09-20 11:00:00+00:00,115688.4,115857.9,115688.4,115834.9,1788.671
2025-09-20 12:00:00+00:00,115834.9,115900.0,115750.6,115820.2,1336.836
2025-09-20 13:00:00+00:00,115820.2,115897.0,115793.5,115859.0,914.203
2025-09-20 14:00:00+00:00,115859.0,115975.0,115820.1,115899.1,1768.822
2025-09-20 15:00:00+00:00,115899.2,116059.2,115881.3,115928.5,2507.969
2025-09-20 16:00:00+00:00,115928.4,116000.0,115807.0,115965.8,1462.149
2025-09-20 17:00:00+00:00,115965.8,116017.9,115756.6,115760.0,1456.957
2025-09-20 18:00:00+00:00,115760.0,115760.0,115637.3,115654.2,1198.886
2025-09-20 19:00:00+00:00,115654.3,115743.2,115636.6,115636.6,883.464
2025-09-20 20:00:00+00:00,115636.6,115724.2,115625.7,115653.6,779.075
2025-09-20 21:00:00+00:00,115653.5,115887.6,115653.5,115724.2,889.066
2025-09-20 22:00:00+00:00,115724.2,115740.5,115679.9,115703.2,794.035
2025-09-20 23:00:00+00:00,115703.1,115703.2,115549.9,115624.9,1191.017
2025-09-21 00:00:00+00:00,115625.0,115671.2,115483.1,115587.3,1462.166
2025-09-21 01:00:00+00:00,115587.3,115587.4,115435.0,115435.1,910.328
2025-09-21 02:00:00+00:00,115435.1,115650.0,115388.0,115635.6,1531.802
2025-09-21 03:00:00+00:00,115635.7,115662.1,115560.7,115613.8,926.35
2025-09-21 04:00:00+00:00,115613.8,115614.9,115440.0,115440.1,796.412
2025-09-21 05:00:00+00:00,115440.0,115623.9,115430.2,115623.9,1173.638
2025-09-21 06:00:00+00:00,115623.9,115744.0,115623.8,115633.3,1234.662
2025-09-21 07:00:00+00:00,115633.3,115772.9,115556.7,115772.9,1652.007
2025-09-21 08:00:00+00:00,115772.8,115778.0,115509.5,115583.2,1350.457
2025-09-21 09:00:00+00:00,115583.1,115660.1,115277.0,115626.2,3162.625
2025-09-21 10:00:00+00:00,115626.1,115666.0,115445.0,115465.1,1114.306
2025-09-21 11:00:00+00:00,115465.1,115654.1,115459.0,115559.3,967.329
2025-09-21 12:00:00+00:00,115559.3,115703.9,115559.3,115623.8,995.574
2025-09-21 13:00:00+00:00,115623.9,115696.3,115583.3,115611.0,852.096
2025-09-21 14:00:00+00:00,115611.0,115638.7,115436.1,115446.4,1546.537
2025-09-21 15:00:00+00:00,115446.3,115557.0,115413.0,115471.1,1042.151
2025-09-21 16:00:00+00:00,115471.0,115500.6,115158.0,115270.8,2813.728
2025-09-21 17:00:00+00:00,115270.8,115596.0,115206.0,115581.3,1872.256
2025-09-21 18:00:00+00:00,115581.3,115620.0,115469.6,115481.6,1034.503
2025-09-21 19:00:00+00:00,115481.6,115481.6,115267.5,115441.0,1020.121
2025-09-21 20:00:00+00:00,115441.0,115458.2,115256.2,115256.3,750.452
2025-09-21 21:00:00+00:00,115256.2,115383.9,115181.7,115364.0,966.009
2025-09-21 22:00:00+00:00,115363.9,115510.7,115137.6,115485.6,1923.254
2025-09-21 23:00:00+00:00,115485.6,115485.7,115150.8,115183.9,1694.668
2025-09-22 00:00:00+00:00,115183.9,115344.6,114122.0,114335.9,15900.727
2025-09-22 01:00:00+00:00,114335.8,114700.0,114178.0,114211.8,8046.557
2025-09-22 02:00:00+00:00,114211.9,114563.4,114050.0,114126.0,7015.73
2025-09-22 03:00:00+00:00,114126.1,114602.9,114126.0,114602.9,3254.256
2025-09-22 04:00:00+00:00,114602.9,114604.9,114342.5,114380.1,2627.02
2025-09-22 05:00:00+00:00,114380.1,114499.4,113588.0,113635.6,4313.687
2025-09-22 06:00:00+00:00,113615.0,113636.5,111469.2,112748.8,36501.661
2025-09-22 07:00:00+00:00,112748.8,112948.8,112391.5,112454.4,10528.318
2025-09-22 08:00:00+00:00,112454.5,112724.5,112377.0,112568.3,4180.37
2025-09-22 09:00:00+00:00,112568.2,112616.5,112119.0,112288.6,5252.596
2025-09-22 10:00:00+00:00,112288.7,112800.0,112203.2,112732.6,3909.154
2025-09-22 11:00:00+00:00,112732.5,112927.0,112617.0,112814.1,2927.486
2025-09-22 12:00:00+00:00,112814.0,112814.1,112458.4,112682.1,3300.645
2025-09-22 13:00:00+00:00,112682.2,113100.0,112333.0,113087.1,5616.25
2025-09-22 14:00:00+00:00,113087.1,113413.5,112707.8,112892.0,12501.98
2025-09-22 15:00:00+00:00,112892.1,112986.0,112524.3,112768.7,4729.017
2025-09-22 16:00:00+00:00,112768.7,112839.0,112533.3,112558.3,2577.439
2025-09-22 17:00:00+00:00,112558.3,112576.8,112200.0,112350.0,4226.951
2025-09-22 18:00:00+00:00,112350.0,112776.1,112300.0,112385.6,3177.93
2025-09-22 19:00:00+00:00,112385.6,112549.6,111866.3,112072.9,7148.164
2025-09-22 20:00:00+00:00,112072.8,112942.4,111924.6,112732.1,5453.821
2025-09-22 21:00:00+00:00,112731.9,112923.0,112543.2,112922.9,2411.412
2025-09-22 22:00:00+00:00,112922.9,112923.0,112533.3,112584.1,2245.623
2025-09-22 23:00:00+00:00,112584.2,112699.9,112533.6,112604.7,1614.774
2025-09-23 00:00:00+00:00,112604.7,112808.4,112330.0,112347.2,3179.149
2025-09-23 01:00:00+00:00,112347.1,112474.0,112090.6,112115.2,2609.313
2025-09-23 02:00:00+00:00,112115.3,112450.0,111591.6,111760.4,6641.56
2025-09-23 03:00:00+00:00,111760.5,112417.4,111405.1,112294.0,8869.065
2025-09-23 04:00:00+00:00,112294.0,112426.6,111804.9,112377.6,4502.808
2025-09-23 05:00:00+00:00,112377.7,112850.0,112361.1,112616.6,5667.214
2025-09-23 06:00:00+00:00,112616.6,113070.0,112557.1,112924.1,4655.854
2025-09-23 07:00:00+00:00,112924.1,113080.0,112818.1,113048.1,4182.396
2025-09-23 08:00:00+00:00,113048.1,113144.2,112891.3,113087.9,4162.537
2025-09-23 09:00:00+00:00,113087.9,113236.0,112823.8,112892.5,3201.081
2025-09-23 10:00:00+00:00,112892.5,112971.1,112769.2,112929.0,2113.843
2025-09-23 11:00:00+00:00,112929.0,113039.1,112634.0,112938.6,3356.721
2025-09-23 12:00:00+00:00,112938.6,113010.0,112758.7,112885.8,2599.678
2025-09-23 13:00:00+00:00,112885.8,112969.8,112667.7,112894.1,3147.097
2025-09-23 14:00:00+00:00,112894.1,113254.8,112512.0,112602.3,6011.804
2025-09-23 15:00:00+00:00,112602.2,113025.2,112390.6,112828.6,4815.908
2025-09-23 16:00:00+00:00,112828.6,112927.8,112433.9,112763.8,4145.042
2025-09-23 17:00:00+00:00,112763.8,112779.4,111827.2,111919.2,7015.257
2025-09-23 18:00:00+00:00,111919.2,112168.6,111625.5,111728.3,6701.869
2025-09-23 19:00:00+00:00,111728.3,111941.6,111482.0,111611.8,4604.923
2025-09-23 20:00:00+00:00,111611.7,111949.1,111413.5,111936.4,3816.627
2025-09-23 21:00:00+00:00,111936.2,112151.6,111835.5,112108.6,2314.232
2025-09-23 22:00:00+00:00,112108.5,112171.2,111940.6,112107.0,1899.44
2025-09-23 23:00:00+00:00,112107.0,112178.0,111812.0,111947.0,2044.846
2025-09-24 00:00:00+00:00,111947.0,112338.3,111770.9,112175.1,3493.566
2025-09-24 01:00:00+00:00,112175.1,112466.6,112085.7,112394.6,2332.634
2025-09-24 02:00:00+00:00,112394.6,112450.0,111850.0,112070.2,5864.294
2025-09-24 03:00:00+00:00,112070.1,112172.3,111622.4,111639.7,4492.096
2025-09-24 04:00:00+00:00,111639.8,112336.7,110935.0,112122.5,13604.284
2025-09-24 05:00:00+00:00,112122.5,112630.0,112083.2,112595.9,3739.67
2025-09-24 06:00:00+00:00,112596.0,112732.8,112479.9,112551.1,3209.36
2025-09-24 07:00:00+00:00,112551.2,112695.4,112400.4,112544.7,2447.958
2025-09-24 08:00:00+00:00,112544.7,112596.6,112356.4,112574.3,2722.247
2025-09-24 09:00:00+00:00,112574.4,112796.5,112447.6,112691.0,1979.131
2025-09-24 10:00:00+00:00,112691.0,112911.0,112609.4,112883.2,3848.079
2025-09-24 11:00:00+00:00,112883.1,113121.8,112819.4,112982.0,6280.869
2025-09-24 12:00:00+00:00,112982.0,113050.0,112882.7,113010.8,2300.727
2025-09-24 13:00:00+00:00,113010.8,113177.6,112760.0,112780.2,6677.178
2025-09-24 14:00:00+00:00,112780.2,113850.0,112780.1,113662.7,11519.749
2025-09-24 15:00:00+00:00,113662.6,113843.0,113191.5,113299.9,7462.533
2025-09-24 16:00:00+00:00,113300.0,113700.0,113107.4,113668.9,4485.788
2025-09-24 17:00:00+00:00,113668.9,113895.8,113550.6,113700.1,4453.526
2025-09-24 18:00:00+00:00,113700.1,113777.5,113423.9,113595.0,2959.707
2025-09-24 19:00:00+00:00,113595.1,113632.4,113230.7,113371.7,2903.629
2025-09-24 20:00:00+00:00,113371.7,113557.0,113338.8,113447.6,1859.734
2025-09-24 21:00:00+00:00,113447.5,113529.6,113220.2,113284.3,1640.093
2025-09-24 22:00:00+00:00,113284.3,113590.0,113193.9,113274.8,2461.148
2025-09-24 23:00:00+00:00,113274.7,113374.0,113143.3,113254.0,2576.096
2025-09-25 00:00:00+00:00,113253.9,113462.1,112886.1,113002.1,4558.809
2025-09-25 01:00:00+00:00,113002.0,113322.0,112380.1,112615.7,9844.044
2025-09-25 02:00:00+00:00,112615.7,113140.8,112453.3,112852.0,5861.275
2025-09-25 03:00:00+00:00,112852.1,112852.1,112155.6,112485.8,6904.866
2025-09-25 04:00:00+00:00,112485.7,112574.6,111540.0,111684.3,13535.544
2025-09-25 05:00:00+00:00,111684.3,111994.0,111540.0,111690.4,5029.207
2025-09-25 06:00:00+00:00,111690.4,111802.1,111451.0,111474.4,3905.809
2025-09-25 07:00:00+00:00,111474.5,111836.7,111389.0,111708.5,4004.63
2025-09-25 08:00:00+00:00,111708.5,111980.4,111636.1,111678.7,3250.543
2025-09-25 09:00:00+00:00,111678.7,112220.3,111510.4,111510.4,5460.678
2025-09-25 10:00:00+00:00,111510.4,111821.6,111471.0,111601.6,2600.721
2025-09-25 11:00:00+00:00,111601.6,111676.9,111234.8,111316.1,4628.912
2025-09-25 12:00:00+00:00,111316.0,111617.3,111000.0,111080.0,10102.613
2025-09-25 13:00:00+00:00,111079.9,111682.6,110555.0,110958.5,16687.351
2025-09-25 14:00:00+00:00,110958.4,111680.8,110935.9,111483.0,8809.853
2025-09-25 15:00:00+00:00,111483.0,111538.4,110807.2,111538.4,6499.683
2025-09-25 16:00:00+00:00,111538.4,111636.6,110852.0,110907.9,5431.493
2025-09-25 17:00:00+00:00,110908.0,110930.0,108578.2,108793.9,26570.236
2025-09-25 18:00:00+00:00,108793.9,109759.7,108574.1,109708.3,12498.301
2025-09-25 19:00:00+00:00,109708.4,109926.7,109250.0,109320.5,6038.849
2025-09-25 20:00:00+00:00,109320.5,109447.9,109005.0,109126.8,3823.724
2025-09-25 21:00:00+00:00,109126.9,109619.5,109018.9,109360.8,2968.19
2025-09-25 22:00:00+00:00,109360.8,109534.9,109200.1,109369.5,2692.291
2025-09-25 23:00:00+00:00,109369.6,109637.3,108694.8,108934.5,6956.119
2025-09-26 00:00:00+00:00,108934.6,109563.9,108750.0,109419.1,7756.754
2025-09-26 01:00:00+00:00,109419.1,109720.0,109259.0,109640.0,4065.126
2025-09-26 02:00:00+00:00,109640.1,109766.0,109439.0,109581.8,2337.099
2025-09-26 03:00:00+00:00,109581.8,109610.4,109241.1,109537.6,3197.507
2025-09-26 04:00:00+00:00,109537.5,109588.8,109200.0,109300.0,2066.787
2025-09-26 05:00:00+00:00,109300.0,109538.4,109027.1,109202.8,3497.847
2025-09-26 06:00:00+00:00,109202.8,109584.5,108955.0,109298.8,5042.879
2025-09-26 07:00:00+00:00,109298.8,109538.3,108841.0,109257.3,8555.887
2025-09-26 08:00:00+00:00,109257.4,109568.0,109246.7,109520.2,3613.675
2025-09-26 09:00:00+00:00,109520.2,109653.6,109349.0,109522.5,2960.879
2025-09-26 10:00:00+00:00,109522.4,109532.0,108645.9,108848.2,6786.802
2025-09-26 11:00:00+00:00,108848.2,109157.6,108566.0,109082.9,4676.712
2025-09-26 12:00:00+00:00,109082.9,109534.1,108757.5,109330.1,7605.548
2025-09-26 13:00:00+00:00,109330.1,109742.3,108950.0,109621.3,8341.269
2025-09-26 14:00:00+00:00,109621.3,109731.5,108656.8,108796.7,8136.463
2025-09-26 15:00:00+00:00,108796.8,109313.7,108753.5,108976.0,4185.186
2025-09-26 16:00:00+00:00,108976.0,109576.5,108976.0,109408.6,2904.444
2025-09-26 17:00:00+00:00,109408.5,109966.5,109337.4,109847.3,6431.359
2025-09-26 18:00:00+00:00,109847.4,110250.0,109643.6,109669.9,5449.834
2025-09-26 19:00:00+00:00,109669.9,109669.9,108953.7,109115.9,7421.79
2025-09-26 20:00:00+00:00,109115.8,109289.6,109028.7,109233.8,2394.272
2025-09-26 21:00:00+00:00,109233.8,109479.2,109127.2,109412.4,1463.936
2025-09-26 22:00:00+00:00,109412.4,109554.0,109286.9,109505.2,1878.661
2025-09-26 23:00:00+00:00,109505.2,109641.6,109373.4,109588.5,1506.943
2025-09-27 00:00:00+00:00,109588.5,109606.6,109418.0,109596.0,1690.587
2025-09-27 01:00:00+00:00,109596.1,109607.0,109267.3,109384.3,1968.051
2025-09-27 02:00:00+00:00,109384.3,109432.3,109277.4,109348.5,1171.649
2025-09-27 03:00:00+00:00,109348.5,109700.0,109323.6,109503.8,2605.27
2025-09-27 04:00:00+00:00,109503.8,109694.2,109460.9,109598.1,1474.548
2025-09-27 05:00:00+00:00,109598.2,109631.2,109538.4,109587.0,728.849
2025-09-27 06:00:00+00:00,109587.0,109587.0,109432.2,109488.6,975.449
2025-09-27 07:00:00+00:00,109488.6,109517.4,109284.3,109354.8,1156.145
2025-09-27 08:00:00+00:00,109354.9,109354.9,109205.2,109205.2,2164.616
2025-09-27 09:00:00+00:00,109205.3,109309.7,109021.9,109250.0,2604.31
2025-09-27 10:00:00+00:00,109250.0,109449.2,109205.3,109385.4,2112.447
2025-09-27 11:00:00+00:00,109385.4,109401.9,109237.0,109265.8,722.479
2025-09-27 12:00:00+00:00,109265.8,109444.2,109190.8,109355.2,1901.945
2025-09-27 13:00:00+00:00,109355.2,109372.7,109264.9,109264.9,1373.388
2025-09-27 14:00:00+00:00,109264.9,109346.0,109201.3,109244.0,1066.365
2025-09-27 15:00:00+00:00,109243.9,109384.6,109145.0,109340.7,2706.391
2025-09-27 16:00:00+00:00,109340.8,109380.0,109255.6,109338.2,1762.479
2025-09-27 17:00:00+00:00,109338.3,109371.7,109188.1,109331.4,1855.921
2025-09-27 18:00:00+00:00,109330.9,109397.6,109291.4,109383.2,980.121
2025-09-27 19:00:00+00:00,109383.3,109394.2,109331.4,109369.3,572.464
2025-09-27 20:00:00+00:00,109369.4,109388.8,109305.5,109333.3,481.484
2025-09-27 21:00:00+00:00,109333.4,109435.4,109333.3,109420.3,710.932
2025-09-27 22:00:00+00:00,109420.2,109653.2,109420.2,109550.6,2009.483
2025-09-27 23:00:00+00:00,109550.6,109627.2,109399.3,109577.3,1076.551
2025-09-28 00:00:00+00:00,109577.2,109749.9,109489.6,109556.3,2457.573
2025-09-28 01:00:00+00:00,109556.3,109608.3,109284.1,109305.6,3778.661
2025-09-28 02:00:00+00:00,109305.5,109496.4,109296.0,109398.8,1491.701
2025-09-28 03:00:00+00:00,109398.9,109489.2,109364.2,109397.3,837.275
2025-09-28 04:00:00+00:00,109397.3,109445.1,109315.5,109329.4,669.613
2025-09-28 05:00:00+00:00,109329.4,109351.6,109292.0,109303.2,676.596
2025-09-28 06:00:00+00:00,109303.2,109410.4,109203.9,109358.7,1119.331
2025-09-28 07:00:00+00:00,109358.8,109500.0,109294.2,109468.5,1562.794
2025-09-28 08:00:00+00:00,109468.4,109544.8,109372.8,109462.7,1897.997
2025-09-28 09:00:00+00:00,109462.7,109520.4,109279.9,109477.5,2554.634
2025-09-28 10:00:00+00:00,109477.4,109477.5,109313.1,109323.4,1162.554
2025-09-28 11:00:00+00:00,109323.4,109399.0,109188.0,109319.9,2221.385
2025-09-28 12:00:00+00:00,109319.9,109400.0,109136.5,109266.9,3645.769
2025-09-28 13:00:00+00:00,109266.8,109625.1,109266.8,109580.9,3432.212
2025-09-28 14:00:00+00:00,109580.8,109842.9,109455.9,109801.2,4322.28
2025-09-28 15:00:00+00:00,109801.2,109990.0,109656.5,109990.0,4960.942
2025-09-28 16:00:00+00:00,109990.0,110350.0,109952.2,110172.5,5563.255
2025-09-28 17:00:00+00:00,110172.5,110325.7,110074.4,110153.5,4043.953
2025-09-28 18:00:00+00:00,110153.4,110237.5,110003.0,110237.5,1779.099
2025-09-28 19:00:00+00:00,110237.5,110333.0,110060.0,110281.6,1190.451
2025-09-28 20:00:00+00:00,110281.7,110888.0,110236.6,110748.0,5529.933
2025-09-28 21:00:00+00:00,110748.0,110835.8,110568.7,110788.1,1659.341
2025-09-28 22:00:00+00:00,110788.1,111981.2,110788.1,111881.5,12906.618
2025-09-28 23:00:00+00:00,111881.4,112300.0,111881.4,112119.6,7783.996
2025-09-29 00:00:00+00:00,112119.7,112269.3,111916.0,112211.2,4032.657
2025-09-29 01:00:00+00:00,112211.2,112266.2,111652.7,111800.7,6037.427
2025-09-29 02:00:00+00:00,111800.7,111975.5,111562.0,111690.8,5052.912
2025-09-29 03:00:00+00:00,111690.8,111817.9,111517.3,111817.9,3624.42
2025-09-29 04:00:00+00:00,111817.9,111860.0,111692.3,111752.7,2847.15
2025-09-29 05:00:00+00:00,111752.6,111769.0,111508.7,111699.9,2809.368
2025-09-29 06:00:00+00:00,111700.0,111811.1,111561.3,111580.1,2907.973
2025-09-29 07:00:00+00:00,111580.0,111814.8,111501.0,111814.7,3959.369
2025-09-29 08:00:00+00:00,111814.8,112381.3,111814.7,112033.4,7181.68
2025-09-29 09:00:00+00:00,112033.5,112166.2,111927.4,112050.0,2344.373
2025-09-29 10:00:00+00:00,112049.9,112185.4,111972.4,112034.9,2839.103
2025-09-29 11:00:00+00:00,112034.9,112069.7,111862.1,112052.0,3274.457
2025-09-29 12:00:00+00:00,112052.0,112492.2,111881.3,111972.6,4897.242
2025-09-29 13:00:00+00:00,111972.3,113443.6,111844.3,113168.2,19011.503
2025-09-29 14:00:00+00:00,113168.1,114188.0,113136.8,113956.7,17707.195
2025-09-29 15:00:00+00:00,113956.8,114060.0,113624.9,113752.0,6933.671
2025-09-29 16:00:00+00:00,113752.0,114011.4,113547.0,113580.2,4149.909
2025-09-29 17:00:00+00:00,113580.2,114137.8,113404.5,114000.0,5993.933
2025-09-29 18:00:00+00:00,114000.1,114094.2,113812.3,113959.9,2545.927
2025-09-29 19:00:00+00:00,113959.9,114349.7,113790.5,114204.8,4829.886
2025-09-29 20:00:00+00:00,114204.9,114377.2,114057.5,114190.3,4878.526
2025-09-29 21:00:00+00:00,114190.3,114279.2,114033.9,114120.9,1933.007
2025-09-29 22:00:00+00:00,114120.8,114166.1,113960.6,114125.9,2196.413
2025-09-29 23:00:00+00:00,114125.9,114359.1,114125.9,114257.1,3417.608
2025-09-30 00:00:00+00:00,114257.1,114800.0,113985.1,114465.8,7023.399
2025-09-30 01:00:00+00:00,114465.8,114756.2,114210.0,114455.0,5172.823
2025-09-30 02:00:00+00:00,114455.0,114542.4,114307.6,114405.5,3501.604
2025-09-30 03:00:00+00:00,114405.6,114473.7,114246.6,114321.5,2521.382
2025-09-30 04:00:00+00:00,114321.5,114321.5,114037.1,114037.2,2441.097
2025-09-30 05:00:00+00:00,114037.1,114159.1,113777.8,113856.9,5807.206
2025-09-30 06:00:00+00:00,113856.9,114040.9,113779.0,113840.2,2296.131
2025-09-30 07:00:00+00:00,113840.2,113948.7,113531.7,113662.4,4718.933
2025-09-30 08:00:00+00:00,113662.3,113700.0,113288.0,113409.2,5164.026
2025-09-30 09:00:00+00:00,113409.1,113416.6,112701.8,112743.1,7186.262
2025-09-30 10:00:00+00:00,112743.1,113049.8,112615.3,112876.5,6047.051
2025-09-30 11:00:00+00:00,112876.5,113091.5,112750.1,113003.7,3668.64
2025-09-30 12:00:00+00:00,113003.7,113202.5,112930.2,112950.0,4126.324
2025-09-30 13:00:00+00:00,112950.0,113623.8,112800.1,113338.7,9314.459
2025-09-30 14:00:00+00:00,113338.7,113582.8,112828.5,113539.5,7033.239
2025-09-30 15:00:00+00:00,113539.6,113543.2,112856.0,113055.4,4992.914
2025-09-30 16:00:00+00:00,113055.4,113242.6,112743.6,112798.6,4158.134
2025-09-30 17:00:00+00:00,112798.6,113470.0,112763.2,113198.8,4836.914
2025-09-30 18:00:00+00:00,113198.8,113658.0,113126.7,113658.0,3052.444
2025-09-30 19:00:00+00:00,113658.0,114528.2,113650.0,114309.1,9818.274
2025-09-30 20:00:00+00:00,114309.1,114684.7,114065.0,114569.8,5003.343
2025-09-30 21:00:00+00:00,114569.8,114720.0,114071.7,114108.0,4833.453
2025-09-30 22:00:00+00:00,114108.0,114310.9,113825.0,113883.4,3819.12
2025-09-30 23:00:00+00:00,113883.3,113988.8,113710.0,113988.8,2782.843
2025-10-01 00:00:00+00:00,113988.7,114246.0,113899.4,114181.1,3773.132
2025-10-01 01:00:00+00:00,114181.0,114498.0,114083.3,114491.6,3764.019
2025-10-01 02:00:00+00:00,114491.6,114494.0,114218.9,114219.0,2618.284
2025-10-01 03:00:00+00:00,114219.0,114481.2,114038.7,114135.9,5741.656
2025-10-01 04:00:00+00:00,114135.8,114669.0,114095.2,114227.8,5746.057
2025-10-01 05:00:00+00:00,114227.8,114700.0,114200.8,114511.4,4333.954
2025-10-01 06:00:00+00:00,114511.5,114570.1,114170.0,114212.8,3790.162
2025-10-01 07:00:00+00:00,114212.7,114539.1,114184.9,114480.8,2407.498
2025-10-01 08:00:00+00:00,114480.8,116599.8,114425.6,116060.5,30788.992
2025-10-01 09:00:00+00:00,116060.4,116500.0,115890.7,116372.4,10427.254
2025-10-01 10:00:00+00:00,116372.3,116520.0,116154.5,116233.6,4222.994
2025-10-01 11:00:00+00:00,116233.5,116750.0,116228.1,116736.8,6450.112
2025-10-01 12:00:00+00:00,116736.8,116850.0,116311.5,116373.7,7240.985
2025-10-01 13:00:00+00:00,116373.8,116802.0,116370.4,116762.5,5404.326
2025-10-01 14:00:00+00:00,116761.9,117400.0,116655.2,117245.3,13123.333
2025-10-01 15:00:00+00:00,117245.4,117647.8,117031.0,117366.4,6346.913
2025-10-01 16:00:00+00:00,117366.5,118190.0,117259.3,117480.1,17613.731
2025-10-01 17:00:00+00:00,117480.0,117649.2,116687.5,116734.2,9324.856
2025-10-01 18:00:00+00:00,116734.3,117312.7,116731.4,117192.3,5118.281
2025-10-01 19:00:00+00:00,117192.3,117572.7,117167.6,117374.1,3499.224
2025-10-01 20:00:00+00:00,117374.0,117493.6,117104.1,117474.6,3175.885
2025-10-01 21:00:00+00:00,117474.7,117524.9,117276.3,117503.2,1465.246
2025-10-01 22:00:00+00:00,117503.2,118041.9,117503.2,117695.8,5429.622
2025-10-01 23:00:00+00:00,117695.8,118631.8,117634.9,118552.4,11182.913
2025-10-02 00:00:00+00:00,118552.0,119457.0,118367.0,118397.0,15039.878
2025-10-02 01:00:00+00:00,118397.0,118862.0,118335.0,118577.4,4265.244
2025-10-02 02:00:00+00:00,118577.5,118748.8,118433.4,118697.4,4596.695
2025-10-02 03:00:00+00:00,118697.3,119043.4,118652.5,118697.0,6458.231
2025-10-02 04:00:00+00:00,118697.0,118893.8,118372.0,118616.8,3643.919
2025-10-02 05:00:00+00:00,118616.7,118641.8,118226.4,118329.7,3182.782
2025-10-02 06:00:00+00:00,118329.7,118644.8,118251.3,118600.0,3064.694
2025-10-02 07:00:00+00:00,118599.9,118629.8,118377.1,118444.1,1956.72
2025-10-02 08:00:00+00:00,118444.1,118647.7,118307.3,118635.4,2205.712
2025-10-02 09:00:00+00:00,118635.3,118827.7,118521.7,118813.3,2704.861
2025-10-02 10:00:00+00:00,118813.3,118885.8,118530.8,118575.3,2351.811
2025-10-02 11:00:00+00:00,118575.3,118843.8,118481.6,118716.0,2216.764
2025-10-02 12:00:00+00:00,118716.1,119361.4,118690.4,119360.1,6547.795
2025-10-02 13:00:00+00:00,119360.0,119733.0,118868.2,119559.6,11332.135
2025-10-02 14:00:00+00:00,119559.6,119747.2,118606.2,118768.0,11360.065
2025-10-02 15:00:00+00:00,118768.1,119889.0,118458.4,119875.1,13518.21
2025-10-02 16:00:00+00:00,119875.1,120291.0,119564.9,119694.0,11959.603
2025-10-02 17:00:00+00:00,119694.0,119916.8,119317.0,119869.1,5205.304
2025-10-02 18:00:00+00:00,119869.1,120637.2,119859.9,120461.6,8242.659
2025-10-02 19:00:00+00:00,120461.6,120999.0,120398.2,120787.9,11000.641
2025-10-02 20:00:00+00:00,120787.8,120880.9,120258.1,120598.8,5063.339
2025-10-02 21:00:00+00:00,120598.9,120735.0,120105.1,120105.2,2690.851
2025-10-02 22:00:00+00:00,120105.1,120372.1,120018.0,120208.8,2926.964
2025-10-02 23:00:00+00:00,120208.7,120633.0,120191.9,120481.3,3922.061
2025-10-03 00:00:00+00:00,120481.3,120505.5,120033.0,120097.1,3259.382
2025-10-03 01:00:00+00:00,120097.2,120255.1,119766.0,119832.6,4258.894
2025-10-03 02:00:00+00:00,119832.6,120237.9,119823.6,120117.9,2922.748
2025-10-03 03:00:00+00:00,120118.0,120447.2,120108.5,120185.4,3863.558
2025-10-03 04:00:00+00:00,120185.4,120281.6,119954.8,120000.2,1994.259
2025-10-03 05:00:00+00:00,120000.2,120033.0,119700.0,119894.5,3047.843
2025-10-03 06:00:00+00:00,119894.5,120040.0,119725.2,119882.6,2240.544
2025-10-03 07:00:00+00:00,119882.5,119985.5,119579.6,119620.1,5028.064
2025-10-03 08:00:00+00:00,119620.1,120058.2,119200.0,120007.0,7679.094
2025-10-03 09:00:00+00:00,120007.0,120342.0,119968.6,120257.8,4545.005
2025-10-03 10:00:00+00:00,120257.9,120484.1,120226.0,120392.8,2723.71
2025-10-03 11:00:00+00:00,120392.9,120444.2,120100.0,120307.2,2932.482
2025-10-03 12:00:00+00:00,120307.2,120377.9,120061.3,120320.7,2705.427
2025-10-03 13:00:00+00:00,120320.6,120687.3,120058.0,120325.0,6272.209
2025-10-03 14:00:00+00:00,120325.1,120935.0,119820.4,120861.4,9725.424
2025-10-03 15:00:00+00:00,120861.4,122399.9,120579.1,122238.5,19913.125
2025-10-03 16:00:00+00:00,122238.5,123900.0,122238.5,122527.1,34220.437
2025-10-03 17:00:00+00:00,122527.0,123092.5,121528.1,122035.5,27849.181
2025-10-03 18:00:00+00:00,122035.6,122714.2,121425.5,122505.6,8419.219
2025-10-03 19:00:00+00:00,122505.7,122930.3,122313.0,122609.3,4212.991
2025-10-03 20:00:00+00:00,122609.3,122694.1,121986.3,122402.2,3803.672
2025-10-03 21:00:00+00:00,122402.3,122406.2,121944.7,122245.2,2709.706
2025-10-03 22:00:00+00:00,122245.2,122622.7,122245.2,122427.7,1705.507
2025-10-03 23:00:00+00:00,122427.7,122427.7,122125.1,122182.7,1847.781
2025-10-04 00:00:00+00:00,122182.6,122256.4,121936.2,122076.4,4446.878
2025-10-04 01:00:00+00:00,122076.4,122076.4,121650.8,121818.9,4327.838
2025-10-04 02:00:00+00:00,121819.0,122000.0,121636.4,121811.7,5212.689
2025-10-04 03:00:00+00:00,121811.7,122301.9,121781.9,122197.2,2552.358
2025-10-04 04:00:00+00:00,122197.3,122486.8,122168.4,122448.8,3824.172
2025-10-04 05:00:00+00:00,122448.7,122781.1,122353.8,122480.6,4647.445
2025-10-04 06:00:00+00:00,122480.7,122551.3,122325.6,122388.9,2731.398
2025-10-04 07:00:00+00:00,122388.9,122414.8,122209.7,122271.3,1963.167
2025-10-04 08:00:00+00:00,122271.4,122497.4,122141.5,122226.2,2983.378
2025-10-04 09:00:00+00:00,122226.2,122414.1,122133.0,122168.0,1461.06
2025-10-04 10:00:00+00:00,122168.0,122293.2,122062.1,122075.0,1435.363
2025-10-04 11:00:00+00:00,122075.1,122177.3,121908.3,121924.6,2267.611
2025-10-04 12:00:00+00:00,121924.6,122060.4,121891.2,121955.0,1602.928
2025-10-04 13:00:00+00:00,121954.9,122480.9,121954.9,122335.5,3598.48
2025-10-04 14:00:00+00:00,122335.5,122411.5,121944.3,121944.4,2182.577
2025-10-04 15:00:00+00:00,121944.4,122085.1,121638.5,121744.8,6087.883
2025-10-04 16:00:00+00:00,121744.8,121920.0,121533.3,121668.5,5970.074
2025-10-04 17:00:00+00:00,121668.4,121869.6,121610.0,121698.0,2172.198
2025-10-04 18:00:00+00:00,121698.0,121784.3,121432.0,121533.4,2706.467
2025-10-04 19:00:00+00:00,121533.3,121919.0,121533.3,121919.0,1561.26
2025-10-04 20:00:00+00:00,121918.9,122055.4,121832.8,121832.8,1604.028
2025-10-04 21:00:00+00:00,121832.9,122310.7,121813.4,122139.9,2415.945
2025-10-04 22:00:00+00:00,122139.9,122322.2,122089.2,122230.9,1463.448
2025-10-04 23:00:00+00:00,122231.0,122374.8,122159.9,122343.2,1260.565
2025-10-05 00:00:00+00:00,122343.2,122369.3,122101.2,122112.5,1635.07
2025-10-05 01:00:00+00:00,122112.5,122377.7,122088.1,122326.9,1793.004
2025-10-05 02:00:00+00:00,122326.8,124374.0,122290.5,124012.2,22852.73
2025-10-05 03:00:00+00:00,124012.2,124153.3,123303.6,123735.7,8450.374
2025-10-05 04:00:00+00:00,123735.7,125877.3,123678.0,125167.5,21559.855
2025-10-05 05:00:00+00:00,125167.4,125420.1,124856.2,125103.0,9910.344
2025-10-05 06:00:00+00:00,125103.0,125215.6,124784.4,124977.7,4901.981
2025-10-05 07:00:00+00:00,124977.7,125147.0,124558.8,124692.4,6424.283
2025-10-05 08:00:00+00:00,124692.5,124843.0,124524.9,124580.9,3951.4
2025-10-05 09:00:00+00:00,124581.0,124644.9,122720.4,122998.0,21076.326
2025-10-05 10:00:00+00:00,122998.0,123102.6,122472.0,122980.9,10093.997
2025-10-05 11:00:00+00:00,122981.0,123500.0,122788.0,123413.2,6432.708
2025-10-05 12:00:00+00:00,123413.3,123413.3,122875.4,123035.8,3676.748
2025-10-05 13:00:00+00:00,123035.9,123295.0,123012.3,123120.0,2266.769
2025-10-05 14:00:00+00:00,123119.9,123288.6,122684.9,122983.4,3795.957
2025-10-05 15:00:00+00:00,122983.2,122983.2,122600.0,122753.0,2669.265
2025-10-05 16:00:00+00:00,122752.9,123295.0,122160.0,123210.1,9044.185
2025-10-05 17:00:00+00:00,123210.0,123422.0,122840.9,123013.9,4795.143
2025-10-05 18:00:00+00:00,123013.8,123166.7,122814.7,122963.5,2846.9
2025-10-05 19:00:00+00:00,122963.5,122982.9,122442.6,122550.4,3318.983
2025-10-05 20:00:00+00:00,122550.5,123023.9,122425.7,122648.5,2446.382
2025-10-05 21:00:00+00:00,122648.1,122751.6,122440.1,122682.3,1439.664
2025-10-05 22:00:00+00:00,122682.3,123228.0,122682.2,123188.5,2865.653
2025-10-05 23:00:00+00:00,123188.5,123453.5,123166.0,123426.7,4323.279
2025-10-06 00:00:00+00:00,123426.7,124336.3,123018.5,123295.8,12174.141
2025-10-06 01:00:00+00:00,123295.9,124218.0,123140.3,123980.8,5613.509
2025-10-06 02:00:00+00:00,123980.8,124200.0,123385.2,124066.9,5103.031
2025-10-06 03:00:00+00:00,124066.8,124086.6,123689.3,123792.9,2045.13
2025-10-06 04:00:00+00:00,123792.8,123955.0,123525.1,123538.2,2359.969
2025-10-06 05:00:00+00:00,123538.2,123710.8,123223.9,123522.3,4097.688
2025-10-06 06:00:00+00:00,123522.3,124137.7,123522.3,123900.0,3773.234
2025-10-06 07:00:00+00:00,123900.1,123988.1,123217.9,123332.3,4307.757
2025-10-06 08:00:00+00:00,123332.4,123837.7,123332.3,123800.0,3099.874
2025-10-06 09:00:00+00:00,123800.0,124020.8,123725.5,123915.2,2682.699
2025-10-06 10:00:00+00:00,123915.1,124104.0,123850.0,123920.0,2773.002
2025-10-06 11:00:00+00:00,123920.0,124500.0,123682.1,124161.2,5885.806
2025-10-06 12:00:00+00:00,124161.3,124647.6,124123.3,124495.3,5659.872
2025-10-06 13:00:00+00:00,124495.2,125062.9,124320.0,124967.8,11405.149
2025-10-06 14:00:00+00:00,124967.7,125281.0,124245.0,124475.9,12831.163
2025-10-06 15:00:00+00:00,124475.9,125375.0,124452.1,124946.2,7559.411
2025-10-06 16:00:00+00:00,124946.2,125480.0,124742.5,125417.8,6017.336
2025-10-06 17:00:00+00:00,125417.7,125789.7,125068.7,125235.2,9347.637
2025-10-06 18:00:00+00:00,125235.3,126208.5,124979.0,125986.0,10098.723
2025-10-06 19:00:00+00:00,125986.1,126093.7,125185.1,125357.3,7784.581
2025-10-06 20:00:00+00:00,125357.3,125500.0,124986.0,125170.0,3465.483
2025-10-06 21:00:00+00:00,125170.1,125248.1,124463.0,125062.0,7129.865
2025-10-06 22:00:00+00:00,125062.1,125245.4,124733.0,124999.8,3146.75
2025-10-06 23:00:00+00:00,124999.9,125060.0,124592.0,124628.5,1839.519
2025-10-07 00:00:00+00:00,124628.6,124886.6,124541.8,124850.3,2583.326
2025-10-07 01:00:00+00:00,124850.4,125047.0,124387.6,124658.0,3426.949
2025-10-07 02:00:00+00:00,124657.9,124658.0,124100.8,124205.5,3951.964
2025-10-07 03:00:00+00:00,124205.6,124527.7,124055.0,124277.7,3088.654
2025-10-07 04:00:00+00:00,124277.8,124631.9,124056.1,124449.8,4457.308
2025-10-07 05:00:00+00:00,124449.8,124588.0,124176.1,124349.0,3189.712
2025-10-07 06:00:00+00:00,124349.0,124410.2,123720.3,123852.6,5451.727
2025-10-07 07:00:00+00:00,123852.6,124009.9,123503.9,123627.1,5057.593
2025-10-07 08:00:00+00:00,123627.1,123948.7,123261.6,123813.1,8368.861
2025-10-07 09:00:00+00:00,123813.1,124199.2,123799.5,124049.2,3346.133
2025-10-07 10:00:00+00:00,124049.2,124372.0,123951.6,124229.9,3077.951
2025-10-07 11:00:00+00:00,124229.9,124471.4,124110.7,124397.2,3650.54
2025-10-07 12:00:00+00:00,124397.1,125098.0,124271.8,124869.5,6261.387
2025-10-07 13:00:00+00:00,124869.4,125012.9,123300.1,123825.4,15072.644
2025-10-07 14:00:00+00:00,123825.4,123943.1,122500.1,122684.0,20125.053
2025-10-07 15:00:00+00:00,122684.1,122819.4,121102.0,121788.3,29512.703
2025-10-07 16:00:00+00:00,121788.2,122049.7,120720.2,121621.5,19089.656
2025-10-07 17:00:00+00:00,121621.6,121763.6,121016.6,121073.1,8127.749
2025-10-07 18:00:00+00:00,121073.2,121270.1,120516.0,120838.0,12276.786
2025-10-07 19:00:00+00:00,120838.0,122000.0,120801.6,121593.6,8700.79
2025-10-07 20:00:00+00:00,121593.5,122142.6,121593.5,121885.4,3624.456
2025-10-07 21:00:00+00:00,121885.4,122255.4,121710.9,121954.1,3058.192
2025-10-07 22:00:00+00:00,121954.0,122134.8,121735.2,121956.8,1987.061
2025-10-07 23:00:00+00:00,121956.8,121961.1,121218.0,121286.5,4412.152
2025-10-08 00:00:00+00:00,121286.6,122042.0,121219.0,121868.9,6392.236
2025-10-08 01:00:00+00:00,121868.9,122011.8,121550.1,121911.3,4292.439
2025-10-08 02:00:00+00:00,121911.3,122196.9,121761.3,121995.0,3485.274
2025-10-08 03:00:00+00:00,121995.1,121995.1,121137.0,121333.1,5519.01
2025-10-08 04:00:00+00:00,121333.1,121880.0,121005.3,121865.4,4410.095
2025-10-08 05:00:00+00:00,121865.4,121868.3,121124.2,121338.0,5142.052
2025-10-08 06:00:00+00:00,121338.1,121814.0,121020.0,121749.0,3514.474
2025-10-08 07:00:00+00:00,121749.1,121836.6,121272.7,121550.4,3075.21
2025-10-08 08:00:00+00:00,121550.5,122820.0,121468.5,122332.6,9934.071
2025-10-08 09:00:00+00:00,122332.7,122600.0,122324.5,122485.0,3783.259
2025-10-08 10:00:00+00:00,122485.0,123074.8,122449.9,122885.7,5013.814
2025-10-08 11:00:00+00:00,122885.7,123150.0,122672.8,122825.7,3958.072
2025-10-08 12:00:00+00:00,122825.8,123009.6,122478.9,122580.3,3938.915
2025-10-08 13:00:00+00:00,122580.2,122729.8,121607.8,122540.4,9406.952
2025-10-08 14:00:00+00:00,122540.4,123312.9,122043.1,122268.4,12871.926
2025-10-08 15:00:00+00:00,122268.3,122577.9,121888.0,122140.1,4202.333
2025-10-08 16:00:00+00:00,122140.1,123088.0,122055.8,122999.9,5578.52
2025-10-08 17:00:00+00:00,122999.9,124170.6,122903.8,123985.5,12587.436
2025-10-08 18:00:00+00:00,123985.5,124169.2,123359.7,123389.8,6491.498
2025-10-08 19:00:00+00:00,123389.8,123690.0,123095.0,123381.8,4991.059
2025-10-08 20:00:00+00:00,123381.8,123671.5,122757.5,122784.6,3554.34
2025-10-08 21:00:00+00:00,122784.6,123272.2,122739.7,123231.4,2193.237
2025-10-08 22:00:00+00:00,123231.5,123362.9,123126.1,123126.1,1085.748
2025-10-08 23:00:00+00:00,123126.0,123475.3,122981.2,123237.5,1677.816
2025-10-09 00:00:00+00:00,123237.4,123279.7,122782.0,122782.0,2259.548
2025-10-09 01:00:00+00:00,122782.0,122806.0,122272.7,122496.6,4263.072
2025-10-09 02:00:00+00:00,122496.5,122496.6,121411.8,121573.2,7100.068
2025-10-09 03:00:00+00:00,121573.2,122080.7,121558.8,121988.4,3850.339
2025-10-09 04:00:00+00:00,121988.4,122221.0,121845.2,122087.6,2983.305
2025-10-09 05:00:00+00:00,122087.6,122150.4,121762.2,122052.6,3025.849
2025-10-09 06:00:00+00:00,122052.6,122139.1,121810.4,121900.4,2300.599
2025-10-09 07:00:00+00:00,121900.3,122006.7,121657.3,121847.9,2381.687
2025-10-09 08:00:00+00:00,121847.8,121909.7,121081.5,121202.4,8228.417
2025-10-09 09:00:00+00:00,121202.4,121790.0,121202.4,121753.3,3968.581
2025-10-09 10:00:00+00:00,121753.4,122287.2,121591.4,122106.2,4106.878
2025-10-09 11:00:00+00:00,122106.1,122777.0,122106.1,122672.9,4954.179
2025-10-09 12:00:00+00:00,122673.0,123740.1,122640.3,123500.0,11060.066
2025-10-09 13:00:00+00:00,123500.0,123598.8,122227.7,122357.0,12854.585
2025-10-09 14:00:00+00:00,122357.0,122533.4,120666.9,121235.1,28413.276
2025-10-09 15:00:00+00:00,121235.1,121663.0,120595.5,121079.4,10189.341
2025-10-09 16:00:00+00:00,121079.4,121426.7,119619.0,119752.1,18266.265
2025-10-09 17:00:00+00:00,119752.1,121000.3,119572.8,120915.6,13833.993
2025-10-09 18:00:00+00:00,120915.5,121051.2,120319.0,120600.0,6755.102
2025-10-09 19:00:00+00:00,120600.0,121060.1,120600.0,120897.6,3150.827
2025-10-09 20:00:00+00:00,120897.6,121147.2,120787.9,121045.4,2403.121
2025-10-09 21:00:00+00:00,121045.3,121457.2,120998.3,121407.8,2607.265
2025-10-09 22:00:00+00:00,121407.9,121712.4,121342.0,121619.5,2246.745
2025-10-09 23:00:00+00:00,121619.6,121671.1,121271.3,121579.3,2393.272
2025-10-10 00:00:00+00:00,121579.4,121808.0,121523.7,121682.2,2192.456
2025-10-10 01:00:00+00:00,121682.2,121835.5,121425.3,121575.3,2043.45
2025-10-10 02:00:00+00:00,121575.2,121595.4,120850.0,121007.2,7284.28
2025-10-10 03:00:00+00:00,121007.1,121535.3,120852.4,120960.8,4593.928
2025-10-10 04:00:00+00:00,120960.8,121342.5,120956.8,121192.7,3204.548
2025-10-10 05:00:00+00:00,121192.6,121559.1,120933.7,121529.6,3217.901
2025-10-10 06:00:00+00:00,121529.6,121712.2,121194.3,121315.0,3603.694
2025-10-10 07:00:00+00:00,121315.1,121336.5,120814.0,120886.1,3610.197
2025-10-10 08:00:00+00:00,120886.1,121624.4,120869.2,121570.5,2969.125
2025-10-10 09:00:00+00:00,121570.5,121728.3,121209.3,121249.9,3484.086
2025-10-10 10:00:00+00:00,121250.0,121489.2,121163.2,121443.4,1930.588
2025-10-10 11:00:00+00:00,121443.4,121608.0,121361.8,121493.2,1664.754
2025-10-10 12:00:00+00:00,121493.2,121638.7,121353.7,121534.8,1997.407
2025-10-10 13:00:00+00:00,121534.8,122497.0,121313.6,121609.1,11634.251
2025-10-10 14:00:00+00:00,121609.1,122000.0,120408.1,120436.4,11150.897
2025-10-10 15:00:00+00:00,120436.3,120583.7,118424.4,118965.3,42319.799
2025-10-10 16:00:00+00:00,118965.2,119403.4,118150.0,118150.0,18124.805
2025-10-10 17:00:00+00:00,118150.0,118379.7,117517.6,117590.8,16494.33
2025-10-10 18:00:00+00:00,117590.8,117825.2,117161.8,117178.5,8458.336
2025-10-10 19:00:00+00:00,117178.5,117300.0,115845.0,116605.3,24765.057
2025-10-10 20:00:00+00:00,116605.2,117145.3,112786.6,114198.0,31493.849
2025-10-10 21:00:00+00:00,114200.4,115075.6,101516.5,113253.6,131850.219
2025-10-10 22:00:00+00:00,113253.6,114071.0,111020.4,113606.3,34907.263
2025-10-10 23:00:00+00:00,113606.2,114829.7,112688.0,112714.9,18968.412
2025-10-11 00:00:00+00:00,112715.0,113142.7,111580.0,112463.3,14580.739
2025-10-11 01:00:00+00:00,112463.3,112489.9,110987.0,111060.0,10235.747
2025-10-11 02:00:00+00:00,111060.0,113273.3,111045.5,113175.4,11544.619
2025-10-11 03:00:00+00:00,113175.3,113300.1,111750.0,112261.9,8661.073
2025-10-11 04:00:00+00:00,112261.6,112931.9,111633.2,112905.3,6024.071
2025-10-11 05:00:00+00:00,112905.3,112908.8,111982.5,112338.3,6432.687
2025-10-11 06:00:00+00:00,112338.2,112718.9,111982.5,112000.0,4240.158
2025-10-11 07:00:00+00:00,112000.1,112050.0,110022.0,110338.7,21323.348
2025-10-11 08:00:00+00:00,110338.7,111497.2,110100.5,111273.7,8094.912
2025-10-11 09:00:00+00:00,111273.7,111855.5,111212.6,111576.8,5628.481
2025-10-11 10:00:00+00:00,111576.9,112214.8,111571.3,112063.2,5208.104
2025-10-11 11:00:00+00:00,112063.1,112307.6,111632.0,112224.6,4561.493
2025-10-11 12:00:00+00:00,112224.6,112423.0,111976.3,112319.6,3581.577
2025-10-11 13:00:00+00:00,112319.6,112466.2,111810.6,112208.6,4975.789
2025-10-11 14:00:00+00:00,112208.7,112297.1,111823.8,111934.5,4051.358
2025-10-11 15:00:00+00:00,111934.5,112342.2,111740.8,111744.4,4090.174
2025-10-11 16:00:00+00:00,111744.4,112046.4,111353.1,111803.8,4774.059
2025-10-11 17:00:00+00:00,111803.8,112142.0,111666.0,111944.5,3270.341
2025-10-11 18:00:00+00:00,111944.5,111976.0,111776.7,111907.2,1569.065
2025-10-11 19:00:00+00:00,111907.2,111980.0,110800.1,111126.7,7497.172
2025-10-11 20:00:00+00:00,111126.6,111333.5,109600.0,110184.8,9952.586
2025-10-11 21:00:00+00:00,110184.8,110953.8,109501.0,110832.7,6445.635
2025-10-11 22:00:00+00:00,110832.6,111247.6,110584.3,110978.8,3813.037
2025-10-11 23:00:00+00:00,110978.8,111060.8,110576.8,110579.1,3115.365
2025-10-12 00:00:00+00:00,110579.1,110613.7,109509.3,109600.7,7150.799
2025-10-12 01:00:00+00:00,109600.7,110275.0,109589.5,109928.6,6630.43
2025-10-12 02:00:00+00:00,109928.6,110670.5,109544.2,110072.2,9248.719
2025-10-12 03:00:00+00:00,110072.2,111424.0,109950.0,110643.3,8994.562
2025-10-12 04:00:00+00:00,110643.3,111909.5,110561.8,111486.1,6082.448
2025-10-12 05:00:00+00:00,111486.1,111755.7,111142.8,111642.4,3736.053
2025-10-12 06:00:00+00:00,111642.4,112110.0,111546.0,111634.8,4509.08
2025-10-12 07:00:00+00:00,111634.9,111884.8,111433.7,111464.0,4420.03
2025-10-12 08:00:00+00:00,111463.9,111746.2,111233.0,111244.1,5785.539
2025-10-12 09:00:00+00:00,111244.0,111854.0,111070.4,111772.1,4247.26
2025-10-12 10:00:00+00:00,111772.2,111963.9,111377.5,111589.7,4056.976
2025-10-12 11:00:00+00:00,111589.7,112084.3,111407.1,111783.8,5090.636
2025-10-12 12:00:00+00:00,111783.8,112191.5,111470.9,111711.3,6167.78
2025-10-12 13:00:00+00:00,111711.3,111877.7,111191.1,111238.1,7383.682
2025-10-12 14:00:00+00:00,111238.1,112929.0,111111.0,112260.0,21261.074
2025-10-12 15:00:00+00:00,112260.1,113687.6,111996.9,113119.0,25751.915
2025-10-12 16:00:00+00:00,113119.0,114654.5,113119.0,113993.4,21325.846
2025-10-12 17:00:00+00:00,113993.4,114396.5,113400.0,113729.4,11895.658
2025-10-12 18:00:00+00:00,113729.4,114183.1,113463.2,113815.9,6222.926
2025-10-12 19:00:00+00:00,113816.0,114346.2,113754.8,114288.7,4601.319
2025-10-12 20:00:00+00:00,114288.8,115400.0,114288.7,114864.5,11389.879
2025-10-12 21:00:00+00:00,114864.4,115594.6,114200.0,114822.0,10611.041
2025-10-12 22:00:00+00:00,114822.0,115730.3,114822.0,115160.7,14030.628
2025-10-12 23:00:00+00:00,115160.7,115298.3,114676.1,114894.4,7333.757
2025-10-13 00:00:00+00:00,114894.5,115844.8,114703.9,115220.0,11349.302
2025-10-13 01:00:00+00:00,115220.0,115700.0,115010.2,115638.0,8024.815
2025-10-13 02:00:00+00:00,115638.0,115912.0,114941.0,115275.0,7753.104
2025-10-13 03:00:00+00:00,115275.0,115573.7,114566.1,114773.6,6738.858
2025-10-13 04:00:00+00:00,114773.5,114958.0,114357.2,114656.6,8731.401
2025-10-13 05:00:00+00:00,114656.5,114785.8,114458.1,114570.2,4377.029
2025-10-13 06:00:00+00:00,114570.1,115333.2,114369.2,115168.4,6799.646
2025-10-13 07:00:00+00:00,115168.4,115500.0,114970.8,115341.7,7108.473
2025-10-13 08:00:00+00:00,115341.7,115376.3,115070.1,115193.8,4720.892
2025-10-13 09:00:00+00:00,115193.7,115193.8,114682.8,115057.2,5469.242
2025-10-13 10:00:00+00:00,115057.2,115098.9,114670.1,114754.8,4436.287
2025-10-13 11:00:00+00:00,114754.7,114754.7,113600.5,114129.3,15304.985
2025-10-13 12:00:00+00:00,114129.2,114707.0,113871.8,114360.0,8065.134
2025-10-13 13:00:00+00:00,114359.9,115488.9,114160.5,115291.5,19065.798
2025-10-13 14:00:00+00:00,115291.4,115420.1,113721.2,113973.6,16080.037
2025-10-13 15:00:00+00:00,113973.5,114683.5,113917.4,114260.7,9039.245
2025-10-13 16:00:00+00:00,114260.8,115139.0,114200.1,114596.6,11392.715
2025-10-13 17:00:00+00:00,114596.6,115025.0,114151.0,114990.1,8115.683
2025-10-13 18:00:00+00:00,114990.1,115332.7,114653.2,115107.7,9985.784
2025-10-13 19:00:00+00:00,115107.7,115827.6,115011.6,115726.6,9260.522
2025-10-13 20:00:00+00:00,115726.6,115817.4,115323.9,115656.9,4129.452
2025-10-13 21:00:00+00:00,115656.9,115741.3,115491.8,115651.0,2094.288
2025-10-13 22:00:00+00:00,115651.1,115777.2,115371.3,115443.3,2777.443
2025-10-13 23:00:00+00:00,115443.2,115443.3,114930.1,115111.9,5176.648
2025-10-14 00:00:00+00:00,115112.0,115360.2,114800.1,114904.1,5711.522
2025-10-14 01:00:00+00:00,114904.0,114937.8,114073.4,114216.2,6270.384
2025-10-14 02:00:00+00:00,114216.1,114237.5,113566.1,113566.2,8418.979
2025-10-14 03:00:00+00:00,113566.1,113639.0,113210.6,113441.0,11467.311
2025-10-14 04:00:00+00:00,113440.9,113534.3,112718.0,113012.9,13712.718
2025-10-14 05:00:00+00:00,113012.9,113677.9,112300.1,112438.3,22084.562
2025-10-14 06:00:00+00:00,112438.3,112650.0,111302.0,111933.5,17290.46
2025-10-14 07:00:00+00:00,111933.4,112147.3,111412.5,111665.2,13125.134
2025-10-14 08:00:00+00:00,111665.2,112100.1,111456.0,111748.1,9026.599
2025-10-14 09:00:00+00:00,111748.1,111950.0,111002.8,111237.4,9691.358
2025-10-14 10:00:00+00:00,111237.4,111286.2,109969.2,110573.9,15426.841
2025-10-14 11:00:00+00:00,110573.9,111561.2,110552.3,111241.4,10655.933
2025-10-14 12:00:00+00:00,111241.4,111291.9,110675.0,110741.1,6080.125
2025-10-14 13:00:00+00:00,110741.2,111313.5,109802.0,110961.4,18514.451
2025-10-14 14:00:00+00:00,110961.4,112163.8,110860.8,111369.2,14874.422
2025-10-14 15:00:00+00:00,111369.2,112839.9,110998.7,112823.0,13312.512
2025-10-14 16:00:00+00:00,112822.9,113233.2,112101.9,112253.1,17115.195
2025-10-14 17:00:00+00:00,112253.1,112868.0,111615.1,112690.5,14258.098
2025-10-14 18:00:00+00:00,112690.6,113391.4,112576.5,112784.2,8218.156
2025-10-14 19:00:00+00:00,112784.1,113480.0,111952.0,112543.9,11449.879
2025-10-14 20:00:00+00:00,112543.9,112950.0,112164.6,112939.0,3482.556
2025-10-14 21:00:00+00:00,112939.0,113142.8,112634.8,113060.1,2144.632
2025-10-14 22:00:00+00:00,113060.1,113557.9,112762.6,113150.1,4246.163
2025-10-14 23:00:00+00:00,113150.2,113465.0,112960.5,112983.8,2666.506
2025-10-15 00:00:00+00:00,112983.9,113069.7,112543.1,112939.4,4994.944
2025-10-15 01:00:00+00:00,112939.5,112964.4,112270.4,112677.6,4579.895
2025-10-15 02:00:00+00:00,112677.5,113576.1,112612.4,112763.2,5213.156
2025-10-15 03:00:00+00:00,112763.2,112820.0,111758.5,111978.7,5577.553
2025-10-15 04:00:00+00:00,111978.7,112435.4,111692.8,112292.4,3662.934
2025-10-15 05:00:00+00:00,112292.3,112616.7,112131.3,112378.0,3137.135
2025-10-15 06:00:00+00:00,112378.0,112528.3,111834.0,112399.9,3609.083
2025-10-15 07:00:00+00:00,112400.0,112637.0,112170.3,112524.3,2524.834
2025-10-15 08:00:00+00:00,112524.4,113477.9,112476.3,112899.9,7606.72
2025-10-15 09:00:00+00:00,112899.9,113072.2,112317.2,112506.2,4842.88
2025-10-15 10:00:00+00:00,112506.1,112603.1,111995.5,112214.2,5536.276
2025-10-15 11:00:00+00:00,112214.1,112557.0,111606.1,111841.0,7875.077
2025-10-15 12:00:00+00:00,111840.9,112039.5,111312.6,111656.8,6352.44
2025-10-15 13:00:00+00:00,111656.7,111961.5,110666.0,111339.0,10575.594
2025-10-15 14:00:00+00:00,111338.9,112183.4,110736.1,111000.4,11273.678
2025-10-15 15:00:00+00:00,111000.4,111572.7,110320.4,110757.5,11986.142
2025-10-15 16:00:00+00:00,110757.4,111089.7,110546.8,110693.4,5324.107
2025-10-15 17:00:00+00:00,110693.4,111137.5,110096.9,111133.9,6986.823
2025-10-15 18:00:00+00:00,111133.8,111441.0,110770.0,111372.9,3581.632
2025-10-15 19:00:00+00:00,111372.9,111500.0,111014.0,111202.7,3051.232
2025-10-15 20:00:00+00:00,111202.7,111499.7,110441.7,111049.8,4439.255
2025-10-15 21:00:00+00:00,111049.7,111368.5,110429.8,110795.9,4198.521
2025-10-15 22:00:00+00:00,110795.9,111333.3,110597.9,110602.2,2843.793
2025-10-15 23:00:00+00:00,110602.2,110958.4,110526.3,110699.0,2003.386
2025-10-16 00:00:00+00:00,110699.1,110800.0,110300.0,110387.2,3191.561
2025-10-16 01:00:00+00:00,110387.1,111290.0,110373.8,111256.8,3906.237
2025-10-16 02:00:00+00:00,111256.9,111524.1,110959.0,111464.2,3927.742
2025-10-16 03:00:00+00:00,111464.2,111827.5,111200.0,111277.4,4167.178
2025-10-16 04:00:00+00:00,111277.5,111626.0,110737.0,110918.4,3965.382
2025-10-16 05:00:00+00:00,110918.4,111436.0,110666.0,110881.8,3891.558
2025-10-16 06:00:00+00:00,110881.8,111693.4,110845.0,111603.9,4220.65
2025-10-16 07:00:00+00:00,111604.0,111711.4,110488.0,110518.2,7849.701
2025-10-16 08:00:00+00:00,110518.2,110849.9,110330.4,110760.8,4510.639
2025-10-16 09:00:00+00:00,110760.7,111623.0,109403.5,111099.9,20303.989
2025-10-16 10:00:00+00:00,111099.9,111677.1,110963.1,111422.3,6329.535
2025-10-16 11:00:00+00:00,111422.3,111521.8,110955.0,111363.9,4687.834
2025-10-16 12:00:00+00:00,111364.0,111960.0,111276.8,111470.9,7532.04
2025-10-16 13:00:00+00:00,111470.8,111507.9,110611.0,110794.7,7265.757
2025-10-16 14:00:00+00:00,110794.7,111377.7,109637.8,110466.9,17326.565
2025-10-16 15:00:00+00:00,110466.9,110666.6,108250.0,108474.0,24112.15
2025-10-16 16:00:00+00:00,108473.9,109212.6,107503.3,109182.9,23472.61
2025-10-16 17:00:00+00:00,109182.9,109192.7,108156.0,108220.5,10987.381
2025-10-16 18:00:00+00:00,108220.5,108608.9,107625.3,108600.0,9351.915
2025-10-16 19:00:00+00:00,108600.0,108700.0,107626.5,108151.3,7074.176
2025-10-16 20:00:00+00:00,108151.2,108391.5,107350.0,107796.4,6416.089
2025-10-16 21:00:00+00:00,107796.4,108404.6,107520.6,108374.5,3554.154
2025-10-16 22:00:00+00:00,108374.6,108450.4,107712.2,107738.5,2512.739
2025-10-16 23:00:00+00:00,107738.5,108376.2,107666.0,108129.4,2987.203
2025-10-17 00:00:00+00:00,108129.4,108795.0,107885.6,108738.1,4268.867
2025-10-17 01:00:00+00:00,108737.3,109050.0,108437.6,108774.2,4372.72
2025-10-17 02:00:00+00:00,108774.3,109046.2,108322.1,108916.6,3684.08
2025-10-17 03:00:00+00:00,108916.6,109199.8,108832.4,109121.8,2673.981
2025-10-17 04:00:00+00:00,109121.9,109182.9,108715.6,108729.7,3138.333
2025-10-17 05:00:00+00:00,108729.7,108863.5,108250.0,108327.9,3802.83
2025-10-17 06:00:00+00:00,108328.0,108471.4,106600.0,106699.1,18475.382
2025-10-17 07:00:00+00:00,106699.1,106864.9,105457.4,105578.3,21503.566
2025-10-17 08:00:00+00:00,105578.3,105660.0,104383.3,104845.1,25924.401
2025-10-17 09:00:00+00:00,104845.2,105581.3,104480.4,104487.5,9996.023
2025-10-17 10:00:00+00:00,104487.5,104885.3,103470.0,104728.5,20595.702
2025-10-17 11:00:00+00:00,104728.4,106666.6,104617.4,105610.5,29261.735
2025-10-17 12:00:00+00:00,105610.5,105998.0,105154.6,105283.8,10788.2
2025-10-17 13:00:00+00:00,105283.8,106126.2,104795.0,105769.9,14572.957
2025-10-17 14:00:00+00:00,105770.0,105934.4,104489.5,105110.9,17156.216
2025-10-17 15:00:00+00:00,105110.9,106800.0,105044.8,106750.1,15234.301
2025-10-17 16:00:00+00:00,106750.0,107505.0,106200.0,106331.2,13421.014
2025-10-17 17:00:00+00:00,106331.1,106688.7,106016.6,106405.3,4485.329
2025-10-17 18:00:00+00:00,106405.2,107058.8,106405.2,106600.1,4587.719
2025-10-17 19:00:00+00:00,106600.1,106849.9,106183.3,106416.4,3260.68
2025-10-17 20:00:00+00:00,106416.5,107134.8,106296.3,106970.0,3140.501
2025-10-17 21:00:00+00:00,106968.6,107370.0,106952.0,107232.6,3619.682
2025-10-17 22:00:00+00:00,107232.6,107355.3,106737.3,106929.7,2667.378
2025-10-17 23:00:00+00:00,106929.6,106929.8,106325.0,106378.6,2158.095
2025-10-18 00:00:00+00:00,106378.5,106786.7,106270.0,106783.0,3237.324
2025-10-18 01:00:00+00:00,106783.0,107248.0,106757.4,107095.8,2936.646
2025-10-18 02:00:00+00:00,107095.8,107250.0,106435.0,106540.5,6086.707
2025-10-18 03:00:00+00:00,106540.5,107084.9,106517.8,107025.0,3351.548
2025-10-18 04:00:00+00:00,107024.9,107025.0,106374.2,106405.5,6872.394
2025-10-18 05:00:00+00:00,106405.5,106790.1,106405.5,106755.4,2626.791
2025-10-18 06:00:00+00:00,106755.4,106896.0,106653.8,106801.3,2604.225
2025-10-18 07:00:00+00:00,106801.3,107452.6,106570.6,106648.3,7434.825
2025-10-18 08:00:00+00:00,106648.2,106925.8,106550.0,106663.2,4522.631
2025-10-18 09:00:00+00:00,106663.3,106887.4,106568.0,106834.5,1743.002
2025-10-18 10:00:00+00:00,106834.5,107089.9,106721.7,106859.7,2049.809
2025-10-18 11:00:00+00:00,106859.6,107187.9,106708.6,107151.0,2100.426
2025-10-18 12:00:00+00:00,107151.0,107248.0,106901.7,107001.1,2418.421
2025-10-18 13:00:00+00:00,107001.0,107043.5,106750.1,106836.7,2309.769
2025-10-18 14:00:00+00:00,106836.6,107074.3,106669.0,106978.4,2559.814
2025-10-18 15:00:00+00:00,106978.5,107099.9,106763.6,106893.2,2065.643
2025-10-18 16:00:00+00:00,106893.3,107007.9,106410.8,106601.3,4101.193
2025-10-18 17:00:00+00:00,106601.4,106900.0,106510.3,106822.8,1712.306
2025-10-18 18:00:00+00:00,106822.9,106876.0,106669.2,106792.4,755.246
2025-10-18 19:00:00+00:00,106792.3,107047.5,106712.6,107023.0,1263.368
2025-10-18 20:00:00+00:00,107023.0,107298.7,106927.2,106957.5,2751.103
2025-10-18 21:00:00+00:00,106957.6,107185.0,106788.4,107116.4,1256.466
2025-10-18 22:00:00+00:00,107116.5,107229.6,107005.6,107061.9,907.705
2025-10-18 23:00:00+00:00,107061.8,107140.3,106952.6,107117.5,842.541
2025-10-19 00:00:00+00:00,107117.5,107217.0,106692.2,106833.4,3686.594
2025-10-19 01:00:00+00:00,106833.4,106933.0,106666.9,106910.7,1236.427
2025-10-19 02:00:00+00:00,106910.8,106947.0,106750.0,106796.7,1143.074
2025-10-19 03:00:00+00:00,106796.7,107333.0,106750.0,107221.9,3595.9
2025-10-19 04:00:00+00:00,107221.9,107241.5,106911.4,106989.6,1700.285
2025-10-19 05:00:00+00:00,106989.5,107130.1,106753.7,106846.1,2094.017
2025-10-19 06:00:00+00:00,106846.0,106865.7,106503.3,106726.7,2837.591
2025-10-19 07:00:00+00:00,106726.8,106876.2,106650.0,106733.3,1447.893
2025-10-19 08:00:00+00:00,106733.3,107180.0,106200.0,106401.2,8717.727
2025-10-19 09:00:00+00:00,106401.2,108214.8,106055.8,107348.8,23034.349
2025-10-19 10:00:00+00:00,107348.9,107825.0,106912.0,107824.9,6554.184
2025-10-19 11:00:00+00:00,107824.9,108200.0,107577.7,107730.6,7461.975
2025-10-19 12:00:00+00:00,107730.6,107796.2,107381.1,107605.3,3764.43
2025-10-19 13:00:00+00:00,107605.3,108176.8,107312.2,108035.3,4933.192
2025-10-19 14:00:00+00:00,108035.3,108483.0,107827.5,108360.9,7395.118
2025-10-19 15:00:00+00:00,108360.9,108575.6,108270.1,108429.5,4239.798
2025-10-19 16:00:00+00:00,108429.6,108900.0,108175.6,108561.9,5431.187
2025-10-19 17:00:00+00:00,108561.8,109399.9,108551.1,109036.3,7728.613
2025-10-19 18:00:00+00:00,109036.3,109382.1,108969.7,109315.4,2727.528
2025-10-19 19:00:00+00:00,109315.3,109315.4,108713.0,108850.0,3371.695
2025-10-19 20:00:00+00:00,108850.1,108939.0,108751.8,108790.6,1958.984
2025-10-19 21:00:00+00:00,108790.6,108817.6,108556.4,108691.2,1833.074
2025-10-19 22:00:00+00:00,108691.3,109340.7,108691.3,109088.9,3049.809
2025-10-19 23:00:00+00:00,109088.8,109088.9,108366.4,108586.2,3530.276
2025-10-20 00:00:00+00:00,108586.2,108586.2,107377.2,108011.1,9893.186
2025-10-20 01:00:00+00:00,108011.1,108257.3,107841.7,108011.8,4212.738
2025-10-20 02:00:00+00:00,108011.9,108935.8,107801.9,108714.3,5245.091
2025-10-20 03:00:00+00:00,108714.3,110404.3,108511.9,110100.4,11581.205
2025-10-20 04:00:00+00:00,110100.3,110490.4,109875.0,110369.3,9805.236
2025-10-20 05:00:00+00:00,110369.2,111074.2,110232.1,110973.6,7685.203
2025-10-20 06:00:00+00:00,110973.7,111321.5,110933.5,111232.1,6363.3
2025-10-20 07:00:00+00:00,111232.1,111350.0,111000.0,111126.2,4968.177
2025-10-20 08:00:00+00:00,111126.2,111650.0,110888.0,111031.4,6762.376
2025-10-20 09:00:00+00:00,111031.4,111151.4,110650.0,110921.0,5062.374
2025-10-20 10:00:00+00:00,110920.9,111061.3,110595.1,110692.1,3266.031
2025-10-20 11:00:00+00:00,110692.0,110988.0,110552.3,110969.5,4171.635
2025-10-20 12:00:00+00:00,110969.5,111191.2,110728.6,110796.4,3427.493
2025-10-20 13:00:00+00:00,110796.3,111173.3,110522.9,111098.3,5707.287
2025-10-20 14:00:00+00:00,111098.4,111350.0,110657.9,111153.4,5603.513
2025-10-20 15:00:00+00:00,111153.3,111649.0,110936.0,111079.1,7265.295
2025-10-20 16:00:00+00:00,111079.2,111255.0,110050.0,110634.3,14581.779
2025-10-20 17:00:00+00:00,110634.3,111042.5,109800.0,110244.1,7989.158
2025-10-20 18:00:00+00:00,110244.2,110927.3,110160.0,110877.7,3340.182
2025-10-20 19:00:00+00:00,110877.7,111047.5,110466.0,110735.0,3468.854
2025-10-20 20:00:00+00:00,110735.1,111215.3,110585.3,111037.2,2996.369
2025-10-20 21:00:00+00:00,111037.2,111197.0,110385.0,110506.9,2743.582
2025-10-20 22:00:00+00:00,110506.8,110808.8,110355.0,110731.5,1561.841
2025-10-20 23:00:00+00:00,110731.5,110765.8,110458.1,110469.9,1945.044
2025-10-21 00:00:00+00:00,110469.9,110486.3,110097.4,110399.0,3001.903
2025-10-21 01:00:00+00:00,110399.1,110438.9,109345.0,109804.2,5441.286
2025-10-21 02:00:00+00:00,109804.2,109866.0,109250.0,109459.3,5232.596
2025-10-21 03:00:00+00:00,109459.3,109572.3,109005.0,109005.0,4301.313
2025-10-21 04:00:00+00:00,109005.1,109005.1,107592.0,107743.4,15245.267
2025-10-21 05:00:00+00:00,107743.5,107943.5,107400.0,107498.0,10243.724
2025-10-21 06:00:00+00:00,107498.0,108183.3,107450.2,107868.4,5351.541
2025-10-21 07:00:00+00:00,107868.2,108154.0,107585.6,108020.0,3700.474
2025-10-21 08:00:00+00:00,108019.9,108044.2,107432.8,107649.7,4610.556
2025-10-21 09:00:00+00:00,107649.7,107820.0,107496.0,107708.7,2205.816
2025-10-21 10:00:00+00:00,107708.6,108772.4,107524.3,108445.4,9267.383
2025-10-21 11:00:00+00:00,108445.3,108600.0,108102.3,108519.4,4318.418
2025-10-21 12:00:00+00:00,108519.4,109439.8,108414.0,108733.8,10835.257
2025-10-21 13:00:00+00:00,108733.7,108852.8,107677.0,108384.4,10027.526
2025-10-21 14:00:00+00:00,108384.4,112292.1,108352.5,112127.5,29432.689
2025-10-21 15:00:00+00:00,112127.6,113480.0,111643.1,113355.2,26637.144
2025-10-21 16:00:00+00:00,113355.2,113940.0,112400.0,112507.2,19634.771
2025-10-21 17:00:00+00:00,112507.5,112947.8,111730.5,111960.1,20144.918
2025-10-21 18:00:00+00:00,111960.2,112261.2,111255.9,111934.5,8351.002
2025-10-21 19:00:00+00:00,111934.5,112147.4,111501.7,111720.7,3608.457
2025-10-21 20:00:00+00:00,111720.7,111747.7,110468.0,110733.0,7894.414
2025-10-21 21:00:00+00:00,110733.0,111068.7,110016.3,110772.6,5984.748
2025-10-21 22:00:00+00:00,110772.5,110772.5,108005.0,109008.0,16706.858
2025-10-21 23:00:00+00:00,109008.0,109367.0,108000.0,108253.7,8949.365
2025-10-22 00:00:00+00:00,108253.8,108600.0,107777.1,107930.1,8329.183
2025-10-22 01:00:00+00:00,107930.1,108417.6,107930.0,108313.6,6312.165
2025-10-22 02:00:00+00:00,108313.6,108649.4,108159.3,108159.3,3912.785
2025-10-22 03:00:00+00:00,108159.3,108184.0,107802.3,108174.1,4154.841
2025-10-22 04:00:00+00:00,108174.0,108570.7,108106.8,108554.4,3866.197
2025-10-22 05:00:00+00:00,108554.5,108581.9,107821.6,108118.7,4948.666
2025-10-22 06:00:00+00:00,108118.7,108300.0,107889.5,107936.7,3466.358
2025-10-22 07:00:00+00:00,107936.7,108284.2,107558.1,108284.1,7491.701
2025-10-22 08:00:00+00:00,108284.1,108313.8,108035.6,108171.2,2757.477
2025-10-22 09:00:00+00:00,108171.2,108235.4,107708.2,107907.9,4165.521
2025-10-22 10:00:00+00:00,107907.9,108079.0,107588.0,107613.5,3211.007
2025-10-22 11:00:00+00:00,107613.5,108188.9,106360.3,107501.7,18817.308
2025-10-22 12:00:00+00:00,107501.7,108349.1,107389.4,107976.9,7564.712
2025-10-22 13:00:00+00:00,107976.9,109000.0,107550.4,108728.0,14563.305
2025-10-22 14:00:00+00:00,108728.1,108990.0,107415.1,108912.7,26080.017
2025-10-22 15:00:00+00:00,108913.2,109160.0,107706.0,108369.9,12863.074
2025-10-22 16:00:00+00:00,108369.8,108780.0,107805.0,108177.4,9580.667
2025-10-22 17:00:00+00:00,108177.5,108310.9,107526.3,107743.4,5564.248
2025-10-22 18:00:00+00:00,107743.3,108181.4,107416.1,107987.8,4760.606
2025-10-22 19:00:00+00:00,107987.7,108379.3,107491.8,107829.0,4911.288
2025-10-22 20:00:00+00:00,107829.1,108032.0,107453.9,107644.4,4424.848
2025-10-22 21:00:00+00:00,107644.4,107694.6,106588.0,107159.8,9487.946
2025-10-22 22:00:00+00:00,107159.7,107650.2,106849.8,107142.6,4980.854
2025-10-22 23:00:00+00:00,107142.6,107898.9,107110.4,107532.0,4679.209
2025-10-23 00:00:00+00:00,107532.1,107954.5,107462.9,107815.7,3117.447
2025-10-23 01:00:00+00:00,107815.6,108500.0,107769.1,108107.7,7744.555
2025-10-23 02:00:00+00:00,108107.6,108370.0,108010.8,108370.0,2587.277
2025-10-23 03:00:00+00:00,108370.0,108660.0,108276.7,108322.2,3711.695
2025-10-23 04:00:00+00:00,108322.2,108887.9,108290.3,108581.9,2929.429
2025-10-23 05:00:00+00:00,108581.9,108939.7,108557.6,108894.1,2782.507
2025-10-23 06:00:00+00:00,108894.1,110275.9,108791.9,110180.2,13358.866
2025-10-23 07:00:00+00:00,110180.2,110214.7,109151.8,109228.6,7379.194
2025-10-23 08:00:00+00:00,109228.6,109867.7,109204.7,109459.3,4709.774
2025-10-23 09:00:00+00:00,109459.2,109492.4,109064.6,109388.2,3233.999
2025-10-23 10:00:00+00:00,109388.1,109664.7,109316.0,109383.7,2695.827
2025-10-23 11:00:00+00:00,109383.7,109609.4,109021.3,109218.5,3443.675
2025-10-23 12:00:00+00:00,109218.5,109218.5,108639.4,109135.0,7043.595
2025-10-23 13:00:00+00:00,109134.9,109584.8,108750.3,109450.0,6910.468
2025-10-23 14:00:00+00:00,109450.0,109851.6,108647.4,109544.2,9100.31
2025-10-23 15:00:00+00:00,109544.3,110088.0,109428.3,109849.0,7240.331
2025-10-23 16:00:00+00:00,109849.0,110551.2,109581.7,110197.8,5868.751
2025-10-23 17:00:00+00:00,110197.8,111240.0,109575.9,111175.2,11328.249
2025-10-23 18:00:00+00:00,111175.6,111235.6,110199.3,110518.1,6824.888
2025-10-23 19:00:00+00:00,110518.2,110579.7,110041.6,110137.8,2865.074
2025-10-23 20:00:00+00:00,110137.9,110145.8,109260.0,109469.9,6623.728
2025-10-23 21:00:00+00:00,109470.0,109677.9,109313.6,109493.3,3009.506
2025-10-23 22:00:00+00:00,109493.2,110143.9,109467.5,109890.0,3261.269
2025-10-23 23:00:00+00:00,109890.0,110050.2,109782.7,110025.9,1870.303
2025-10-24 00:00:00+00:00,110026.0,110698.4,109927.8,110443.1,5207.355
2025-10-24 01:00:00+00:00,110443.2,110621.8,110075.1,110534.9,3317.855
2025-10-24 02:00:00+00:00,110534.9,110839.9,110284.8,110514.9,2618.011
2025-10-24 03:00:00+00:00,110515.0,110587.9,110220.0,110399.9,2088.908
2025-10-24 04:00:00+00:00,110399.9,111488.0,110274.4,111117.7,6874.594
2025-10-24 05:00:00+00:00,111117.7,111267.6,110880.5,111193.0,4366.652
2025-10-24 06:00:00+00:00,111193.1,111450.0,111063.4,111413.2,2757.377
2025-10-24 07:00:00+00:00,111413.2,111498.8,110723.9,111013.7,5521.068
2025-10-24 08:00:00+00:00,111013.7,111193.8,110648.4,111045.8,4518.581
2025-10-24 09:00:00+00:00,111045.8,111438.3,110946.1,111280.0,3190.318
2025-10-24 10:00:00+00:00,111280.1,111280.1,111000.0,111063.4,2797.849
2025-10-24 11:00:00+00:00,111063.5,111229.9,110496.5,111006.7,4669.353
2025-10-24 12:00:00+00:00,111006.7,112086.0,110808.4,111247.5,14195.449
2025-10-24 13:00:00+00:00,111247.5,111386.4,110316.0,110884.6,9260.393
2025-10-24 14:00:00+00:00,110884.6,110884.6,109650.0,110177.7,14497.391
2025-10-24 15:00:00+00:00,110177.8,110616.9,109832.1,110009.8,5923.961
2025-10-24 16:00:00+00:00,110009.9,110346.4,109752.8,110222.3,3480.31
2025-10-24 17:00:00+00:00,110222.3,110538.0,110138.6,110173.7,2320.507
2025-10-24 18:00:00+00:00,110173.7,110600.0,110104.5,110557.4,1857.232
2025-10-24 19:00:00+00:00,110557.5,110907.1,110473.3,110571.3,3237.704
2025-10-24 20:00:00+00:00,110571.4,110989.3,110431.0,110853.0,1793.993
2025-10-24 21:00:00+00:00,110853.0,111068.8,110530.0,111029.1,3892.612
2025-10-24 22:00:00+00:00,111029.1,111088.0,110869.6,110964.3,1414.815
2025-10-24 23:00:00+00:00,110964.3,111084.6,110823.9,110965.4,957.244
2025-10-25 00:00:00+00:00,110965.4,111000.0,110600.5,110720.7,2006.594
2025-10-25 01:00:00+00:00,110720.7,111187.5,110700.0,111026.7,1843.699
2025-10-25 02:00:00+00:00,111026.7,111081.4,110902.0,110976.4,885.621
2025-10-25 03:00:00+00:00,110976.5,111083.1,110935.8,110962.3,1224.031
2025-10-25 04:00:00+00:00,110962.3,111487.6,110962.3,111163.3,2776.807
2025-10-25 05:00:00+00:00,111163.3,111397.3,111030.4,111334.7,1545.675
2025-10-25 06:00:00+00:00,111334.8,111447.6,111200.0,111308.7,1476.849
2025-10-25 07:00:00+00:00,111308.8,111775.1,111308.7,111445.4,3462.173
2025-10-25 08:00:00+00:00,111445.5,111767.0,111430.0,111716.0,2276.994
2025-10-25 09:00:00+00:00,111716.0,111789.4,111432.0,111471.0,2673.991
2025-10-25 10:00:00+00:00,111470.9,111680.0,111328.0,111515.4,2341.932
2025-10-25 11:00:00+00:00,111515.4,111626.5,111432.0,111522.7,1037.752
2025-10-25 12:00:00+00:00,111522.6,111903.9,111478.3,111871.5,2806.06
2025-10-25 13:00:00+00:00,111871.4,111880.3,111466.0,111626.9,2768.841
2025-10-25 14:00:00+00:00,111626.8,111725.0,111450.0,111546.6,1683.741
2025-10-25 15:00:00+00:00,111546.5,111546.6,111255.2,111340.9,3092.005
2025-10-25 16:00:00+00:00,111341.0,111445.2,111094.4,111323.4,4120.155
2025-10-25 17:00:00+00:00,111323.4,111420.0,111230.6,111322.0,796.299
2025-10-25 18:00:00+00:00,111322.0,111686.0,111263.0,111668.2,1623.35
2025-10-25 19:00:00+00:00,111668.1,111684.3,111519.9,111574.9,994.181
2025-10-25 20:00:00+00:00,111574.9,111607.9,111315.2,111385.2,1097.014
2025-10-25 21:00:00+00:00,111385.1,111433.4,111291.0,111430.0,774.809
2025-10-25 22:00:00+00:00,111430.0,111640.1,111360.0,111567.2,921.627
2025-10-25 23:00:00+00:00,111567.3,111623.6,111471.6,111589.4,1039.283
2025-10-26 00:00:00+00:00,111589.4,111866.7,111479.3,111654.4,2288.306
2025-10-26 01:00:00+00:00,111654.4,111799.0,111455.9,111589.6,1398.523
2025-10-26 02:00:00+00:00,111589.5,111636.3,111353.2,111404.6,1455.118
2025-10-26 03:00:00+00:00,111404.6,111454.5,111200.0,111210.1,1692.956
2025-10-26 04:00:00+00:00,111210.1,111434.8,111200.2,111378.4,859.214
2025-10-26 05:00:00+00:00,111378.4,111600.0,111300.0,111554.3,1135.628
2025-10-26 06:00:00+00:00,111554.4,111630.6,111485.0,111574.3,669.849
2025-10-26 07:00:00+00:00,111574.4,111677.9,111557.7,111672.8,844.907
2025-10-26 08:00:00+00:00,111672.9,111797.0,111672.8,111716.2,1467.483
2025-10-26 09:00:00+00:00,111716.2,112765.3,111650.3,112477.9,11992.198
2025-10-26 10:00:00+00:00,112478.0,112523.7,112130.0,112425.2,2933.099
2025-10-26 11:00:00+00:00,112425.2,113442.5,112368.8,113235.2,9328.013
2025-10-26 12:00:00+00:00,113235.1,113800.0,113221.5,113530.7,9798.221
2025-10-26 13:00:00+00:00,113530.7,114000.0,113224.4,113669.4,8808.232
2025-10-26 14:00:00+00:00,113669.4,113850.0,113450.7,113515.2,5415.329
2025-10-26 15:00:00+00:00,113515.3,113700.0,113378.3,113648.1,2909.756
2025-10-26 16:00:00+00:00,113648.0,113730.7,113231.2,113463.3,4039.211
2025-10-26 17:00:00+00:00,113463.3,113720.7,113389.5,113397.1,1712.692
2025-10-26 18:00:00+00:00,113397.1,113774.5,113397.1,113540.8,1850.472
2025-10-26 19:00:00+00:00,113540.8,113681.3,113456.6,113546.3,1219.618
2025-10-26 20:00:00+00:00,113546.2,113546.2,113244.2,113267.8,1166.099
2025-10-26 21:00:00+00:00,113267.9,113550.0,112800.0,113457.5,3875.004
2025-10-26 22:00:00+00:00,113457.5,115521.7,113457.5,114631.8,15678.975
2025-10-26 23:00:00+00:00,114631.7,114923.3,114321.0,114497.8,4796.484
2025-10-27 00:00:00+00:00,114497.9,115129.1,114300.0,114705.0,5904.013
2025-10-27 01:00:00+00:00,114705.0,115343.1,114650.0,115217.8,3921.703
2025-10-27 02:00:00+00:00,115217.7,115407.7,114769.3,114831.1,5524.449
2025-10-27 03:00:00+00:00,114831.0,115222.6,114781.1,114927.7,2703.105
2025-10-27 04:00:00+00:00,114927.8,115254.0,114925.6,115215.5,3186.224
2025-10-27 05:00:00+00:00,115215.5,115629.4,115215.4,115511.1,6136.663
2025-10-27 06:00:00+00:00,115511.1,116098.9,115309.0,116008.8,10700.843
2025-10-27 07:00:00+00:00,116008.9,116380.2,115459.4,115522.5,10791.929
2025-10-27 08:00:00+00:00,115522.4,115575.1,114860.0,114990.2,6626.925
2025-10-27 09:00:00+00:00,114990.1,115334.6,114780.2,115204.7,5765.098
2025-10-27 10:00:00+00:00,115204.8,115526.3,115068.0,115411.8,2621.016
2025-10-27 11:00:00+00:00,115411.9,115497.0,115063.3,115302.3,2767.194
2025-10-27 12:00:00+00:00,115302.3,115385.7,114920.2,115016.4,3460.836
2025-10-27 13:00:00+00:00,115016.3,115370.8,114530.7,115210.4,8037.398
2025-10-27 14:00:00+00:00,115210.3,115311.3,114433.0,114751.0,6827.518
2025-10-27 15:00:00+00:00,114750.8,115195.5,114717.5,114914.4,4247.13
2025-10-27 16:00:00+00:00,114914.5,115599.9,114818.1,115438.1,4816.201
2025-10-27 17:00:00+00:00,115438.1,115700.0,115251.6,115647.4,3212.635
2025-10-27 18:00:00+00:00,115647.3,115744.8,115251.9,115277.9,2696.623
2025-10-27 19:00:00+00:00,115277.9,115278.1,114712.4,114894.9,3863.402
2025-10-27 20:00:00+00:00,114894.8,114894.8,114349.9,114405.4,3198.214
2025-10-27 21:00:00+00:00,114405.4,114602.6,114067.5,114258.1,4195.847
2025-10-27 22:00:00+00:00,114258.0,114555.1,114012.0,114078.9,3065.058
2025-10-27 23:00:00+00:00,114078.9,114180.2,113792.4,114064.1,4341.588
2025-10-28 00:00:00+00:00,114064.2,114331.3,113710.0,113921.6,4110.965
2025-10-28 01:00:00+00:00,113921.5,114500.1,113921.5,114377.6,3346.988
2025-10-28 02:00:00+00:00,114377.5,114428.3,113477.5,113878.4,4511.349
2025-10-28 03:00:00+00:00,113878.4,114066.0,113661.9,113863.9,3435.089
2025-10-28 04:00:00+00:00,113864.0,114034.0,113706.8,113914.2,2445.456
2025-10-28 05:00:00+00:00,113914.1,113949.0,113422.0,113561.9,3579.422
2025-10-28 06:00:00+00:00,113561.8,114140.7,113561.8,114060.1,3056.136
2025-10-28 07:00:00+00:00,114060.1,114320.6,114039.0,114128.7,2867.346
2025-10-28 08:00:00+00:00,114128.8,114430.3,114058.0,114370.5,2624.092
2025-10-28 09:00:00+00:00,114370.5,114588.0,114138.0,114470.0,2718.411
2025-10-28 10:00:00+00:00,114470.0,114555.0,114364.7,114543.5,1788.845
2025-10-28 11:00:00+00:00,114543.4,114619.2,114217.2,114290.7,2445.8
2025-10-28 12:00:00+00:00,114290.6,114467.6,114080.8,114402.2,2643.758
2025-10-28 13:00:00+00:00,114402.1,115470.0,114402.1,115469.9,10880.063
2025-10-28 14:00:00+00:00,115470.0,116074.3,114130.7,115021.8,19995.396
2025-10-28 15:00:00+00:00,115021.8,115354.2,114444.0,114571.9,7287.403
2025-10-28 16:00:00+00:00,114571.7,115450.1,114468.0,115296.1,6501.093
2025-10-28 17:00:00+00:00,115296.1,115554.5,115170.2,115246.7,3432.869
2025-10-28 18:00:00+00:00,115246.6,115324.5,114589.1,114971.1,3635.659
2025-10-28 19:00:00+00:00,114971.1,115040.9,113500.0,113629.0,10579.078
2025-10-28 20:00:00+00:00,113629.0,113647.4,112268.1,112744.6,17736.035
2025-10-28 21:00:00+00:00,112744.6,113166.0,112121.4,112935.5,6290.482
2025-10-28 22:00:00+00:00,112935.4,113233.0,112768.0,113164.2,2749.605
2025-10-28 23:00:00+00:00,113164.2,113164.2,112716.7,112833.5,2427.5
2025-10-29 00:00:00+00:00,112833.5,112871.3,112371.1,112382.5,4109.753
2025-10-29 01:00:00+00:00,112382.5,112927.5,112036.1,112435.4,7644.146
2025-10-29 02:00:00+00:00,112435.4,112743.3,112352.2,112617.9,2538.87
2025-10-29 03:00:00+00:00,112617.9,112617.9,112276.0,112459.6,2133.958
2025-10-29 04:00:00+00:00,112459.6,112843.0,112443.5,112755.6,2119.8
2025-10-29 05:00:00+00:00,112755.5,113320.0,112750.0,112987.0,6064.955
2025-10-29 06:00:00+00:00,112987.0,113309.0,112909.5,113232.1,2584.739
2025-10-29 07:00:00+00:00,113232.1,113525.0,113168.6,113511.9,3488.871
2025-10-29 08:00:00+00:00,113512.0,113581.7,112888.0,113005.4,5219.67
2025-10-29 09:00:00+00:00,113005.3,113043.6,112700.0,112935.2,3225.309
2025-10-29 10:00:00+00:00,112935.2,113154.4,112666.0,112810.3,2496.753
2025-10-29 11:00:00+00:00,112810.4,113210.0,112692.4,113084.5,2216.915
2025-10-29 12:00:00+00:00,113084.6,113281.6,113001.2,113102.5,1730.217
2025-10-29 13:00:00+00:00,113102.4,113593.0,112647.2,112824.7,7055.854
2025-10-29 14:00:00+00:00,112824.7,112874.2,112190.8,112438.9,8322.162
2025-10-29 15:00:00+00:00,112439.0,112517.0,111326.5,111460.6,16761.981
2025-10-29 16:00:00+00:00,111460.7,111480.3,110888.0,111060.0,13390.953
2025-10-29 17:00:00+00:00,111060.0,111872.7,110941.6,111819.3,6561.139
2025-10-29 18:00:00+00:00,111819.3,111963.0,109026.4,110743.0,35373.97
2025-10-29 19:00:00+00:00,110743.0,111398.3,110100.0,110605.6,11161.268
2025-10-29 20:00:00+00:00,110605.9,111494.1,110342.1,111372.0,6614.204
2025-10-29 21:00:00+00:00,111371.9,111744.0,111318.3,111558.3,2868.967
2025-10-29 22:00:00+00:00,111558.2,111562.8,110900.2,110974.9,2770.289
2025-10-29 23:00:00+00:00,110974.9,111023.3,109686.4,109985.6,7466.123
2025-10-30 00:00:00+00:00,109985.6,110524.6,109670.6,110496.3,5420.916
2025-10-30 01:00:00+00:00,110496.3,110675.0,110189.0,110405.5,3663.414
2025-10-30 02:00:00+00:00,110405.5,110957.9,110251.4,110925.8,3954.547
2025-10-30 03:00:00+00:00,110925.9,110940.7,110460.7,110694.5,4014.387
2025-10-30 04:00:00+00:00,110694.4,110694.5,107817.3,108503.7,27178.815
2025-10-30 05:00:00+00:00,108503.7,110385.0,108366.0,110199.7,10934.752
2025-10-30 06:00:00+00:00,110199.7,110933.0,109917.2,110720.0,7371.201
2025-10-30 07:00:00+00:00,110720.1,111565.1,110601.7,111313.5,8416.421
2025-10-30 08:00:00+00:00,111313.6,111400.0,110594.6,110649.6,8514.715
2025-10-30 09:00:00+00:00,110649.6,110749.8,110058.5,110129.5,5008.277
2025-10-30 10:00:00+00:00,110129.6,110193.4,109752.4,110055.2,4828.575
2025-10-30 11:00:00+00:00,110055.2,110103.0,109638.6,109666.0,3418.27
2025-10-30 12:00:00+00:00,109665.9,109736.3,108216.5,108337.8,14450.352
2025-10-30 13:00:00+00:00,108337.9,108682.0,107350.0,107582.2,22139.703
2025-10-30 14:00:00+00:00,107582.2,108320.9,107564.8,108212.1,8968.15
2025-10-30 15:00:00+00:00,108212.1,108292.2,107254.1,107670.6,8270.318
2025-10-30 16:00:00+00:00,107670.5,108184.0,107516.1,108100.0,5242.653
2025-10-30 17:00:00+00:00,108100.0,108113.5,106745.3,107446.3,14778.869
2025-10-30 18:00:00+00:00,107446.2,107521.5,106736.8,106793.7,5976.795
2025-10-30 19:00:00+00:00,106793.7,107122.1,106200.0,106495.1,10904.053
2025-10-30 20:00:00+00:00,106494.3,107600.0,106257.0,107441.2,8669.315
2025-10-30 21:00:00+00:00,107441.2,107886.6,107333.7,107847.7,4197.759
2025-10-30 22:00:00+00:00,107847.7,107865.6,107396.7,107858.7,2999.092
2025-10-30 23:00:00+00:00,107858.6,108300.0,107530.3,108263.5,6432.295
2025-10-31 00:00:00+00:00,108263.6,109583.4,108226.6,109276.3,9063.178
2025-10-31 01:00:00+00:00,109276.3,110014.4,109122.9,109585.3,10462.144
2025-10-31 02:00:00+00:00,109585.3,109644.1,108511.7,108816.3,7262.145
2025-10-31 03:00:00+00:00,108816.3,109287.0,108568.7,109186.2,5546.135
2025-10-31 04:00:00+00:00,109186.3,110200.0,109062.7,110052.5,10421.091
2025-10-31 05:00:00+00:00,110052.5,110052.5,109645.3,109856.6,4431.988
2025-10-31 06:00:00+00:00,109856.6,109930.4,109470.9,109604.2,3664.439
2025-10-31 07:00:00+00:00,109604.2,109785.6,109209.3,109400.1,5408.564
2025-10-31 08:00:00+00:00,109400.0,110064.1,109159.0,110013.0,5249.91
2025-10-31 09:00:00+00:00,110013.0,110410.0,109761.0,109813.3,5436.315
2025-10-31 10:00:00+00:00,109813.3,110083.9,109665.4,109780.1,2663.564
2025-10-31 11:00:00+00:00,109780.2,110500.0,109408.6,110375.7,5787.902
2025-10-31 12:00:00+00:00,110375.7,110666.0,109566.7,109610.7,6941.684
2025-10-31 13:00:00+00:00,109610.7,110200.0,109308.1,110120.9,9405.645
2025-10-31 14:00:00+00:00,110120.8,111100.0,109541.0,110750.5,18213.469
2025-10-31 15:00:00+00:00,110750.5,111233.0,110081.9,110160.1,9939.601
2025-10-31 16:00:00+00:00,110160.1,110273.2,108627.2,108812.9,8797.885
2025-10-31 17:00:00+00:00,108812.8,109387.2,108600.0,109269.5,6264.63
2025-10-31 18:00:00+00:00,109269.5,109837.4,108919.5,109415.8,5376.429
2025-10-31 19:00:00+00:00,109415.7,110231.0,109076.5,109802.8,4884.534
2025-10-31 20:00:00+00:00,109802.7,109802.7,109405.2,109455.4,2807.626
2025-10-31 21:00:00+00:00,109455.4,109718.7,109277.7,109530.1,1815.24
2025-10-31 22:00:00+00:00,109530.2,109770.3,109436.1,109543.0,1421.213
2025-10-31 23:00:00+00:00,109543.0,109641.9,109475.6,109557.3,798.445
2025-11-01 00:00:00+00:00,109557.2,109725.0,109351.5,109689.7,1488.945
2025-11-01 01:00:00+00:00,109689.7,110052.5,109656.2,109690.0,1732.8
2025-11-01 02:00:00+00:00,109690.0,109847.3,109432.0,109750.0,1695.306
2025-11-01 03:00:00+00:00,109750.0,110300.0,109750.0,110194.6,3835.055
2025-11-01 04:00:00+00:00,110194.6,110557.0,110073.2,110245.8,3210.083
2025-11-01 05:00:00+00:00,110245.8,110338.0,110000.0,110087.7,1513.286
2025-11-01 06:00:00+00:00,110087.7,110125.0,109885.5,109956.2,1429.632
2025-11-01 07:00:00+00:00,109956.2,110224.0,109945.0,110025.3,1177.523
2025-11-01 08:00:00+00:00,110025.3,110237.6,110025.3,110200.3,931.349
2025-11-01 09:00:00+00:00,110200.3,110213.4,109925.0,109954.6,1535.98
2025-11-01 10:00:00+00:00,109954.6,110151.0,109803.0,110119.4,1534.289
2025-11-01 11:00:00+00:00,110119.5,110207.1,109958.6,110096.2,1171.219
2025-11-01 12:00:00+00:00,110096.3,110164.4,109956.5,109972.0,1278.91
2025-11-01 13:00:00+00:00,109972.1,110015.0,109654.5,109899.6,2215.295
2025-11-01 14:00:00+00:00,109899.7,109945.8,109679.5,109880.0,2570.692
2025-11-01 15:00:00+00:00,109880.0,110300.0,109854.4,110253.2,3690.593
2025-11-01 16:00:00+00:00,110253.1,110486.4,110144.0,110413.7,3464.412
2025-11-01 17:00:00+00:00,110413.8,110455.5,110125.1,110160.1,1498.448
2025-11-01 18:00:00+00:00,110160.1,110325.1,110145.5,110294.9,938.265
2025-11-01 19:00:00+00:00,110294.9,110294.9,110171.7,110249.0,543.644
2025-11-01 20:00:00+00:00,110249.0,110487.0,110248.9,110358.4,984.497
2025-11-01 21:00:00+00:00,110358.4,110389.9,109803.5,109815.2,1627.418
2025-11-01 22:00:00+00:00,109815.2,110060.2,109815.1,110044.0,919.47
2025-11-01 23:00:00+00:00,110044.0,110100.0,109922.4,110047.2,627.11
2025-11-02 00:00:00+00:00,110047.3,110088.0,109846.7,109932.3,1196.29
2025-11-02 01:00:00+00:00,109932.2,110058.0,109872.1,109930.0,883.486
2025-11-02 02:00:00+00:00,109930.0,110234.4,109836.7,109976.4,1466.541
2025-11-02 03:00:00+00:00,109975.9,110048.4,109911.7,110008.5,986.973
2025-11-02 04:00:00+00:00,110008.4,110799.7,109974.1,110624.8,4325.195
2025-11-02 05:00:00+00:00,110624.8,110667.0,110230.0,110452.7,2953.442
2025-11-02 06:00:00+00:00,110453.1,110675.4,110244.8,110610.0,1690.967
2025-11-02 07:00:00+00:00,110609.9,110988.0,110375.0,110844.1,3185.288
2025-11-02 08:00:00+00:00,110844.0,110966.2,110650.4,110805.7,2104.551
2025-11-02 09:00:00+00:00,110805.7,110999.9,110464.0,110657.1,3348.301
2025-11-02 10:00:00+00:00,110657.2,110814.0,110302.1,110450.0,3403.7
2025-11-02 11:00:00+00:00,110449.9,111193.5,110434.3,111145.4,3565.386
2025-11-02 12:00:00+00:00,111145.4,111216.0,110614.8,110690.8,3724.165
2025-11-02 13:00:00+00:00,110690.8,110726.3,110109.2,110513.0,4489.559
2025-11-02 14:00:00+00:00,110513.0,110625.0,110138.5,110370.7,3109.147
2025-11-02 15:00:00+00:00,110370.7,110510.0,110030.0,110066.1,2649.9
2025-11-02 16:00:00+00:00,110066.2,110097.3,109661.2,110068.1,5446.663
2025-11-02 17:00:00+00:00,110068.2,110222.0,109970.1,110142.2,1468.286
2025-11-02 18:00:00+00:00,110142.1,110286.2,110121.0,110283.2,881.961
2025-11-02 19:00:00+00:00,110283.2,110283.2,109900.4,110125.2,1319.075
2025-11-02 20:00:00+00:00,110125.3,110172.5,109834.8,110045.6,1072.122
2025-11-02 21:00:00+00:00,110045.6,110091.2,109922.6,109947.6,643.412
2025-11-02 22:00:00+00:00,109947.5,109982.4,109368.9,109860.9,2701.165
2025-11-02 23:00:00+00:00,109860.9,110700.0,109860.9,110494.9,4493.598
2025-11-03 00:00:00+00:00,110494.9,110711.0,109700.0,109700.1,3558.552
2025-11-03 01:00:00+00:00,109700.0,109846.2,109310.0,109614.2,5228.677
2025-11-03 02:00:00+00:00,109614.2,109713.2,108600.0,108991.7,7681.506
2025-11-03 03:00:00+00:00,108991.7,109116.4,107850.0,107886.0,10590.901
2025-11-03 04:00:00+00:00,107886.0,107952.1,107435.0,107843.8,8509.056
2025-11-03 05:00:00+00:00,107843.8,108088.8,107333.0,107556.9,4847.467
2025-11-03 06:00:00+00:00,107556.8,107666.0,106946.7,107452.8,6296.982
2025-11-03 07:00:00+00:00,107452.8,107801.5,107222.0,107420.5,5185.159
2025-11-03 08:00:00+00:00,107420.6,107677.5,106925.7,107548.6,5322.369
2025-11-03 09:00:00+00:00,107548.5,107881.4,107029.0,107173.1,4606.009
2025-11-03 10:00:00+00:00,107173.1,107577.5,106618.7,106925.9,5000.292
2025-11-03 11:00:00+00:00,106926.0,107873.9,106918.8,107737.4,5178.051
2025-11-03 12:00:00+00:00,107737.4,108216.9,107650.5,107717.2,6509.838
2025-11-03 13:00:00+00:00,107717.1,108013.6,107512.0,107855.0,3170.112
2025-11-03 14:00:00+00:00,107855.0,108280.0,107317.6,108016.5,7122.42
2025-11-03 15:00:00+00:00,108016.5,108117.0,105500.0,105718.8,31585.665
2025-11-03 16:00:00+00:00,105718.8,106758.0,105300.0,106644.0,16785.914
2025-11-03 17:00:00+00:00,106644.1,107797.2,106489.5,107433.2,11439.523
2025-11-03 18:00:00+00:00,107433.3,107550.1,106747.5,106905.9,5371.093
2025-11-03 19:00:00+00:00,106905.9,107350.0,106400.0,107034.7,4523.73
2025-11-03 20:00:00+00:00,107034.7,107120.0,106259.9,106615.9,4171.675
2025-11-03 21:00:00+00:00,106615.8,107061.3,106038.0,106849.3,4835.542
2025-11-03 22:00:00+00:00,106849.3,106849.3,105750.1,106441.6,4332.472
2025-11-03 23:00:00+00:00,106441.6,106716.6,105984.3,106544.0,2405.042
2025-11-04 00:00:00+00:00,106544.0,106777.0,105820.0,106428.8,5581.517
2025-11-04 01:00:00+00:00,106428.8,107271.9,106224.0,106991.0,6194.298
2025-11-04 02:00:00+00:00,106990.9,107192.2,106404.8,106438.0,5161.398
2025-11-04 03:00:00+00:00,106438.0,107192.2,106150.0,107097.2,4734.926
2025-11-04 04:00:00+00:00,107097.1,107247.8,106659.2,106702.8,2939.653
2025-11-04 05:00:00+00:00,106702.7,106702.8,104131.8,104164.3,19787.016
2025-11-04 06:00:00+00:00,104164.3,105190.0,104125.3,104702.4,12060.538
2025-11-04 07:00:00+00:00,104702.4,104900.0,104274.2,104442.9,6515.689
2025-11-04 08:00:00+00:00,104442.9,104591.7,103700.2,104018.4,11377.496
2025-11-04 09:00:00+00:00,104018.5,104125.5,103600.0,103822.3,6436.643
2025-11-04 10:00:00+00:00,103822.4,104096.1,103550.0,103787.0,6602.378
2025-11-04 11:00:00+00:00,103787.0,104656.0,103731.2,104530.7,6477.275
2025-11-04 12:00:00+00:00,104530.7,104596.4,103777.0,103907.3,6088.223
2025-11-04 13:00:00+00:00,103907.3,104191.0,103513.2,103870.0,6007.896
2025-11-04 14:00:00+00:00,103870.1,104651.2,102870.0,104458.4,19618.141
2025-11-04 15:00:00+00:00,104458.4,104800.0,103136.3,103157.7,14172.652
2025-11-04 16:00:00+00:00,103157.7,103474.1,102110.0,102227.4,18567.54
2025-11-04 17:00:00+00:00,102227.4,102227.4,100725.0,101074.8,27765.935
2025-11-04 18:00:00+00:00,101074.8,101469.5,99980.0,101317.3,24806.501
2025-11-04 19:00:00+00:00,101317.3,101674.6,100367.9,100507.0,10761.587
2025-11-04 20:00:00+00:00,100507.0,101077.2,99482.6,100710.1,20294.67
2025-11-04 21:00:00+00:00,100710.0,100793.8,98888.8,100274.1,17969.714
2025-11-04 22:00:00+00:00,100274.2,101859.5,100043.0,101260.2,13672.032
2025-11-04 23:00:00+00:00,101260.3,101697.0,100850.3,101450.3,8148.442
2025-11-05 00:00:00+00:00,101450.2,101700.0,100308.0,100522.9,8632.804
2025-11-05 01:00:00+00:00,100523.0,100988.1,98909.7,100722.1,19826.387
2025-11-05 02:00:00+00:00,100722.1,101918.1,100713.5,101633.7,17538.476
2025-11-05 03:00:00+00:00,101633.8,102222.0,101405.1,102094.8,9519.477
2025-11-05 04:00:00+00:00,102094.8,102212.3,101481.1,101952.1,6278.147
2025-11-05 05:00:00+00:00,101952.1,102326.4,101536.8,101768.2,6876.003
2025-11-05 06:00:00+00:00,101768.1,102094.7,101433.3,102068.8,4625.573
2025-11-05 07:00:00+00:00,102068.8,102100.0,101552.0,101946.1,3208.625
2025-11-05 08:00:00+00:00,101946.2,101946.3,101131.0,101650.8,8543.603
2025-11-05 09:00:00+00:00,101650.7,102174.9,101553.6,101949.5,4369.672
2025-11-05 10:00:00+00:00,101949.6,101949.6,101250.0,101352.5,3401.224
2025-11-05 11:00:00+00:00,101352.6,102060.4,101338.0,102019.4,4421.017
2025-11-05 12:00:00+00:00,102019.3,102853.2,101867.8,102622.7,9346.671
2025-11-05 13:00:00+00:00,102622.6,103207.0,102240.7,102926.1,7361.312
2025-11-05 14:00:00+00:00,102926.2,103440.0,102120.0,103162.6,10546.179
2025-11-05 15:00:00+00:00,103162.6,103750.0,102777.0,103668.3,8064.435
2025-11-05 16:00:00+00:00,103668.2,103990.3,102972.8,103865.0,7918.007
2025-11-05 17:00:00+00:00,103865.1,103953.9,103326.7,103850.6,5116.157
2025-11-05 18:00:00+00:00,103850.6,104383.6,103700.0,104292.8,5356.964
2025-11-05 19:00:00+00:00,104292.9,104496.6,103926.1,103950.0,3877.561
2025-11-05 20:00:00+00:00,103950.0,104497.6,103566.3,103788.0,4733.796
2025-11-05 21:00:00+00:00,103788.0,103788.1,103450.7,103626.0,3148.415
2025-11-05 22:00:00+00:00,103625.9,103750.0,103240.5,103671.9,2550.933
2025-11-05 23:00:00+00:00,103671.8,104062.9,103620.0,103837.0,2508.656
2025-11-06 00:00:00+00:00,103837.0,103840.7,103264.6,103631.5,3592.071
2025-11-06 01:00:00+00:00,103631.5,103631.5,102684.7,103315.4,6692.959
2025-11-06 02:00:00+00:00,103315.4,103537.9,102800.3,103278.2,4007.051
2025-11-06 03:00:00+00:00,103278.1,103919.7,103278.1,103598.3,3478.788
2025-11-06 04:00:00+00:00,103598.3,104210.2,103534.0,103987.5,3425.873
2025-11-06 05:00:00+00:00,103987.5,103987.5,103029.4,103103.5,3767.108
2025-11-06 06:00:00+00:00,103103.5,103560.6,102938.0,103268.7,2662.204
2025-11-06 07:00:00+00:00,103268.8,103542.3,102850.1,103138.6,3858.186
2025-11-06 08:00:00+00:00,103138.6,103406.0,102929.2,103161.2,2147.273
2025-11-06 09:00:00+00:00,103161.3,103226.2,102766.3,102766.3,3074.453
2025-11-06 10:00:00+00:00,102766.4,103250.0,102611.5,103090.0,4253.142
2025-11-06 11:00:00+00:00,103089.9,103270.0,102689.9,103182.6,3249.917
2025-11-06 12:00:00+00:00,103182.6,103287.7,102329.0,102507.1,7370.075
2025-11-06 13:00:00+00:00,102507.1,103585.0,102507.1,103270.0,6089.446
2025-11-06 14:00:00+00:00,103269.9,103550.0,102001.0,102083.1,11085.51
2025-11-06 15:00:00+00:00,102083.0,102907.4,101570.5,101981.6,16466.883
2025-11-06 16:00:00+00:00,101981.6,102367.9,100238.4,100830.6,21376.611
2025-11-06 17:00:00+00:00,100830.5,101958.9,100724.6,101762.2,9647.256
2025-11-06 18:00:00+00:00,101762.2,102298.0,100870.8,101670.0,8125.856
2025-11-06 19:00:00+00:00,101670.0,101949.0,101140.9,101335.9,5659.231
2025-11-06 20:00:00+00:00,101335.9,101599.6,100590.0,100873.8,4759.024
2025-11-06 21:00:00+00:00,100873.7,101175.7,100500.0,101071.8,4437.0
2025-11-06 22:00:00+00:00,101071.8,101447.5,100950.7,101364.2,2552.801
2025-11-06 23:00:00+00:00,101364.1,101507.3,101076.3,101305.6,3251.103
2025-11-07 00:00:00+00:00,101305.6,101596.3,100700.1,101434.5,6287.607
2025-11-07 01:00:00+00:00,101434.6,101846.5,100835.4,101501.3,6027.233
2025-11-07 02:00:00+00:00,101501.3,101890.0,101200.0,101863.8,3619.065
2025-11-07 03:00:00+00:00,101863.8,102311.0,101810.0,101863.5,4283.626
2025-11-07 04:00:00+00:00,101863.4,102027.7,101530.0,101974.1,3337.154
2025-11-07 05:00:00+00:00,101974.0,102480.4,101965.7,102400.0,4494.269
2025-11-07 06:00:00+00:00,102400.0,102450.0,101763.6,101778.7,2319.75
2025-11-07 07:00:00+00:00,101778.6,101981.9,101586.6,101978.8,3129.009
2025-11-07 08:00:00+00:00,101978.2,102024.7,101388.0,101461.8,2960.5
2025-11-07 09:00:00+00:00,101461.8,101480.0,100700.8,100968.1,7051.738
2025-11-07 10:00:00+00:00,100968.1,101213.3,100516.2,100725.3,4551.125
2025-11-07 11:00:00+00:00,100725.4,100751.0,99750.0,100369.1,16276.309
2025-11-07 12:00:00+00:00,100369.2,100593.2,99200.0,99608.9,11406.705
2025-11-07 13:00:00+00:00,99608.9,100537.5,99425.4,100295.1,9675.271
2025-11-07 14:00:00+00:00,100295.0,100924.4,99451.1,100753.6,14308.049
2025-11-07 15:00:00+00:00,100753.7,101230.0,100319.4,100758.0,12218.502
2025-11-07 16:00:00+00:00,100758.0,101620.1,100468.9,101128.4,9032.802
2025-11-07 17:00:00+00:00,101128.3,102688.0,100888.3,102354.6,11858.482
2025-11-07 18:00:00+00:00,102354.7,102818.0,102235.9,102551.3,7514.275
2025-11-07 19:00:00+00:00,102551.3,103350.7,102429.4,103350.0,6003.65
2025-11-07 20:00:00+00:00,103350.0,103849.9,102889.6,103718.4,5834.213
2025-11-07 21:00:00+00:00,103718.4,103844.9,103295.6,103844.9,3144.191
2025-11-07 22:00:00+00:00,103844.8,104070.7,103553.1,103586.6,5640.896
2025-11-07 23:00:00+00:00,103586.6,103733.2,103285.7,103305.2,2993.037
2025-11-08 00:00:00+00:00,103305.3,103373.8,102488.0,102674.6,6176.991
2025-11-08 01:00:00+00:00,102674.5,103212.2,102620.0,102955.8,2834.804
2025-11-08 02:00:00+00:00,102955.8,103294.1,102706.5,102804.9,3151.428
2025-11-08 03:00:00+00:00,102804.9,103264.0,102544.3,102545.8,3530.438
2025-11-08 04:00:00+00:00,102545.8,102794.0,102341.9,102504.9,4546.851
2025-11-08 05:00:00+00:00,102505.0,102685.8,102234.0,102257.4,2748.636
2025-11-08 06:00:00+00:00,102257.4,102485.0,102036.3,102171.8,4098.138
2025-11-08 07:00:00+00:00,102171.8,102368.4,101853.8,102302.9,3474.49
2025-11-08 08:00:00+00:00,102302.8,102654.1,102111.8,102392.1,3149.831
2025-11-08 09:00:00+00:00,102392.0,102564.0,102182.1,102354.7,1888.529
2025-11-08 10:00:00+00:00,102354.6,102535.6,102261.3,102430.8,1103.997
2025-11-08 11:00:00+00:00,102430.8,102594.0,101647.7,101805.6,5576.852
2025-11-08 12:00:00+00:00,101805.6,102063.0,101672.8,102011.7,2695.744
2025-11-08 13:00:00+00:00,102011.6,102142.9,101651.0,101758.9,3079.802
2025-11-08 14:00:00+00:00,101758.9,102052.4,101400.1,101786.2,5635.273
2025-11-08 15:00:00+00:00,101786.3,101917.7,101435.4,101678.0,2997.082
2025-11-08 16:00:00+00:00,101678.1,101921.5,101476.9,101808.9,2599.984
2025-11-08 17:00:00+00:00,101808.8,101971.1,101485.5,101945.1,2006.348
2025-11-08 18:00:00+00:00,101945.1,102182.7,101780.3,102084.4,1838.0
2025-11-08 19:00:00+00:00,102084.3,102137.1,101471.1,101934.3,2407.911
2025-11-08 20:00:00+00:00,101934.4,102125.0,101906.6,102024.4,1051.557
2025-11-08 21:00:00+00:00,102024.3,102328.9,101974.3,102224.1,1478.989
2025-11-08 22:00:00+00:00,102224.0,102382.6,102117.3,102325.4,1285.214
2025-11-08 23:00:00+00:00,102325.3,102443.9,102233.8,102269.3,1335.06
2025-11-09 00:00:00+00:00,102269.3,102294.9,101571.0,101749.9,2878.443
2025-11-09 01:00:00+00:00,101749.9,102069.8,101637.2,101995.4,1555.146
2025-11-09 02:00:00+00:00,101995.4,101995.5,101523.9,101589.7,1643.786
2025-11-09 03:00:00+00:00,101589.7,101771.9,101300.0,101622.9,2536.194
2025-11-09 04:00:00+00:00,101623.0,102097.0,101602.1,101673.8,2237.905
2025-11-09 05:00:00+00:00,101673.8,101988.2,101627.5,101879.9,1804.972
2025-11-09 06:00:00+00:00,101880.0,101923.0,101650.0,101698.9,1262.63
2025-11-09 07:00:00+00:00,101698.8,101930.0,101618.3,101898.2,1450.866
2025-11-09 08:00:00+00:00,101898.3,102009.2,101759.9,101938.3,1293.758
2025-11-09 09:00:00+00:00,101938.4,102087.1,101566.7,101602.2,2531.898
2025-11-09 10:00:00+00:00,101602.3,101884.3,101457.0,101829.4,2628.133
2025-11-09 11:00:00+00:00,101829.3,102274.9,101829.3,102198.2,3052.49
2025-11-09 12:00:00+00:00,102198.2,102390.0,102001.0,102038.3,2540.802
2025-11-09 13:00:00+00:00,102038.3,102967.0,102025.6,102877.9,6490.594
2025-11-09 14:00:00+00:00,102877.9,104031.4,102718.7,102994.4,13694.388
2025-11-09 15:00:00+00:00,102994.3,104180.0,102922.0,103715.8,7196.411
2025-11-09 16:00:00+00:00,103715.8,103881.0,103290.8,103814.8,4789.854
2025-11-09 17:00:00+00:00,103814.8,103938.6,103300.0,103607.6,3042.371
2025-11-09 18:00:00+00:00,103607.7,104573.7,103473.0,104479.8,6045.978
2025-11-09 19:00:00+00:00,104479.8,104780.0,104100.0,104764.1,5811.892
2025-11-09 20:00:00+00:00,104764.1,105036.5,104357.5,104585.5,4375.37
2025-11-09 21:00:00+00:00,104585.4,104807.2,104249.4,104483.6,2855.825
2025-11-09 22:00:00+00:00,104483.6,104774.4,103999.5,104676.8,3677.78
2025-11-09 23:00:00+00:00,104676.9,105440.0,104482.6,104670.6,6970.184
2025-11-10 00:00:00+00:00,104670.7,106484.8,104205.9,106268.0,14109.244
2025-11-10 01:00:00+00:00,106267.9,106666.0,105681.6,105683.0,10180.914
2025-11-10 02:00:00+00:00,105683.0,106025.6,105558.4,105965.9,4159.199
2025-11-10 03:00:00+00:00,105966.0,106257.5,105797.7,105990.6,4483.765
2025-11-10 04:00:00+00:00,105990.6,106270.6,105800.0,106115.9,3455.497
2025-11-10 05:00:00+00:00,106115.9,106438.1,105947.8,106050.0,3607.864
2025-11-10 06:00:00+00:00,106049.9,106263.1,105903.0,106166.6,2502.794
2025-11-10 07:00:00+00:00,106166.7,106499.0,106096.6,106417.7,2962.678
2025-11-10 08:00:00+00:00,106417.6,106525.0,105821.4,105931.2,4117.83
2025-11-10 09:00:00+00:00,105931.2,106570.0,105780.1,106402.0,4920.868
2025-11-10 10:00:00+00:00,106402.0,106416.4,105916.0,105946.1,2485.467
2025-11-10 11:00:00+00:00,105946.1,106287.7,105900.8,106136.6,2048.601
2025-11-10 12:00:00+00:00,106136.5,106176.6,105804.3,105900.1,3372.481
2025-11-10 13:00:00+00:00,105900.1,106566.7,105869.0,106509.4,6050.401
2025-11-10 14:00:00+00:00,106509.4,106509.4,104615.7,104846.5,13292.484
2025-11-10 15:00:00+00:00,104846.6,105584.7,104617.0,105028.9,10362.778
2025-11-10 16:00:00+00:00,105028.9,105320.6,104735.6,105189.2,5452.721
2025-11-10 17:00:00+00:00,105189.2,105962.6,105132.3,105906.6,4328.558
2025-11-10 18:00:00+00:00,105906.6,106081.1,105420.0,105435.8,3573.962
2025-11-10 19:00:00+00:00,105435.9,106000.0,105354.0,105767.2,2971.178
2025-11-10 20:00:00+00:00,105767.1,106249.6,105750.3,105956.7,3483.547
2025-11-10 21:00:00+00:00,105956.7,105973.9,105202.7,105583.5,3305.325
2025-11-10 22:00:00+00:00,105583.5,106089.0,105300.0,106003.8,2262.342
2025-11-10 23:00:00+00:00,106003.9,106242.3,105831.8,105966.3,2913.04
2025-11-11 00:00:00+00:00,105966.3,106111.9,105399.6,106100.0,3329.88
2025-11-11 01:00:00+00:00,106100.0,107473.7,105957.5,106047.4,13732.704
2025-11-11 02:00:00+00:00,106047.5,107099.9,105533.5,106595.8,9107.009
2025-11-11 03:00:00+00:00,106595.8,107041.5,106302.5,106407.3,3942.211
2025-11-11 04:00:00+00:00,106407.4,106496.6,105650.2,105709.0,4164.397
2025-11-11 05:00:00+00:00,105709.0,105709.1,105072.0,105203.4,5480.591
2025-11-11 06:00:00+00:00,105203.4,105300.0,104830.5,105202.0,7093.761
2025-11-11 07:00:00+00:00,105202.0,105278.0,104685.3,104737.0,4259.915
2025-11-11 08:00:00+00:00,104737.1,105226.8,104718.2,105110.5,3396.035
2025-11-11 09:00:00+00:00,105110.6,105454.7,104856.9,104920.6,3350.552
2025-11-11 10:00:00+00:00,104920.6,105193.0,104869.6,105120.5,2053.246
2025-11-11 11:00:00+00:00,105120.5,105464.2,105090.6,105256.2,2755.76
2025-11-11 12:00:00+00:00,105256.2,105459.8,104342.6,104500.0,7104.129
2025-11-11 13:00:00+00:00,104499.9,104670.0,104160.0,104350.1,6561.571
2025-11-11 14:00:00+00:00,104350.1,104641.9,103800.0,104517.8,8622.481
2025-11-11 15:00:00+00:00,104517.8,104517.8,103135.2,103417.2,12715.048
2025-11-11 16:00:00+00:00,103417.2,103694.8,103168.0,103366.6,5047.687
2025-11-11 17:00:00+00:00,103366.5,103599.9,102777.0,103294.0,6505.87
2025-11-11 18:00:00+00:00,103294.0,103525.1,103009.0,103344.6,3954.402
2025-11-11 19:00:00+00:00,103344.5,103411.0,102797.5,103073.6,3730.165
2025-11-11 20:00:00+00:00,103073.6,103183.8,102602.0,102774.8,4888.141
2025-11-11 21:00:00+00:00,102774.8,103066.2,102400.0,102598.4,4964.287
2025-11-11 22:00:00+00:00,102598.3,103120.0,102459.3,102940.1,2821.018
2025-11-11 23:00:00+00:00,102940.1,103170.7,102751.6,103005.8,3022.914
2025-11-12 00:00:00+00:00,103005.8,103321.4,102761.8,102838.4,3714.322
2025-11-12 01:00:00+00:00,102838.4,103325.0,102629.5,103200.1,3859.567
2025-11-12 02:00:00+00:00,103200.1,103360.2,102885.0,103099.3,3724.44
2025-11-12 03:00:00+00:00,103099.3,103399.4,103045.5,103267.2,1824.609
2025-11-12 04:00:00+00:00,103267.2,103426.1,102941.6,103199.9,2204.272
2025-11-12 05:00:00+00:00,103200.0,103423.6,103188.1,103350.0,1480.947
2025-11-12 06:00:00+00:00,103350.0,103605.0,103290.0,103305.9,2617.851
2025-11-12 07:00:00+00:00,103305.9,103496.9,103001.0,103066.7,2521.48
2025-11-12 08:00:00+00:00,103066.7,104188.0,103066.7,104100.0,7396.89
2025-11-12 09:00:00+00:00,104100.0,105044.2,104090.0,104475.4,11451.039
2025-11-12 10:00:00+00:00,104475.4,104999.0,104462.9,104844.9,4000.778
2025-11-12 11:00:00+00:00,104844.8,105162.6,104693.4,104979.9,4553.788
2025-11-12 12:00:00+00:00,104979.9,105297.0,104778.2,104947.8,4624.856
2025-11-12 13:00:00+00:00,104947.8,105135.9,104556.6,104993.8,4755.914
2025-11-12 14:00:00+00:00,104993.7,104993.8,103508.8,103948.5,12332.503
2025-11-12 15:00:00+00:00,103948.5,104275.8,101900.0,102124.9,20226.943
2025-11-12 16:00:00+00:00,102124.9,102249.2,101274.8,101393.1,16706.276
2025-11-12 17:00:00+00:00,101393.1,102100.0,101354.6,101700.0,7049.074
2025-11-12 18:00:00+00:00,101700.0,101910.0,101360.4,101493.6,4654.416
2025-11-12 19:00:00+00:00,101493.6,101523.0,100711.0,101245.4,9415.269
2025-11-12 20:00:00+00:00,101245.3,101795.3,101087.8,101494.9,3849.807
2025-11-12 21:00:00+00:00,101494.9,101880.1,101467.1,101880.1,2320.492
2025-11-12 22:00:00+00:00,101880.0,101951.0,101400.0,101922.6,2295.542
2025-11-12 23:00:00+00:00,101922.5,101964.5,101409.8,101605.8,3295.201
2025-11-13 00:00:00+00:00,101605.8,102020.0,101412.0,101813.1,3247.869
2025-11-13 01:00:00+00:00,101813.1,102581.7,101782.7,101960.1,7272.953
2025-11-13 02:00:00+00:00,101960.1,102300.0,101921.1,102015.0,2595.057
2025-11-13 03:00:00+00:00,102015.0,102525.1,100850.0,102088.1,9523.693
2025-11-13 04:00:00+00:00,102088.0,102391.0,101602.2,102067.2,5004.101
2025-11-13 05:00:00+00:00,102067.2,103373.2,101708.2,103097.5,7221.45
2025-11-13 06:00:00+00:00,103097.8,103666.6,102870.0,103555.0,11978.939
2025-11-13 07:00:00+00:00,103555.0,104024.6,103271.7,103430.9,10120.864
2025-11-13 08:00:00+00:00,103430.9,103765.4,103227.7,103635.1,4245.445
2025-11-13 09:00:00+00:00,103635.2,103705.3,102509.1,102792.2,8562.202
2025-11-13 10:00:00+00:00,102792.3,103261.6,102730.6,102951.2,3262.33
2025-11-13 11:00:00+00:00,102951.2,103124.6,102654.1,102900.0,2496.67
2025-11-13 12:00:00+00:00,102900.1,103248.9,102691.0,103100.0,3641.794
2025-11-13 13:00:00+00:00,103100.0,103120.3,102100.0,102282.2,8209.996
2025-11-13 14:00:00+00:00,102282.2,103456.0,101689.0,102823.4,17998.425
2025-11-13 15:00:00+00:00,102823.4,102969.8,101135.0,101338.0,15228.684
2025-11-13 16:00:00+00:00,101338.0,101495.7,100455.7,100580.2,16431.198
2025-11-13 17:00:00+00:00,100580.3,100774.4,99556.8,99601.4,16833.117
2025-11-13 18:00:00+00:00,99601.4,99895.2,98100.0,98539.7,26565.735
2025-11-13 19:00:00+00:00,98539.6,99256.6,98209.7,98643.1,15188.386
2025-11-13 20:00:00+00:00,98643.1,98999.9,97959.0,98131.6,15882.308
2025-11-13 21:00:00+00:00,98132.1,98873.5,97985.7,98764.1,6528.276
2025-11-13 22:00:00+00:00,98764.2,99899.2,98657.0,99820.6,7496.206
2025-11-13 23:00:00+00:00,99820.5,100485.8,99509.5,99654.3,10511.101
2025-11-14 00:00:00+00:00,99654.3,99752.7,98684.7,98941.0,13076.142
2025-11-14 01:00:00+00:00,98941.0,99528.6,98657.0,99208.8,6908.071
2025-11-14 02:00:00+00:00,99208.9,99862.8,99201.4,99573.4,3955.014
2025-11-14 03:00:00+00:00,99573.3,99605.5,98730.0,99103.3,4776.553
2025-11-14 04:00:00+00:00,99103.3,99152.0,96600.0,97789.7,26490.33
2025-11-14 05:00:00+00:00,97789.7,97997.3,97000.0,97491.9,10990.331
2025-11-14 06:00:00+00:00,97491.8,97585.9,95840.9,97530.9,19135.12
2025-11-14 07:00:00+00:00,97531.0,97714.2,96704.3,97099.9,14698.027
2025-11-14 08:00:00+00:00,97099.9,97442.3,96714.4,97333.2,7223.958
2025-11-14 09:00:00+00:00,97333.2,97520.0,96622.8,96808.2,6150.239
2025-11-14 10:00:00+00:00,96808.2,97255.2,96624.0,96703.8,4439.163
2025-11-14 11:00:00+00:00,96703.8,96909.3,95597.9,96134.6,13297.474
2025-11-14 12:00:00+00:00,96134.5,96134.6,94500.0,95327.0,26405.264
2025-11-14 13:00:00+00:00,95327.0,95680.0,94526.4,95209.0,14523.306
2025-11-14 14:00:00+00:00,95209.0,96765.0,94905.2,96497.7,25036.571
2025-11-14 15:00:00+00:00,96497.7,97280.0,95806.9,96752.6,16635.4
2025-11-14 16:00:00+00:00,96752.7,97377.6,96211.1,96972.5,12106.51
2025-11-14 17:00:00+00:00,96972.6,97094.4,95551.0,95813.8,10110.689
2025-11-14 18:00:00+00:00,95813.7,96297.5,94911.0,95023.9,10926.161
2025-11-14 19:00:00+00:00,95023.9,95886.9,94741.2,95737.3,9173.25
2025-11-14 20:00:00+00:00,95737.4,95900.0,94150.2,94336.6,11266.85
2025-11-14 21:00:00+00:00,94336.6,95127.7,94179.9,95023.3,6793.511
2025-11-14 22:00:00+00:00,95023.3,95452.4,94654.0,95147.6,4249.663
2025-11-14 23:00:00+00:00,95147.5,95147.5,93955.0,94544.9,8705.186
2025-11-15 00:00:00+00:00,94544.9,95395.3,94523.9,95120.0,6755.663
2025-11-15 01:00:00+00:00,95120.0,95766.5,94715.5,95617.0,5772.021
2025-11-15 02:00:00+00:00,95617.0,96474.6,95374.8,96452.5,7119.281
2025-11-15 03:00:00+00:00,96452.4,96800.0,96100.8,96388.5,7759.499
2025-11-15 04:00:00+00:00,96388.5,96488.0,95900.1,96077.4,3948.63
2025-11-15 05:00:00+00:00,96077.4,96389.8,95941.0,96304.0,3583.966
2025-11-15 06:00:00+00:00,96304.1,96543.8,95906.7,96093.5,3215.523
2025-11-15 07:00:00+00:00,96093.4,96337.5,95925.8,96289.4,3136.307
2025-11-15 08:00:00+00:00,96289.3,96310.4,95605.9,95878.8,6000.487
2025-11-15 09:00:00+00:00,95878.9,96118.6,95629.9,95774.1,2625.881
2025-11-15 10:00:00+00:00,95774.1,96027.2,95650.9,95912.0,2181.305
2025-11-15 11:00:00+00:00,95912.0,95949.0,95587.3,95657.3,2048.557
2025-11-15 12:00:00+00:00,95657.3,95842.6,95534.1,95766.1,2452.676
2025-11-15 13:00:00+00:00,95766.1,96330.0,95677.7,96325.7,4272.182
2025-11-15 14:00:00+00:00,96325.7,96439.6,95953.8,96201.8,3938.441
2025-11-15 15:00:00+00:00,96201.8,96385.0,96059.0,96222.1,2540.721
2025-11-15 16:00:00+00:00,96222.1,96285.1,95677.7,96111.4,4580.168
2025-11-15 17:00:00+00:00,96111.4,96362.5,95804.2,96198.0,4231.265
2025-11-15 18:00:00+00:00,96197.9,96312.0,95899.4,96009.6,2189.631
2025-11-15 19:00:00+00:00,96009.6,96110.2,95875.0,95967.7,959.827
2025-11-15 20:00:00+00:00,95967.7,95979.1,95072.1,95249.5,4661.314
2025-11-15 21:00:00+00:00,95249.4,95645.7,95086.8,95245.4,3401.796
2025-11-15 22:00:00+00:00,95245.4,95621.1,95186.1,95577.4,1618.168
2025-11-15 23:00:00+00:00,95577.4,95655.0,95450.0,95560.3,1227.01
2025-11-16 00:00:00+00:00,95560.4,95672.7,95159.0,95327.0,2113.959
2025-11-16 01:00:00+00:00,95327.1,95462.2,94800.0,95243.7,4662.64
2025-11-16 02:00:00+00:00,95243.7,95937.7,95055.0,95934.3,3949.728
2025-11-16 03:00:00+00:00,95934.2,95946.4,95580.5,95782.0,1907.72
2025-11-16 04:00:00+00:00,95782.0,95891.4,95602.0,95781.0,1708.226
2025-11-16 05:00:00+00:00,95781.0,96170.6,95772.2,95850.0,3442.85
2025-11-16 06:00:00+00:00,95849.9,96007.1,95710.0,95762.8,1430.717
2025-11-16 07:00:00+00:00,95763.0,96067.1,95690.0,96064.8,2034.586
2025-11-16 08:00:00+00:00,96064.8,96222.0,95818.6,96083.5,2685.366
2025-11-16 09:00:00+00:00,96083.5,96600.0,95896.2,96597.4,3458.862
2025-11-16 10:00:00+00:00,96597.3,96597.3,96340.0,96412.7,2577.83
2025-11-16 11:00:00+00:00,96412.7,96414.0,95443.6,95588.0,7991.377
2025-11-16 12:00:00+00:00,95588.0,95870.0,95385.1,95713.7,4216.24
2025-11-16 13:00:00+00:00,95713.6,95815.0,95073.0,95371.8,4666.574
2025-11-16 14:00:00+00:00,95371.9,95636.0,95253.9,95487.0,2526.175
2025-11-16 15:00:00+00:00,95487.1,95517.0,94300.0,94531.3,7460.762
2025-11-16 16:00:00+00:00,94531.2,94902.5,94000.0,94185.4,13185.838
2025-11-16 17:00:00+00:00,94184.8,94506.8,93677.4,94328.0,10795.474
2025-11-16 18:00:00+00:00,94327.9,95544.8,93714.7,94005.9,15171.473
2025-11-16 19:00:00+00:00,94005.9,94564.9,93897.0,93994.5,5171.299
2025-11-16 20:00:00+00:00,93994.5,94700.0,93921.1,94051.1,3375.18
2025-11-16 21:00:00+00:00,94051.1,94171.5,93285.0,93472.9,10127.258
2025-11-16 22:00:00+00:00,93473.0,94481.7,93000.0,94156.7,10305.345
2025-11-16 23:00:00+00:00,94156.6,94528.8,92922.8,94221.7,10784.03
2025-11-17 00:00:00+00:00,94221.7,95354.3,93730.0,95254.4,11129.984
2025-11-17 01:00:00+00:00,95254.4,95470.2,94672.1,94732.5,4978.096
2025-11-17 02:00:00+00:00,94732.5,95384.6,94673.5,94942.1,4065.999
2025-11-17 03:00:00+00:00,94942.1,95539.3,94933.8,95472.1,4485.238
2025-11-17 04:00:00+00:00,95472.0,95541.6,94850.0,95067.8,6105.491
2025-11-17 05:00:00+00:00,95067.8,95236.0,94866.2,95088.6,2353.071
2025-11-17 06:00:00+00:00,95088.6,95300.0,94851.6,95237.3,2555.776
2025-11-17 07:00:00+00:00,95237.3,95838.0,95163.4,95587.9,4746.283
2025-11-17 08:00:00+00:00,95587.9,95980.1,95476.1,95577.3,4409.841
2025-11-17 09:00:00+00:00,95577.3,95841.3,95268.9,95608.0,4464.088
2025-11-17 10:00:00+00:00,95608.0,95845.1,95500.1,95607.6,2562.35
2025-11-17 11:00:00+00:00,95607.6,95909.1,95353.0,95530.1,3495.791
2025-11-17 12:00:00+00:00,95530.0,95543.3,95223.0,95283.4,3355.267
2025-11-17 13:00:00+00:00,95283.4,95340.0,93511.8,93913.5,18036.108
2025-11-17 14:00:00+00:00,93913.6,96012.2,93713.3,94730.2,23450.771
2025-11-17 15:00:00+00:00,94730.2,94977.2,93736.3,93915.7,14045.405
2025-11-17 16:00:00+00:00,93915.8,94388.0,93016.0,94267.0,16571.506
2025-11-17 17:00:00+00:00,94267.0,94357.9,92620.1,92724.0,12989.793
2025-11-17 18:00:00+00:00,92724.0,93175.4,92366.8,92504.2,14020.401
2025-11-17 19:00:00+00:00,92504.2,92617.9,91550.2,91656.2,16602.376
2025-11-17 20:00:00+00:00,91656.2,92194.1,91250.0,91880.5,13058.115
2025-11-17 21:00:00+00:00,91880.0,92227.7,91480.0,91925.7,6944.17
2025-11-17 22:00:00+00:00,91925.6,92370.9,91777.0,92213.1,5473.223
2025-11-17 23:00:00+00:00,92213.1,92261.6,91753.8,92169.7,5262.142
2025-11-18 00:00:00+00:00,92169.8,92335.4,91126.0,92120.2,8624.107
2025-11-18 01:00:00+00:00,92120.2,92186.1,91567.5,91681.2,6123.902
2025-11-18 02:00:00+00:00,91681.2,91720.4,90640.7,90837.6,16348.372
2025-11-18 03:00:00+00:00,90837.6,90900.0,89666.1,90811.9,23029.116
2025-11-18 04:00:00+00:00,90811.8,90842.1,89012.0,90049.4,20592.352
2025-11-18 05:00:00+00:00,90049.4,90455.0,89676.8,90185.9,8304.426
2025-11-18 06:00:00+00:00,90185.8,90197.1,89333.1,89615.9,7011.137
2025-11-18 07:00:00+00:00,89615.9,90500.5,89299.7,90459.1,8462.63
2025-11-18 08:00:00+00:00,90459.2,91453.5,90459.1,91179.9,10800.18
2025-11-18 09:00:00+00:00,91180.0,91450.1,90843.9,91361.7,7423.624
2025-11-18 10:00:00+00:00,91361.6,91567.0,91203.7,91536.3,5264.884
2025-11-18 11:00:00+00:00,91536.3,91565.5,91188.0,91473.6,4864.155
2025-11-18 12:00:00+00:00,91474.1,91859.0,91056.1,91470.1,8345.275
2025-11-18 13:00:00+00:00,91470.1,91616.5,90888.0,91438.4,7959.179
2025-11-18 14:00:00+00:00,91438.4,92410.0,91166.2,91315.9,20508.752
2025-11-18 15:00:00+00:00,91315.8,92991.7,90941.7,92851.4,21271.979
2025-11-18 16:00:00+00:00,92851.5,93799.1,92532.0,93447.3,15350.629
2025-11-18 17:00:00+00:00,93447.2,93609.0,92759.6,93215.7,7958.172
2025-11-18 18:00:00+00:00,93215.7,93728.1,93103.0,93290.6,6160.819
2025-11-18 19:00:00+00:00,93290.7,93576.0,92949.7,93143.1,3535.735
2025-11-18 20:00:00+00:00,93143.1,93267.4,92616.0,92756.8,4017.178
2025-11-18 21:00:00+00:00,92756.9,92997.9,92420.3,92459.0,3851.625
2025-11-18 22:00:00+00:00,92459.0,93400.0,92446.9,93119.6,3333.842
2025-11-18 23:00:00+00:00,93119.6,93131.4,92685.3,92916.9,3549.086
2025-11-19 00:00:00+00:00,92916.8,92944.8,91838.6,92377.6,8621.302
2025-11-19 01:00:00+00:00,92377.6,92617.2,91890.5,92410.2,5967.723
2025-11-19 02:00:00+00:00,92410.1,92835.9,92223.2,92529.2,4124.031
2025-11-19 03:00:00+00:00,92529.2,92604.7,91600.0,91842.2,5809.195
2025-11-19 04:00:00+00:00,91842.1,91934.1,91115.2,91120.3,7357.344
2025-11-19 05:00:00+00:00,91120.4,91237.4,89966.0,90415.7,18260.141
2025-11-19 06:00:00+00:00,90415.7,91064.0,90228.5,90938.5,10869.52
2025-11-19 07:00:00+00:00,90938.5,91987.2,90903.4,91826.6,9571.352
2025-11-19 08:00:00+00:00,91826.6,91920.0,91226.3,91435.4,7193.918
2025-11-19 09:00:00+00:00,91435.4,91480.0,91038.9,91480.0,5907.166
2025-11-19 10:00:00+00:00,91479.9,91650.0,91188.0,91267.0,3459.424
2025-11-19 11:00:00+00:00,91267.0,91784.6,91260.9,91372.4,3118.733
2025-11-19 12:00:00+00:00,91372.3,91832.8,91166.0,91737.0,3690.323
2025-11-19 13:00:00+00:00,91737.0,91863.2,91200.0,91362.0,5442.681
2025-11-19 14:00:00+00:00,91361.9,91828.9,91006.4,91670.6,9950.245
2025-11-19 15:00:00+00:00,91670.6,92348.2,89822.0,89901.0,23195.006
2025-11-19 16:00:00+00:00,89901.0,90202.5,89416.0,89863.2,17947.296
2025-11-19 17:00:00+00:00,89863.1,90098.5,88820.8,89459.9,17365.879
2025-11-19 18:00:00+00:00,89459.8,89696.1,88765.0,89214.4,10803.388
2025-11-19 19:00:00+00:00,89214.4,89349.1,88600.0,88857.7,8054.095
2025-11-19 20:00:00+00:00,88857.8,89673.8,88564.4,89472.8,11651.717
2025-11-19 21:00:00+00:00,89472.8,90806.1,89401.7,90553.9,13373.887
2025-11-19 22:00:00+00:00,90553.8,90598.2,90055.6,90434.3,4079.742
2025-11-19 23:00:00+00:00,90434.4,91554.9,90434.4,91508.9,10624.342
2025-11-20 00:00:00+00:00,91509.0,92272.6,91140.2,91850.1,8235.025
2025-11-20 01:00:00+00:00,91850.1,92689.4,91777.1,92556.0,7644.115
2025-11-20 02:00:00+00:00,92556.0,92760.0,92288.0,92555.9,6149.595
2025-11-20 03:00:00+00:00,92556.0,92692.3,92330.0,92404.6,4808.78
2025-11-20 04:00:00+00:00,92404.7,92960.0,92093.5,92936.7,8802.741
2025-11-20 05:00:00+00:00,92936.6,93150.0,92533.7,92581.7,6193.369
2025-11-20 06:00:00+00:00,92581.6,92820.0,91640.2,91938.1,8359.551
2025-11-20 07:00:00+00:00,91938.2,92397.9,91753.4,92267.4,4640.205
2025-11-20 08:00:00+00:00,92267.5,92363.1,92000.0,92082.3,3414.95
2025-11-20 09:00:00+00:00,92082.2,92091.8,91388.5,91874.1,6394.475
2025-11-20 10:00:00+00:00,91874.1,92030.9,91550.0,91770.0,4066.937
2025-11-20 11:00:00+00:00,91770.1,91987.8,91452.3,91892.6,3225.671
2025-11-20 12:00:00+00:00,91892.7,91968.2,91650.0,91797.3,3166.768
2025-11-20 13:00:00+00:00,91797.3,92498.6,91440.0,91479.7,11130.166
2025-11-20 14:00:00+00:00,91479.6,91651.5,90400.0,91064.5,22106.489
2025-11-20 15:00:00+00:00,91064.4,91145.1,89804.1,89835.4,14554.208
2025-11-20 16:00:00+00:00,89835.5,89885.7,87450.0,87855.5,43473.577
2025-11-20 17:00:00+00:00,87855.5,88153.9,86281.9,87186.1,36531.53
2025-11-20 18:00:00+00:00,87186.1,87713.0,86260.9,86445.7,18256.762
2025-11-20 19:00:00+00:00,86445.7,87124.6,86066.6,86880.3,15802.443
2025-11-20 20:00:00+00:00,86880.2,87088.1,86291.7,86432.8,10636.233
2025-11-20 21:00:00+00:00,86432.8,87630.9,86401.3,87235.0,8733.897
2025-11-20 22:00:00+00:00,87234.6,88214.1,87157.8,88033.8,8847.802
2025-11-20 23:00:00+00:00,88033.7,88136.4,86522.4,86601.3,11337.738
2025-11-21 00:00:00+00:00,86601.4,87465.4,86552.0,87249.9,7827.531
2025-11-21 01:00:00+00:00,87249.9,87438.0,86800.0,87017.4,5340.269
2025-11-21 02:00:00+00:00,87017.4,87038.0,85288.0,85396.4,21256.653
2025-11-21 03:00:00+00:00,85396.3,86109.0,85394.9,85782.5,11154.885
2025-11-21 04:00:00+00:00,85782.4,86094.0,85347.9,86016.6,7347.024
2025-11-21 05:00:00+00:00,86016.7,86313.2,85794.0,86148.2,5742.823
2025-11-21 06:00:00+00:00,86148.3,86219.4,85501.0,85541.3,6291.553
2025-11-21 07:00:00+00:00,85541.4,85734.8,81111.0,84006.7,58984.375
2025-11-21 08:00:00+00:00,84006.7,84667.1,83550.6,83609.6,19288.712
2025-11-21 09:00:00+00:00,83609.6,83958.8,82074.3,82188.7,25358.523
2025-11-21 10:00:00+00:00,82188.7,82881.9,81601.7,82673.1,26465.73
2025-11-21 11:00:00+00:00,82673.1,83332.8,82157.7,82279.1,13011.227
2025-11-21 12:00:00+00:00,82279.2,83569.2,80600.0,83240.1,46930.281
2025-11-21 13:00:00+00:00,83240.1,84384.6,83060.3,84065.2,23363.458
2025-11-21 14:00:00+00:00,84065.3,85449.2,83508.7,84801.0,31082.717
2025-11-21 15:00:00+00:00,84801.0,85063.5,82699.9,82905.1,28161.414
2025-11-21 16:00:00+00:00,82905.0,84900.1,82300.0,84883.1,28706.872
2025-11-21 17:00:00+00:00,84883.0,85548.4,84524.5,84842.7,21192.728
2025-11-21 18:00:00+00:00,84842.8,85055.6,83250.1,84534.2,22618.862
2025-11-21 19:00:00+00:00,84534.2,84982.0,84025.9,84167.2,8215.863
2025-11-21 20:00:00+00:00,84167.1,84618.2,83418.4,84529.0,11924.183
2025-11-21 21:00:00+00:00,84529.0,85374.5,84312.2,85142.4,6605.103
2025-11-21 22:00:00+00:00,85142.5,85369.6,84215.1,84242.3,7049.447
2025-11-21 23:00:00+00:00,84242.2,85322.4,84078.0,85093.5,5884.091
2025-11-22 00:00:00+00:00,85093.6,85599.9,84500.9,84695.1,7646.934
2025-11-22 01:00:00+00:00,84695.1,85175.2,84537.4,85143.0,4233.382
2025-11-22 02:00:00+00:00,85143.5,85172.8,84243.3,84492.0,4403.321
2025-11-22 03:00:00+00:00,84492.0,84579.4,84180.0,84414.1,3614.25
2025-11-22 04:00:00+00:00,84414.0,84524.9,83792.0,84206.7,5858.185
2025-11-22 05:00:00+00:00,84206.7,84284.1,83833.8,84250.0,3480.501
2025-11-22 06:00:00+00:00,84250.0,84764.3,84040.3,84597.5,4292.455
2025-11-22 07:00:00+00:00,84597.4,84632.7,84355.4,84537.4,2334.151
2025-11-22 08:00:00+00:00,84537.4,84546.4,83896.6,83979.3,4647.685
2025-11-22 09:00:00+00:00,83979.3,84315.6,83821.3,83898.5,4333.553
2025-11-22 10:00:00+00:00,83898.6,84187.3,83456.0,83666.1,6219.994
2025-11-22 11:00:00+00:00,83666.0,84328.5,83552.7,84066.2,5462.812
2025-11-22 12:00:00+00:00,84066.2,84131.0,83578.5,83845.2,4759.96
2025-11-22 13:00:00+00:00,83845.2,84100.0,83607.4,83908.0,3808.204
2025-11-22 14:00:00+00:00,83907.9,84712.7,83892.5,84451.5,6387.293
2025-11-22 15:00:00+00:00,84451.4,84535.7,83968.6,84239.9,3626.999
2025-11-22 16:00:00+00:00,84239.9,84888.0,84175.0,84659.7,3867.911
2025-11-22 17:00:00+00:00,84659.6,84690.0,84385.2,84515.5,2549.043
2025-11-22 18:00:00+00:00,84515.2,84648.4,84425.9,84624.8,1368.798
2025-11-22 19:00:00+00:00,84624.8,84761.8,84463.6,84566.7,1277.356
2025-11-22 20:00:00+00:00,84566.8,84779.8,84193.8,84426.7,2127.776
2025-11-22 21:00:00+00:00,84426.7,84481.1,84195.4,84370.0,1464.153
2025-11-22 22:00:00+00:00,84370.1,85238.3,84234.8,85020.6,3648.478
2025-11-22 23:00:00+00:00,85020.5,85139.9,84618.0,84689.4,2783.861
2025-11-23 00:00:00+00:00,84689.4,85286.8,84622.0,84929.1,4931.119
2025-11-23 01:00:00+00:00,84929.2,86200.0,84910.8,85837.5,7771.988
2025-11-23 02:00:00+00:00,85837.5,86300.0,85629.3,85948.4,7590.733
2025-11-23 03:00:00+00:00,85948.5,86261.0,85764.1,86261.0,3906.257
2025-11-23 04:00:00+00:00,86261.0,86826.8,86104.8,86499.3,9344.478
2025-11-23 05:00:00+00:00,86499.4,86540.5,85935.0,86315.3,4479.883
2025-11-23 06:00:00+00:00,86315.2,86458.7,85819.8,85819.8,4422.867
2025-11-23 07:00:00+00:00,85819.8,85881.5,85348.7,85732.0,6355.218
2025-11-23 08:00:00+00:00,85732.1,86158.7,85724.7,86100.0,4861.159
2025-11-23 09:00:00+00:00,86100.0,86438.5,86031.6,86348.2,3362.555
2025-11-23 10:00:00+00:00,86348.2,86410.0,86000.0,86023.9,3830.884
2025-11-23 11:00:00+00:00,86024.0,86379.9,85777.9,86290.3,4619.143
2025-11-23 12:00:00+00:00,86290.3,86858.0,86222.0,86485.1,8362.02
2025-11-23 13:00:00+00:00,86485.1,86899.0,86270.4,86887.9,5122.232
2025-11-23 14:00:00+00:00,86887.9,87178.9,86444.0,86512.2,8131.938
2025-11-23 15:00:00+00:00,86512.3,87222.0,86406.1,87042.8,5229.063
2025-11-23 16:00:00+00:00,87042.8,87472.0,86632.9,86647.4,9393.025
2025-11-23 17:00:00+00:00,86647.4,86920.4,86458.0,86699.4,5181.512
2025-11-23 18:00:00+00:00,86699.4,87223.3,86673.5,86950.8,3789.934
2025-11-23 19:00:00+00:00,86950.7,87653.9,86888.0,87276.7,6178.834
2025-11-23 20:00:00+00:00,87276.7,87652.9,87175.6,87435.0,4040.626
2025-11-23 21:00:00+00:00,87435.1,87950.0,87100.0,87945.0,4281.486
2025-11-23 22:00:00+00:00,87944.9,88100.0,87511.6,87964.7,5157.216
2025-11-23 23:00:00+00:00,87964.7,88049.8,86700.0,86807.7,8585.903
2025-11-24 00:00:00+00:00,86807.6,87189.1,85915.0,86701.8,12992.239
2025-11-24 01:00:00+00:00,86701.7,87054.0,86360.9,87033.6,6912.366
2025-11-24 02:00:00+00:00,87033.6,88049.5,86976.8,87483.6,12188.227
2025-11-24 03:00:00+00:00,87483.6,87756.4,87150.7,87408.8,4665.881
2025-11-24 04:00:00+00:00,87408.7,87555.4,86400.0,86682.7,7476.253
2025-11-24 05:00:00+00:00,86682.6,87795.9,86624.6,87425.3,7194.677
2025-11-24 06:00:00+00:00,87425.4,87475.1,86736.9,86862.1,6034.819
2025-11-24 07:00:00+00:00,86862.1,87311.1,86642.1,87004.6,5389.417
2025-11-24 08:00:00+00:00,87004.6,87004.6,86674.4,86916.5,3807.19
2025-11-24 09:00:00+00:00,86916.4,86916.4,85760.0,85913.7,10392.66
2025-11-24 10:00:00+00:00,85913.8,86164.7,85654.1,86017.1,6800.987
2025-11-24 11:00:00+00:00,86017.1,86409.3,85796.2,86232.5,4189.21
2025-11-24 12:00:00+00:00,86232.5,86290.0,85840.0,85967.3,5965.959
2025-11-24 13:00:00+00:00,85967.2,86544.2,85919.0,86114.7,6591.232
2025-11-24 14:00:00+00:00,86114.7,86634.1,85226.4,86128.0,18662.051
2025-11-24 15:00:00+00:00,86127.9,86700.0,85858.8,86571.0,16200.568
2025-11-24 16:00:00+00:00,86571.1,87678.7,86571.0,87123.2,15634.382
2025-11-24 17:00:00+00:00,87123.3,88402.7,86888.0,88314.9,14748.332
2025-11-24 18:00:00+00:00,88315.0,88669.6,88128.4,88658.9,11677.785
2025-11-24 19:00:00+00:00,88658.8,88788.0,87990.7,88277.0,9393.469
2025-11-24 20:00:00+00:00,88277.1,89177.3,88277.1,89018.7,11481.904
2025-11-24 21:00:00+00:00,89018.6,89073.3,88670.0,88713.3,4489.722
2025-11-24 22:00:00+00:00,88713.3,89053.3,88548.6,88584.7,3532.581
2025-11-24 23:00:00+00:00,88584.7,88650.5,88205.3,88247.1,4691.421
2025-11-25 00:00:00+00:00,88247.1,88247.1,87825.0,88057.9,5747.562
2025-11-25 01:00:00+00:00,88058.0,88172.6,87666.0,87687.5,4813.754
2025-11-25 02:00:00+00:00,87687.6,87900.0,87378.8,87864.4,5197.445
2025-11-25 03:00:00+00:00,87864.3,88014.2,87500.0,87775.1,3955.216
2025-11-25 04:00:00+00:00,87775.0,88477.6,87739.6,88298.9,5461.34
2025-11-25 05:00:00+00:00,88298.9,88299.0,87884.1,88078.3,2521.941
2025-11-25 06:00:00+00:00,88078.3,88110.1,87757.8,87963.8,2699.732
2025-11-25 07:00:00+00:00,87963.8,88022.2,87240.0,87362.2,6381.878
2025-11-25 08:00:00+00:00,87362.2,87585.7,86959.9,86978.6,6424.0
2025-11-25 09:00:00+00:00,86978.6,87218.3,86628.4,87194.3,9531.828
2025-11-25 10:00:00+00:00,87194.3,87384.2,86904.7,87358.6,4882.576
2025-11-25 11:00:00+00:00,87358.5,87488.5,87257.8,87311.9,2948.769
2025-11-25 12:00:00+00:00,87312.0,87732.7,87310.5,87470.6,4591.709
2025-11-25 13:00:00+00:00,87470.6,87675.0,86806.2,87027.8,8757.527
2025-11-25 14:00:00+00:00,87027.8,87261.3,86061.1,86695.0,16137.107
2025-11-25 15:00:00+00:00,86694.9,87267.8,86150.0,86946.5,10237.762
2025-11-25 16:00:00+00:00,86946.6,87255.0,86661.1,87081.0,6166.56
2025-11-25 17:00:00+00:00,87080.9,88115.0,87000.1,87581.1,9631.952
2025-11-25 18:00:00+00:00,87581.1,87796.2,87182.3,87195.5,4601.734
2025-11-25 19:00:00+00:00,87195.6,87300.6,86132.7,86835.0,9681.879
2025-11-25 20:00:00+00:00,86835.1,87428.6,86660.6,87330.8,5697.656
2025-11-25 21:00:00+00:00,87330.6,87407.1,86936.9,86993.5,3206.186
2025-11-25 22:00:00+00:00,86993.4,87686.5,86542.0,87606.2,5786.504
2025-11-25 23:00:00+00:00,87606.2,87869.4,87284.9,87324.1,4575.038
2025-11-26 00:00:00+00:00,87324.1,87734.1,87315.0,87536.7,4074.701
2025-11-26 01:00:00+00:00,87536.7,88200.0,87291.1,87878.7,4965.291
2025-11-26 02:00:00+00:00,87878.6,88046.6,87610.0,87672.5,3416.717
2025-11-26 03:00:00+00:00,87672.6,87852.0,87022.2,87088.5,4684.266
2025-11-26 04:00:00+00:00,87088.4,87323.3,86851.1,87190.0,4944.626
2025-11-26 05:00:00+00:00,87190.0,87711.1,87175.0,87479.9,3523.467
2025-11-26 06:00:00+00:00,87479.9,87857.3,87410.1,87762.4,2809.766
2025-11-26 07:00:00+00:00,87762.4,87947.0,87661.0,87896.2,2827.734
2025-11-26 08:00:00+00:00,87896.2,87909.2,87368.0,87380.6,3232.013
2025-11-26 09:00:00+00:00,87380.5,87413.9,86700.9,86799.9,5837.826
2025-11-26 10:00:00+00:00,86799.9,87023.2,86630.0,86916.1,5046.655
2025-11-26 11:00:00+00:00,86916.1,87062.4,86804.0,87049.2,3338.458
2025-11-26 12:00:00+00:00,87049.1,87134.5,86260.9,86601.1,8699.878
2025-11-26 13:00:00+00:00,86601.0,87087.3,86517.9,87082.0,6214.826
2025-11-26 14:00:00+00:00,87082.1,87646.8,86716.0,86858.1,10907.573
2025-11-26 15:00:00+00:00,86858.0,87318.0,86596.6,86926.2,10464.855
2025-11-26 16:00:00+00:00,86926.3,87939.3,86914.3,87778.9,9993.612
2025-11-26 17:00:00+00:00,87778.9,89927.6,87663.4,89792.5,22581.303
2025-11-26 18:00:00+00:00,89792.4,90362.7,89630.3,90103.4,15698.211
2025-11-26 19:00:00+00:00,90103.5,90150.1,89692.3,89923.3,6038.94
2025-11-26 20:00:00+00:00,89923.3,90069.2,89458.7,89811.0,6189.541
2025-11-26 21:00:00+00:00,89811.0,90468.4,89759.0,90142.8,5919.253
2025-11-26 22:00:00+00:00,90142.8,90655.4,90074.6,90330.5,4457.393
2025-11-26 23:00:00+00:00,90330.5,90555.0,90263.0,90438.1,3279.628
2025-11-27 00:00:00+00:00,90438.0,90533.0,90024.4,90426.6,5456.217
2025-11-27 01:00:00+00:00,90426.5,91195.1,90324.0,91094.8,8712.023
2025-11-27 02:00:00+00:00,91094.7,91850.0,90832.2,91335.4,12868.617
2025-11-27 03:00:00+00:00,91335.3,91557.0,91000.0,91049.3,5709.07
2025-11-27 04:00:00+00:00,91049.3,91314.8,91013.1,91233.0,2930.915
2025-11-27 05:00:00+00:00,91232.9,91520.0,90843.8,90932.0,5935.559
2025-11-27 06:00:00+00:00,90932.0,91399.3,90928.8,91198.6,2945.908
2025-11-27 07:00:00+00:00,91198.6,91461.9,91091.6,91361.5,2365.018
2025-11-27 08:00:00+00:00,91361.4,91477.1,91177.2,91440.2,3046.426
2025-11-27 09:00:00+00:00,91440.3,91931.9,91440.0,91523.6,7682.239
2025-11-27 10:00:00+00:00,91523.7,91704.0,91299.0,91566.0,4691.199
2025-11-27 11:00:00+00:00,91566.1,91577.2,91261.8,91334.9,2718.253
2025-11-27 12:00:00+00:00,91334.9,91418.4,90914.2,90954.6,6273.668
2025-11-27 13:00:00+00:00,90954.7,91043.1,90410.6,90813.7,10412.143
2025-11-27 14:00:00+00:00,90813.6,90945.4,90531.1,90744.6,3948.387
2025-11-27 15:00:00+00:00,90744.6,90943.5,90586.1,90912.9,3395.519
2025-11-27 16:00:00+00:00,90913.0,91520.0,90800.4,91410.1,8192.379
2025-11-27 17:00:00+00:00,91410.0,91597.8,91252.0,91431.0,3028.19
2025-11-27 18:00:00+00:00,91430.9,91800.0,91297.3,91741.1,3943.89
2025-11-27 19:00:00+00:00,91741.0,91741.0,91456.6,91489.0,2026.573
2025-11-27 20:00:00+00:00,91489.0,91554.8,91353.0,91387.6,1644.488
2025-11-27 21:00:00+00:00,91387.6,91562.8,91156.4,91373.4,1851.839
2025-11-27 22:00:00+00:00,91373.5,91550.0,91058.4,91285.0,2033.995
2025-11-27 23:00:00+00:00,91285.0,91524.0,91173.9,91292.2,1872.717
2025-11-28 00:00:00+00:00,91292.2,91386.6,91023.4,91173.3,1933.464
2025-11-28 01:00:00+00:00,91173.2,91173.3,90750.0,90754.3,3980.413
2025-11-28 02:00:00+00:00,90754.3,91111.5,90612.2,91035.7,5368.834
2025-11-28 03:00:00+00:00,91035.8,91266.0,90955.5,91168.0,2474.445
2025-11-28 04:00:00+00:00,91168.0,91450.0,91084.5,91381.4,2347.394
2025-11-28 05:00:00+00:00,91381.5,91690.0,91258.9,91576.6,3477.922
2025-11-28 06:00:00+00:00,91576.7,91576.7,91117.1,91255.3,3145.946
2025-11-28 07:00:00+00:00,91255.3,91529.9,90824.1,90870.2,4539.641
2025-11-28 08:00:00+00:00,90870.2,91680.0,90863.6,91649.9,6396.331
2025-11-28 09:00:00+00:00,91649.9,91855.0,91369.6,91560.8,4769.501
2025-11-28 10:00:00+00:00,91560.9,91830.6,91434.1,91802.8,2772.559
2025-11-28 11:00:00+00:00,91802.7,92000.0,91007.4,91382.9,7651.013
2025-11-28 12:00:00+00:00,91383.0,91647.5,91351.4,91468.4,2874.52
2025-11-28 13:00:00+00:00,91468.6,92679.3,91314.4,92329.2,13541.666
2025-11-28 14:00:00+00:00,92329.2,93080.0,91770.0,92202.1,21397.368
2025-11-28 15:00:00+00:00,92202.0,92743.6,91919.4,92299.9,10309.245
2025-11-28 16:00:00+00:00,92299.8,92323.6,90815.2,90880.1,15227.043
2025-11-28 17:00:00+00:00,90880.1,91162.9,90155.0,90620.5,15459.65
2025-11-28 18:00:00+00:00,90621.2,90935.0,90368.9,90787.8,7162.159
2025-11-28 19:00:00+00:00,90787.8,91163.5,90778.2,91106.1,3397.321
2025-11-28 20:00:00+00:00,91106.0,91176.7,90816.0,91147.6,2545.229
2025-11-28 21:00:00+00:00,91147.5,91209.0,90831.6,90831.8,1813.325
2025-11-28 22:00:00+00:00,90831.7,91106.9,90657.6,91073.5,2808.4
2025-11-28 23:00:00+00:00,91073.5,91145.0,90840.0,90847.8,1526.958
2025-11-29 00:00:00+00:00,90847.8,90930.3,90720.6,90837.5,1558.016
2025-11-29 01:00:00+00:00,90837.4,91078.4,90750.1,90839.2,1387.66
2025-11-29 02:00:00+00:00,90839.3,90888.4,90500.0,90751.4,2983.456
2025-11-29 03:00:00+00:00,90751.4,90829.0,90616.8,90638.0,1124.769
2025-11-29 04:00:00+00:00,90638.1,90877.0,90505.3,90859.6,1527.6
2025-11-29 05:00:00+00:00,90859.5,90884.8,90683.9,90712.5,1261.848
2025-11-29 06:00:00+00:00,90712.5,90790.4,90265.2,90513.3,4593.029
2025-11-29 07:00:00+00:00,90513.3,90625.0,90327.0,90523.5,1897.926
2025-11-29 08:00:00+00:00,90523.4,90691.5,90430.5,90592.6,1995.209
2025-11-29 09:00:00+00:00,90592.6,90631.8,90455.5,90518.1,1198.388
2025-11-29 10:00:00+00:00,90518.1,90610.0,90335.2,90510.2,1668.397
2025-11-29 11:00:00+00:00,90510.2,90645.6,90414.0,90633.7,1423.016
2025-11-29 12:00:00+00:00,90633.8,90769.3,90484.3,90572.5,1740.065
2025-11-29 13:00:00+00:00,90572.6,90769.8,90543.8,90738.5,1831.865
2025-11-29 14:00:00+00:00,90738.5,90738.5,90572.8,90582.2,1251.446
2025-11-29 15:00:00+00:00,90582.2,91068.1,90582.2,91030.0,3932.194
2025-11-29 16:00:00+00:00,91030.0,91130.0,90821.4,90962.1,2347.701
2025-11-29 17:00:00+00:00,90962.1,90985.0,90381.1,90381.2,4017.276
2025-11-29 18:00:00+00:00,90381.1,90685.9,90092.7,90652.9,6716.804
2025-11-29 19:00:00+00:00,90652.9,90819.9,90562.7,90602.9,1721.036
2025-11-29 20:00:00+00:00,90602.9,91007.4,90363.0,90921.7,3814.515
2025-11-29 21:00:00+00:00,90921.8,91020.0,90773.6,90970.0,1991.457
2025-11-29 22:00:00+00:00,90970.0,90970.0,90666.0,90717.2,1321.344
2025-11-29 23:00:00+00:00,90717.2,90859.2,90653.0,90765.0,891.662
2025-11-30 00:00:00+00:00,90764.9,90907.3,90730.0,90853.6,1130.577
2025-11-30 01:00:00+00:00,90853.6,91016.0,90825.9,90866.0,1360.241
2025-11-30 02:00:00+00:00,90866.0,90994.1,90700.0,90745.2,1124.351
2025-11-30 03:00:00+00:00,90745.2,90881.1,90414.0,90873.0,3124.09
2025-11-30 04:00:00+00:00,90872.9,90935.8,90741.1,90808.2,1021.987
2025-11-30 05:00:00+00:00,90808.1,90808.1,90626.2,90742.7,930.053
2025-11-30 06:00:00+00:00,90742.7,90898.3,90675.1,90853.0,969.939
2025-11-30 07:00:00+00:00,90853.0,90999.4,90815.9,90924.5,1338.834
2025-11-30 08:00:00+00:00,90924.5,91428.2,90879.3,91132.5,5405.787
2025-11-30 09:00:00+00:00,91132.6,91580.0,91065.9,91353.5,5132.751
2025-11-30 10:00:00+00:00,91353.3,91416.4,91143.6,91185.4,1681.031
2025-11-30 11:00:00+00:00,91185.4,91347.5,90926.3,91000.9,2044.542
2025-11-30 12:00:00+00:00,91000.9,91495.7,90960.0,91432.4,3567.315
2025-11-30 13:00:00+00:00,91432.3,91934.4,91356.8,91726.9,7346.136
2025-11-30 14:00:00+00:00,91726.9,91734.5,91208.8,91459.7,3398.219
2025-11-30 15:00:00+00:00,91459.7,91577.0,91278.0,91405.8,2149.771
2025-11-30 16:00:00+00:00,91405.9,91818.8,91364.3,91789.4,3168.217
2025-11-30 17:00:00+00:00,91789.5,91789.5,91270.0,91444.1,2771.768
2025-11-30 18:00:00+00:00,91444.1,91444.1,91088.1,91420.3,1989.107
2025-11-30 19:00:00+00:00,91420.2,91461.3,91259.2,91423.2,1028.572
2025-11-30 20:00:00+00:00,91423.1,91592.3,91133.6,91272.7,1744.664
2025-11-30 21:00:00+00:00,91272.7,91293.2,90825.1,91139.1,3563.684
2025-11-30 22:00:00+00:00,91139.0,91300.0,91000.9,91178.9,1585.663
2025-11-30 23:00:00+00:00,91179.0,91213.2,90300.0,90320.6,8562.419
2025-12-01 00:00:00+00:00,90320.5,90396.9,86939.6,86970.7,43263.872
2025-12-01 01:00:00+00:00,86970.6,87713.9,86900.0,87134.0,14009.8
2025-12-01 02:00:00+00:00,87134.0,87472.1,86428.7,86685.6,13283.858
2025-12-01 03:00:00+00:00,86685.7,86791.2,86126.0,86319.2,9665.362
2025-12-01 04:00:00+00:00,86319.1,86331.1,85666.0,85767.7,10853.729
2025-12-01 05:00:00+00:00,85767.7,85979.0,85563.7,85966.9,7100.667
2025-12-01 06:00:00+00:00,85966.8,86314.4,85929.5,86189.9,8181.552
2025-12-01 07:00:00+00:00,86190.0,86524.6,86006.8,86487.6,5673.479
2025-12-01 08:00:00+00:00,86487.3,86842.0,86339.5,86811.0,5624.916
2025-12-01 09:00:00+00:00,86811.0,86886.0,86459.1,86659.1,4945.855
2025-12-01 10:00:00+00:00,86659.2,86770.5,86500.8,86599.0,2313.357
2025-12-01 11:00:00+00:00,86599.0,86658.0,86090.0,86100.1,6891.388
2025-12-01 12:00:00+00:00,86100.0,86193.0,84700.1,85396.2,22053.365
2025-12-01 13:00:00+00:00,85396.3,86129.8,85310.2,85943.2,13416.465
2025-12-01 14:00:00+00:00,85943.7,86625.0,85810.6,86017.3,16433.755
2025-12-01 15:00:00+00:00,86017.4,86089.9,83786.0,84650.0,31532.32
2025-12-01 16:00:00+00:00,84650.0,85436.6,84011.0,84540.3,20660.477
2025-12-01 17:00:00+00:00,84540.4,85236.6,84414.1,84902.8,8904.094
2025-12-01 18:00:00+00:00,84902.6,85528.7,84677.8,85159.2,11362.663
2025-12-01 19:00:00+00:00,85159.1,85262.3,84566.4,84985.0,5679.577
2025-12-01 20:00:00+00:00,84985.0,85801.5,84966.8,85474.1,11259.289
2025-12-01 21:00:00+00:00,85474.1,86462.7,85456.0,86380.1,12408.489
2025-12-01 22:00:00+00:00,86380.1,86817.0,86238.1,86518.2,6600.985
2025-12-01 23:00:00+00:00,86518.4,86778.0,86200.0,86241.6,4727.852
2025-12-02 00:00:00+00:00,86241.5,86630.1,86140.1,86472.0,4710.893
2025-12-02 01:00:00+00:00,86471.9,87384.0,86346.1,86409.9,9038.996
2025-12-02 02:00:00+00:00,86409.9,86823.0,86223.2,86501.2,4338.017
2025-12-02 03:00:00+00:00,86501.1,87066.5,86159.9,86936.0,5559.273
2025-12-02 04:00:00+00:00,86935.9,87245.9,86859.2,86924.9,4311.149
2025-12-02 05:00:00+00:00,86924.8,87081.4,86772.0,86968.7,2698.348
2025-12-02 06:00:00+00:00,86968.6,87148.7,86820.0,87043.7,2677.164
2025-12-02 07:00:00+00:00,87043.7,87075.0,86834.5,86965.0,2293.045
2025-12-02 08:00:00+00:00,86965.0,87018.1,86321.0,86438.0,8634.229
2025-12-02 09:00:00+00:00,86438.1,86964.1,86416.7,86734.4,4493.427
2025-12-02 10:00:00+00:00,86734.4,87640.0,86724.4,87241.8,6046.356
2025-12-02 11:00:00+00:00,87241.8,87576.5,86908.8,87326.9,5394.849
2025-12-02 12:00:00+00:00,87327.0,87516.0,87130.3,87225.6,4157.198
2025-12-02 13:00:00+00:00,87225.6,87870.2,87005.0,87691.3,8505.955
2025-12-02 14:00:00+00:00,87691.2,89246.1,87560.0,89225.1,28304.844
2025-12-02 15:00:00+00:00,89225.1,91211.3,89225.0,90809.2,37597.047
2025-12-02 16:00:00+00:00,90809.2,91309.4,90156.4,90713.9,17983.841
2025-12-02 17:00:00+00:00,90713.8,91969.0,90698.7,91417.5,17158.288
2025-12-02 18:00:00+00:00,91417.5,92253.7,91299.9,91905.0,12393.917
2025-12-02 19:00:00+00:00,91905.0,92273.2,91791.0,91849.9,7369.576
2025-12-02 20:00:00+00:00,91849.9,91883.8,90643.5,90976.1,18067.17
2025-12-02 21:00:00+00:00,90976.1,91573.6,90904.3,91500.2,5518.836
2025-12-02 22:00:00+00:00,91500.2,91970.4,91443.5,91932.7,6609.794
2025-12-02 23:00:00+00:00,91932.7,91943.6,91231.0,91249.1,4238.953
2025-12-03 00:00:00+00:00,91249.1,91716.0,90954.8,91620.3,6354.318
2025-12-03 01:00:00+00:00,91620.3,92465.6,91418.7,92215.3,7931.3
2025-12-03 02:00:00+00:00,92215.5,93020.0,92101.2,92784.2,11534.707
2025-12-03 03:00:00+00:00,92784.1,93068.9,92545.6,92589.2,4788.019
2025-12-03 04:00:00+00:00,92589.2,93456.0,92578.0,93302.2,9846.885
2025-12-03 05:00:00+00:00,93302.1,93632.5,93051.9,93591.0,9868.355
2025-12-03 06:00:00+00:00,93591.1,93932.7,93092.5,93386.0,11294.072
2025-12-03 07:00:00+00:00,93386.0,93418.6,92820.0,92969.9,6957.4
2025-12-03 08:00:00+00:00,92970.0,93147.8,92636.6,92740.8,6387.022
2025-12-03 09:00:00+00:00,92740.8,93179.7,92672.3,93132.1,5292.068
2025-12-03 10:00:00+00:00,93132.1,93338.4,92807.3,92899.9,5446.204
2025-12-03 11:00:00+00:00,92899.9,93009.8,92602.8,92957.7,4242.624
2025-12-03 12:00:00+00:00,92957.6,93069.7,92637.9,92882.3,4066.967
2025-12-03 13:00:00+00:00,92882.2,93225.4,92828.6,93077.6,5017.27
2025-12-03 14:00:00+00:00,93077.7,93653.6,91637.4,92300.0,36289.083
2025-12-03 15:00:00+00:00,92300.0,92943.4,91873.9,92332.9,13040.258
2025-12-03 16:00:00+00:00,92333.0,92712.8,91733.2,92212.4,8735.712
2025-12-03 17:00:00+00:00,92212.4,93000.0,92159.9,92919.5,8980.413
2025-12-03 18:00:00+00:00,92919.4,93471.1,92315.3,92584.8,9731.934
2025-12-03 19:00:00+00:00,92584.8,93062.9,92489.3,92995.8,3242.163
2025-12-03 20:00:00+00:00,92995.8,93345.3,92784.3,92928.2,4208.583
2025-12-03 21:00:00+00:00,92928.8,93725.0,92801.0,93645.0,4692.065
2025-12-03 22:00:00+00:00,93645.0,94185.0,93232.8,93738.4,7360.675
2025-12-03 23:00:00+00:00,93738.5,94061.2,93297.8,93376.7,5990.22
2025-12-04 00:00:00+00:00,93376.8,93431.8,92628.0,93013.9,7217.528
2025-12-04 01:00:00+00:00,93013.9,93725.0,92940.4,93150.0,5626.738
2025-12-04 02:00:00+00:00,93150.0,94040.0,93072.8,93896.1,6764.568
2025-12-04 03:00:00+00:00,93896.1,94038.8,93351.0,93499.9,4892.482
2025-12-04 04:00:00+00:00,93500.0,93549.2,93170.0,93317.8,2876.026
2025-12-04 05:00:00+00:00,93317.8,93339.7,92737.0,92932.4,4737.601
2025-12-04 06:00:00+00:00,92932.4,93333.0,92800.1,93103.1,5104.689
2025-12-04 07:00:00+00:00,93103.0,93386.6,92852.4,93358.6,3283.133
2025-12-04 08:00:00+00:00,93358.5,93578.4,93002.5,93220.7,3639.549
2025-12-04 09:00:00+00:00,93220.7,93600.0,93201.0,93408.6,4173.181
2025-12-04 10:00:00+00:00,93408.6,93531.7,93111.1,93210.7,3032.719
2025-12-04 11:00:00+00:00,93210.7,93269.5,92666.1,92894.9,5479.818
2025-12-04 12:00:00+00:00,92894.9,93155.0,92725.4,92947.9,3391.405
2025-12-04 13:00:00+00:00,92947.8,93011.4,92366.0,92480.4,9296.97
2025-12-04 14:00:00+00:00,92480.4,92788.1,91762.0,91859.4,11574.866
2025-12-04 15:00:00+00:00,91859.3,93256.3,91845.8,92933.5,14481.987
2025-12-04 16:00:00+00:00,92933.4,93143.4,92220.0,92390.0,8874.472
2025-12-04 17:00:00+00:00,92389.9,92500.0,91700.0,92384.5,8394.73
2025-12-04 18:00:00+00:00,92384.6,92516.8,91909.8,92093.4,4692.856
2025-12-04 19:00:00+00:00,92093.4,92140.5,90822.5,91941.5,16520.762
2025-12-04 20:00:00+00:00,91941.5,92500.0,91649.8,92431.7,5934.234
2025-12-04 21:00:00+00:00,92431.8,92676.8,92036.1,92111.2,3212.793
2025-12-04 22:00:00+00:00,92111.2,92458.3,92103.2,92295.5,1882.988
2025-12-04 23:00:00+00:00,92295.5,92419.6,92022.3,92034.7,1686.332
2025-12-05 00:00:00+00:00,92034.7,92444.0,92015.0,92259.9,2038.607
2025-12-05 01:00:00+00:00,92259.8,92566.0,92188.8,92322.2,2356.135
2025-12-05 02:00:00+00:00,92322.1,92665.5,92215.0,92476.1,2597.816
2025-12-05 03:00:00+00:00,92476.1,92625.0,91917.7,92104.9,3964.294
2025-12-05 04:00:00+00:00,92104.8,92350.0,91750.6,91985.5,4493.546
2025-12-05 05:00:00+00:00,91985.6,92164.5,91829.6,91902.6,2250.834
2025-12-05 06:00:00+00:00,91902.7,92244.8,91865.3,92235.6,2391.333
2025-12-05 07:00:00+00:00,92235.6,92455.4,92158.5,92227.5,3170.626
2025-12-05 08:00:00+00:00,92227.6,92227.6,91857.6,92080.0,2574.718
2025-12-05 09:00:00+00:00,92079.9,92080.0,90940.4,91086.4,9970.684
2025-12-05 10:00:00+00:00,91086.4,91456.8,91042.8,91240.1,5076.979
2025-12-05 11:00:00+00:00,91240.0,91527.3,91081.1,91307.9,3929.661
2025-12-05 12:00:00+00:00,91308.0,91388.7,91015.7,91194.6,2561.365
2025-12-05 13:00:00+00:00,91194.6,91319.9,90195.3,90433.6,13668.127
2025-12-05 14:00:00+00:00,90433.6,90706.6,89863.0,90246.0,15190.71
2025-12-05 15:00:00+00:00,90246.0,91445.2,90210.6,90414.0,23870.942
2025-12-05 16:00:00+00:00,90413.9,90460.0,87976.3,88757.5,39320.724
2025-12-05 17:00:00+00:00,88757.6,89509.6,88558.8,89279.3,11156.765
2025-12-05 18:00:00+00:00,89279.3,89750.6,88839.0,88894.9,9004.25
2025-12-05 19:00:00+00:00,88895.0,89762.0,88773.6,89590.5,6965.468
2025-12-05 20:00:00+00:00,89590.5,89706.0,89150.0,89267.8,4901.363
2025-12-05 21:00:00+00:00,89267.8,89448.8,89038.8,89145.1,3041.434
2025-12-05 22:00:00+00:00,89145.1,89335.5,88856.7,89199.3,2748.884
2025-12-05 23:00:00+00:00,89199.3,89342.0,88900.0,89288.5,1879.792
2025-12-06 00:00:00+00:00,89288.6,89441.9,88986.1,89382.2,2867.558
2025-12-06 01:00:00+00:00,89382.2,89468.3,89160.9,89295.7,2013.697
2025-12-06 02:00:00+00:00,89296.2,89374.9,89130.1,89354.6,1865.381
2025-12-06 03:00:00+00:00,89354.7,89758.0,89350.2,89636.5,3451.579
2025-12-06 04:00:00+00:00,89636.5,89670.0,89468.4,89612.2,1821.073
2025-12-06 05:00:00+00:00,89612.3,89696.7,89484.2,89556.7,1370.95
2025-12-06 06:00:00+00:00,89556.7,89732.4,89476.2,89643.1,1411.58
2025-12-06 07:00:00+00:00,89643.1,89680.2,89410.8,89549.6,1452.224
2025-12-06 08:00:00+00:00,89549.5,89608.0,89165.9,89238.3,3410.824
2025-12-06 09:00:00+00:00,89238.3,89639.3,89220.6,89532.9,2485.552
2025-12-06 10:00:00+00:00,89533.0,89650.0,89421.9,89466.0,1288.75
2025-12-06 11:00:00+00:00,89466.0,89679.0,89451.4,89585.4,1473.789
2025-12-06 12:00:00+00:00,89585.4,89600.0,89512.9,89528.4,990.665
2025-12-06 13:00:00+00:00,89528.4,89745.6,89528.3,89619.5,2026.047
2025-12-06 14:00:00+00:00,89619.5,90257.3,89603.8,89948.6,7028.216
2025-12-06 15:00:00+00:00,89948.7,89993.2,89424.2,89713.4,4742.672
2025-12-06 16:00:00+00:00,89713.3,89940.3,89619.6,89660.8,1979.892
2025-12-06 17:00:00+00:00,89660.9,89798.0,89558.1,89661.7,1641.909
2025-12-06 18:00:00+00:00,89661.8,89751.9,89475.4,89610.0,1202.162
2025-12-06 19:00:00+00:00,89609.9,89710.1,89203.0,89369.4,3799.482
2025-12-06 20:00:00+00:00,89369.5,89527.4,89277.9,89509.5,1154.732
2025-12-06 21:00:00+00:00,89509.4,89578.3,89351.7,89377.3,956.32
2025-12-06 22:00:00+00:00,89377.2,89487.8,89212.3,89245.1,1406.096
2025-12-06 23:00:00+00:00,89245.1,89293.4,88870.1,89197.1,4985.717
2025-12-07 00:00:00+00:00,89197.1,89520.0,89131.5,89354.3,1987.394
2025-12-07 01:00:00+00:00,89354.3,89543.8,89251.0,89251.0,1179.488
2025-12-07 02:00:00+00:00,89251.0,89656.2,89251.0,89580.1,1230.354
2025-12-07 03:00:00+00:00,89580.1,89704.5,89505.6,89675.6,1351.149
2025-12-07 04:00:00+00:00,89675.7,89750.0,89439.6,89495.2,1622.61
2025-12-07 05:00:00+00:00,89495.2,89525.6,89380.0,89469.2,1180.964
2025-12-07 06:00:00+00:00,89469.2,89668.1,89443.9,89668.1,1095.315
2025-12-07 07:00:00+00:00,89668.1,89697.7,89155.0,89337.1,2654.707
2025-12-07 08:00:00+00:00,89337.1,89494.4,89140.3,89269.4,2099.917
2025-12-07 09:00:00+00:00,89269.4,89360.0,89012.9,89070.0,2208.222
2025-12-07 10:00:00+00:00,89070.1,89359.3,89061.5,89195.5,2240.142
2025-12-07 11:00:00+00:00,89195.6,89237.2,89101.5,89109.4,1110.743
2025-12-07 12:00:00+00:00,89109.3,89557.9,89074.6,89428.8,2185.919
2025-12-07 13:00:00+00:00,89428.8,89472.0,88476.0,89011.0,6537.237
2025-12-07 14:00:00+00:00,89011.0,89069.5,87688.0,88187.5,17333.453
2025-12-07 15:00:00+00:00,88187.5,89700.0,88129.7,89505.0,15268.952
2025-12-07 16:00:00+00:00,89505.0,89880.0,89065.2,89849.3,6509.369
2025-12-07 17:00:00+00:00,89849.3,91261.0,89565.2,90904.2,17768.4
2025-12-07 18:00:00+00:00,90904.2,91722.0,90904.1,91327.6,9436.245
2025-12-07 19:00:00+00:00,91327.7,91503.4,91170.2,91379.7,2882.26
2025-12-07 20:00:00+00:00,91379.8,91473.2,91263.1,91392.0,1698.524
2025-12-07 21:00:00+00:00,91392.1,91392.1,89806.0,90189.2,8900.689
2025-12-07 22:00:00+00:00,90189.2,90204.8,88890.0,89551.8,15472.765
2025-12-07 23:00:00+00:00,89551.7,90444.4,89473.4,90345.4,5637.187
2025-12-08 00:00:00+00:00,90345.4,90572.2,89806.4,90302.7,4874.338
2025-12-08 01:00:00+00:00,90302.6,91650.0,90255.8,90869.1,8511.385
2025-12-08 02:00:00+00:00,90869.0,91415.6,90737.5,91327.0,4708.459
2025-12-08 03:00:00+00:00,91327.0,91383.0,90947.0,91039.4,2557.201
2025-12-08 04:00:00+00:00,91039.3,91444.1,90979.2,91247.7,2273.472
2025-12-08 05:00:00+00:00,91247.8,91410.0,91006.3,91290.6,2725.418
2025-12-08 06:00:00+00:00,91290.6,91612.9,91205.5,91434.6,3112.497
2025-12-08 07:00:00+00:00,91434.6,91868.0,91310.2,91519.8,4866.371
2025-12-08 08:00:00+00:00,91519.8,91906.6,91433.6,91782.1,3146.059
2025-12-08 09:00:00+00:00,91782.0,92262.6,91741.6,91865.3,6317.439
2025-12-08 10:00:00+00:00,91865.3,92181.8,91756.1,92085.8,3583.364
2025-12-08 11:00:00+00:00,92085.8,92139.9,91806.1,91923.5,3021.586
2025-12-08 12:00:00+00:00,91923.6,91948.4,91627.8,91729.5,4428.731
2025-12-08 13:00:00+00:00,91729.4,92106.4,91231.7,91424.0,9313.048
2025-12-08 14:00:00+00:00,91424.0,91753.0,90723.0,90809.0,17671.245
2025-12-08 15:00:00+00:00,90809.1,90970.6,89553.8,89912.6,25626.172
2025-12-08 16:00:00+00:00,89912.7,90438.8,89629.1,89929.2,11356.498
2025-12-08 17:00:00+00:00,89929.3,90300.0,89641.9,90212.1,7388.884
2025-12-08 18:00:00+00:00,90212.1,90471.6,89676.0,89873.5,7365.028
2025-12-08 19:00:00+00:00,89873.5,90326.1,89805.4,90073.6,3605.142
2025-12-08 20:00:00+00:00,90073.7,90877.1,90073.7,90745.7,5536.987
2025-12-08 21:00:00+00:00,90745.7,91338.2,90618.0,91258.2,4937.795
2025-12-08 22:00:00+00:00,91258.1,91333.0,90675.0,90788.6,2634.682
2025-12-08 23:00:00+00:00,90788.6,90975.0,90439.3,90610.8,2912.938
2025-12-09 00:00:00+00:00,90610.8,90810.8,90315.0,90359.4,3420.656
2025-12-09 01:00:00+00:00,90359.5,90537.2,89922.4,90017.9,3959.238
2025-12-09 02:00:00+00:00,90017.9,90338.5,89933.7,90026.1,2308.643
2025-12-09 03:00:00+00:00,90026.1,90412.8,89774.1,90364.0,5951.351
2025-12-09 04:00:00+00:00,90364.1,90472.9,89653.5,89875.4,6106.101
2025-12-09 05:00:00+00:00,89875.3,90172.9,89368.9,89857.6,8536.465
2025-12-09 06:00:00+00:00,89857.7,90200.0,89744.0,90124.8,2901.561
2025-12-09 07:00:00+00:00,90124.8,90485.8,90048.5,90449.9,3366.722
2025-12-09 08:00:00+00:00,90449.9,90584.8,90301.0,90459.1,3251.724
2025-12-09 09:00:00+00:00,90459.0,90461.7,90090.5,90099.9,2835.097
2025-12-09 10:00:00+00:00,90100.0,90307.4,89868.0,90255.7,2884.44
2025-12-09 11:00:00+00:00,90255.6,90348.9,90089.2,90341.9,2018.344
2025-12-09 12:00:00+00:00,90342.0,90695.6,90276.8,90532.7,4133.543
2025-12-09 13:00:00+00:00,90532.7,90820.8,90122.0,90385.0,6568.386
2025-12-09 14:00:00+00:00,90385.1,90597.0,89953.0,90327.1,7326.069
2025-12-09 15:00:00+00:00,90327.1,92867.0,90244.8,92676.9,27286.767
2025-12-09 16:00:00+00:00,92676.9,94439.0,92656.5,94146.8,31928.152
2025-12-09 17:00:00+00:00,94146.9,94555.0,93505.0,93884.5,18596.11
2025-12-09 18:00:00+00:00,93884.5,94128.5,93615.8,93887.3,6657.184
2025-12-09 19:00:00+00:00,93887.2,94221.3,93604.0,93761.9,4842.052
2025-12-09 20:00:00+00:00,93761.9,93819.1,92724.6,93075.2,11086.571
2025-12-09 21:00:00+00:00,93075.2,93196.7,92199.0,92591.2,8445.669
2025-12-09 22:00:00+00:00,92591.2,92999.5,92455.0,92832.0,4636.792
2025-12-09 23:00:00+00:00,92832.0,92933.0,92500.0,92638.4,2882.626
2025-12-10 00:00:00+00:00,92638.3,92748.2,91999.3,92084.5,6850.321
2025-12-10 01:00:00+00:00,92084.5,92360.0,91900.0,92269.1,4063.792
2025-12-10 02:00:00+00:00,92269.2,92530.0,91976.3,92457.6,3730.064
2025-12-10 03:00:00+00:00,92457.6,92519.2,92300.0,92366.0,1814.299
2025-12-10 04:00:00+00:00,92366.0,92628.6,92339.8,92507.3,2272.461
2025-12-10 05:00:00+00:00,92507.4,92695.5,92472.8,92508.6,1947.167
2025-12-10 06:00:00+00:00,92508.5,92700.0,92350.0,92648.0,2318.41
2025-12-10 07:00:00+00:00,92648.0,92749.8,92446.1,92744.7,2528.253
2025-12-10 08:00:00+00:00,92744.7,92759.0,92500.0,92565.0,2184.791
2025-12-10 09:00:00+00:00,92565.1,92900.0,92377.9,92870.1,3415.485
2025-12-10 10:00:00+00:00,92870.0,93278.9,92088.0,92230.5,9489.568
2025-12-10 11:00:00+00:00,92230.4,92396.9,91721.0,92085.5,7861.902
2025-12-10 12:00:00+00:00,92085.4,92177.8,91779.1,91952.1,3567.028
2025-12-10 13:00:00+00:00,91952.2,92197.3,91903.2,92054.6,3931.323
2025-12-10 14:00:00+00:00,92054.5,92073.8,91555.8,91794.0,6843.859
2025-12-10 15:00:00+00:00,91794.0,92124.2,91520.0,92021.8,6419.307
2025-12-10 16:00:00+00:00,92021.8,92574.2,91846.8,92126.7,7875.898
2025-12-10 17:00:00+00:00,92126.7,92483.2,92049.4,92348.8,3707.154
2025-12-10 18:00:00+00:00,92348.7,93000.0,91930.4,92448.8,10782.346
2025-12-10 19:00:00+00:00,92448.8,93223.6,91605.0,92913.8,25428.266
2025-12-10 20:00:00+00:00,92913.9,94443.7,92182.1,92409.1,26830.645
2025-12-10 21:00:00+00:00,92409.1,92733.3,91825.0,92308.2,8637.026
2025-12-10 22:00:00+00:00,92308.3,92659.3,91891.7,92472.2,5427.523
2025-12-10 23:00:00+00:00,92472.2,92557.9,91900.0,91977.5,2561.892
2025-12-11 00:00:00+00:00,91977.5,92046.3,91011.0,91350.1,9563.395
2025-12-11 01:00:00+00:00,91350.1,91370.2,90600.0,90637.0,9373.912
2025-12-11 02:00:00+00:00,90637.0,90637.0,89820.0,90034.4,12068.7
2025-12-11 03:00:00+00:00,90034.4,90034.4,89321.0,89833.1,10759.023
2025-12-11 04:00:00+00:00,89833.1,90445.6,89640.4,90386.6,7396.863
2025-12-11 05:00:00+00:00,90386.6,90386.6,90016.9,90262.0,3051.08
2025-12-11 06:00:00+00:00,90262.1,90412.6,89914.2,90252.1,3534.219
2025-12-11 07:00:00+00:00,90252.0,90287.5,90011.7,90231.4,2204.922
2025-12-11 08:00:00+00:00,90231.3,90232.3,89931.0,90152.5,3367.179
2025-12-11 09:00:00+00:00,90152.6,90494.7,90101.5,90196.0,3795.818
2025-12-11 10:00:00+00:00,90196.0,90309.2,90125.7,90279.2,2067.866
2025-12-11 11:00:00+00:00,90279.1,90377.8,90163.9,90195.3,1780.299
2025-12-11 12:00:00+00:00,90195.3,90346.8,89972.2,90000.8,2856.743
2025-12-11 13:00:00+00:00,90000.7,90134.6,89827.9,90062.9,3862.943
2025-12-11 14:00:00+00:00,90062.8,90450.0,89200.0,89514.5,15218.876
2025-12-11 15:00:00+00:00,89514.4,90618.0,89363.8,89830.1,14728.52
2025-12-11 16:00:00+00:00,89830.1,90150.0,89288.0,89704.2,9718.449
2025-12-11 17:00:00+00:00,89704.2,90224.9,89588.0,89935.6,5024.292
2025-12-11 18:00:00+00:00,89935.3,91150.0,89851.0,90657.9,11918.538
2025-12-11 19:00:00+00:00,90657.9,91499.0,90531.4,90793.5,9947.018
2025-12-11 20:00:00+00:00,90793.5,91806.1,90749.6,91740.9,10033.899
2025-12-11 21:00:00+00:00,91740.9,93547.3,91644.6,92823.6,22695.042
2025-12-11 22:00:00+00:00,92823.6,93169.3,92050.3,92325.4,9337.75
2025-12-11 23:00:00+00:00,92325.4,92766.6,92289.8,92477.5,6842.722
2025-12-12 00:00:00+00:00,92477.6,92598.7,91400.0,91521.0,9048.371
2025-12-12 01:00:00+00:00,91521.0,92277.0,91482.9,92129.3,5414.566
2025-12-12 02:00:00+00:00,92129.3,92700.0,91883.3,92542.2,5075.204
2025-12-12 03:00:00+00:00,92542.2,92719.0,92126.7,92234.3,3275.849
2025-12-12 04:00:00+00:00,92234.3,92424.3,92088.8,92355.6,2845.316
2025-12-12 05:00:00+00:00,92355.7,92460.0,92028.4,92404.8,2659.739
2025-12-12 06:00:00+00:00,92404.9,92685.5,92360.9,92468.7,2953.174
2025-12-12 07:00:00+00:00,92468.7,92528.4,92213.2,92389.5,2743.231
2025-12-12 08:00:00+00:00,92389.5,92447.0,92052.9,92311.4,3136.686
2025-12-12 09:00:00+00:00,92311.4,92517.6,92050.0,92481.7,2631.698
2025-12-12 10:00:00+00:00,92481.7,92600.0,92377.3,92454.7,2273.445
2025-12-12 11:00:00+00:00,92454.7,92454.7,92234.5,92381.5,1645.364
2025-12-12 12:00:00+00:00,92381.4,92391.4,92036.4,92389.9,3094.955
2025-12-12 13:00:00+00:00,92389.9,92473.7,92196.0,92261.7,2293.637
2025-12-12 14:00:00+00:00,92261.7,92630.0,91851.0,92393.0,9491.735
2025-12-12 15:00:00+00:00,92393.0,92407.2,89688.0,89895.0,34325.461
2025-12-12 16:00:00+00:00,89895.0,90397.3,89429.0,89996.8,20457.464
2025-12-12 17:00:00+00:00,89996.8,90584.9,89777.0,90043.5,9773.241
2025-12-12 18:00:00+00:00,90043.9,90617.7,89995.6,90323.7,6899.426
2025-12-12 19:00:00+00:00,90323.8,90359.6,89955.6,90147.3,4768.392
2025-12-12 20:00:00+00:00,90147.4,90286.7,89843.0,90160.0,5437.168
2025-12-12 21:00:00+00:00,90160.0,90314.0,90059.8,90151.0,2100.107
2025-12-12 22:00:00+00:00,90150.9,90357.5,90144.2,90294.5,1061.726
2025-12-12 23:00:00+00:00,90294.7,90341.3,90187.4,90229.6,1438.155
2025-12-13 00:00:00+00:00,90229.7,90398.0,90162.0,90276.9,1528.444
2025-12-13 01:00:00+00:00,90276.9,90321.1,90077.0,90192.2,1801.067
2025-12-13 02:00:00+00:00,90192.1,90282.0,90184.0,90195.0,1037.079
2025-12-13 03:00:00+00:00,90194.9,90432.0,90165.3,90304.0,1224.59
2025-12-13 04:00:00+00:00,90304.1,90379.5,90229.0,90334.8,1063.199
2025-12-13 05:00:00+00:00,90334.8,90350.9,90226.8,90301.3,745.199
2025-12-13 06:00:00+00:00,90301.4,90339.3,90232.3,90317.4,693.811
2025-12-13 07:00:00+00:00,90317.5,90362.1,90274.5,90286.1,1294.391
2025-12-13 08:00:00+00:00,90286.0,90536.0,90280.4,90413.9,3181.139
2025-12-13 09:00:00+00:00,90414.0,90472.7,90338.0,90375.3,1107.853
2025-12-13 10:00:00+00:00,90375.3,90599.0,90366.8,90546.7,1610.211
2025-12-13 11:00:00+00:00,90546.7,90563.1,90239.0,90298.4,1994.163
2025-12-13 12:00:00+00:00,90298.5,90441.9,90241.1,90309.8,1525.925
2025-12-13 13:00:00+00:00,90309.8,90419.3,90153.6,90215.0,1941.466
2025-12-13 14:00:00+00:00,90215.1,90305.5,89888.0,90048.5,3751.182
2025-12-13 15:00:00+00:00,90048.5,90259.0,89999.0,90055.4,1802.831
2025-12-13 16:00:00+00:00,90055.3,90236.6,89993.4,90054.0,1722.394
2025-12-13 17:00:00+00:00,90054.1,90070.1,89944.0,90022.5,1281.928
2025-12-13 18:00:00+00:00,90022.5,90163.0,90011.6,90089.1,838.651
2025-12-13 19:00:00+00:00,90089.2,90195.6,90074.7,90150.9,733.989
2025-12-13 20:00:00+00:00,90150.8,90187.3,90000.2,90058.4,796.766
2025-12-13 21:00:00+00:00,90058.5,90150.0,89711.9,90137.8,2391.184
2025-12-13 22:00:00+00:00,90137.9,90227.4,89957.3,90092.4,1163.293
2025-12-13 23:00:00+00:00,90092.3,90248.0,90018.2,90191.3,1006.978
2025-12-14 00:00:00+00:00,90191.3,90440.0,90071.6,90303.5,4471.692
2025-12-14 01:00:00+00:00,90303.6,90405.0,90166.0,90256.6,1266.074
2025-12-14 02:00:00+00:00,90256.5,90349.8,90200.0,90244.9,903.962
2025-12-14 03:00:00+00:00,90245.0,90262.3,90200.0,90222.3,444.922
2025-12-14 04:00:00+00:00,90222.4,90300.0,90086.0,90159.3,931.076
2025-12-14 05:00:00+00:00,90159.3,90185.8,90005.8,90161.0,1564.205
2025-12-14 06:00:00+00:00,90161.1,90202.0,90055.0,90105.0,752.592
2025-12-14 07:00:00+00:00,90105.1,90235.6,90035.2,90205.1,752.066
2025-12-14 08:00:00+00:00,90205.1,90250.0,90064.5,90072.4,940.348
2025-12-14 09:00:00+00:00,90072.3,90112.3,89939.2,89991.4,1907.357
2025-12-14 10:00:00+00:00,89991.4,90101.0,89740.0,89819.0,3430.77
2025-12-14 11:00:00+00:00,89818.9,89825.0,88412.8,89308.2,18363.478
2025-12-14 12:00:00+00:00,89308.3,89630.8,89055.4,89382.9,5797.35
2025-12-14 13:00:00+00:00,89382.8,89459.4,89035.1,89450.5,3740.291
2025-12-14 14:00:00+00:00,89450.4,89527.2,88838.7,89074.1,4954.839
2025-12-14 15:00:00+00:00,89074.1,89146.6,88831.7,88985.2,2773.219
2025-12-14 16:00:00+00:00,88985.2,89372.8,88435.0,88780.0,7360.863
2025-12-14 17:00:00+00:00,88779.9,88991.4,88551.0,88760.7,4041.648
2025-12-14 18:00:00+00:00,88760.7,89027.7,88666.6,88951.8,2687.242
2025-12-14 19:00:00+00:00,88951.7,88951.8,88432.0,88598.7,3606.978
2025-12-14 20:00:00+00:00,88598.7,88779.1,88272.2,88515.9,4214.17
2025-12-14 21:00:00+00:00,88515.9,88672.1,88300.0,88403.7,2504.477
2025-12-14 22:00:00+00:00,88403.6,88581.9,87920.0,88370.2,5448.732
2025-12-14 23:00:00+00:00,88370.3,88586.8,87504.3,88118.8,9228.303
2025-12-15 00:00:00+00:00,88118.8,88656.3,88025.3,88414.9,6845.761
2025-12-15 01:00:00+00:00,88415.0,89291.9,88376.7,89189.1,7675.283
2025-12-15 02:00:00+00:00,89189.0,89972.4,89180.2,89269.5,10463.711
2025-12-15 03:00:00+00:00,89269.5,89497.2,89180.2,89239.9,2830.361
2025-12-15 04:00:00+00:00,89240.0,89750.0,89229.5,89631.2,3284.332
2025-12-15 05:00:00+00:00,89631.3,89713.0,89455.0,89576.9,2273.939
2025-12-15 06:00:00+00:00,89576.9,89880.0,89428.4,89692.8,2308.575
2025-12-15 07:00:00+00:00,89692.9,89787.1,89466.0,89703.0,3074.255
2025-12-15 08:00:00+00:00,89702.9,89856.0,89604.8,89722.3,2342.125
2025-12-15 09:00:00+00:00,89722.3,89940.0,89719.9,89815.6,2667.771
2025-12-15 10:00:00+00:00,89815.7,89940.0,89640.6,89811.5,3610.907
2025-12-15 11:00:00+00:00,89811.6,89861.9,89525.0,89606.0,3169.716
2025-12-15 12:00:00+00:00,89606.0,89728.8,89384.5,89657.8,4316.407
2025-12-15 13:00:00+00:00,89657.9,89699.0,89230.2,89388.0,5044.004
2025-12-15 14:00:00+00:00,89388.1,89845.0,87800.0,88004.3,21117.372
2025-12-15 15:00:00+00:00,88004.3,88179.4,86563.6,86996.6,36906.596
2025-12-15 16:00:00+00:00,86996.5,87189.9,86000.0,86360.6,17766.48
2025-12-15 17:00:00+00:00,86360.6,86487.2,85560.0,85734.3,13698.966
2025-12-15 18:00:00+00:00,85734.2,86240.8,85073.0,86142.7,15236.983
2025-12-15 19:00:00+00:00,86142.7,86521.2,85833.4,86104.2,9496.903
2025-12-15 20:00:00+00:00,86104.2,86155.9,85574.7,85763.2,7258.176
2025-12-15 21:00:00+00:00,85756.9,86275.0,85489.7,86209.6,6386.395
2025-12-15 22:00:00+00:00,86209.7,86235.5,85781.4,86228.8,2499.812
2025-12-15 23:00:00+00:00,86228.8,86437.1,86069.0,86389.9,3941.215
2025-12-16 00:00:00+00:00,86390.0,86478.6,85802.1,85821.1,4320.646
2025-12-16 01:00:00+00:00,85821.1,86135.6,85625.3,85850.1,3991.545
2025-12-16 02:00:00+00:00,85850.0,86188.0,85762.8,85901.6,2848.832
2025-12-16 03:00:00+00:00,85901.7,85979.9,85340.1,85837.7,5626.293
2025-12-16 04:00:00+00:00,85837.6,85887.8,85226.0,85799.9,3919.108
2025-12-16 05:00:00+00:00,85799.9,86171.1,85759.0,85983.8,4191.952
2025-12-16 06:00:00+00:00,85983.8,86575.8,85983.8,86458.0,3569.203
2025-12-16 07:00:00+00:00,86458.1,86577.0,85807.6,85964.8,5620.209
2025-12-16 08:00:00+00:00,85964.9,86343.4,85874.6,86236.5,2898.256
2025-12-16 09:00:00+00:00,86236.5,86392.0,86151.4,86307.6,2308.219
2025-12-16 10:00:00+00:00,86307.7,87299.7,86230.6,86932.1,8888.908
2025-12-16 11:00:00+00:00,86932.1,87295.8,86766.0,87216.6,4761.236
2025-12-16 12:00:00+00:00,87216.6,87450.0,87023.2,87161.9,4025.675
2025-12-16 13:00:00+00:00,87161.8,87776.3,86365.8,86410.4,17192.687
2025-12-16 14:00:00+00:00,86410.4,87740.0,86055.9,87257.2,17661.302
2025-12-16 15:00:00+00:00,87257.2,88143.9,86783.8,87936.3,15308.794
2025-12-16 16:00:00+00:00,87936.3,88012.5,87340.0,87539.0,9724.625
2025-12-16 17:00:00+00:00,87539.1,87803.1,87050.0,87087.7,5176.3
2025-12-16 18:00:00+00:00,87087.7,87980.0,87015.8,87741.3,6469.039
2025-12-16 19:00:00+00:00,87741.3,87760.6,87245.2,87538.7,4663.517
2025-12-16 20:00:00+00:00,87538.7,87809.8,87297.9,87533.7,3124.503
2025-12-16 21:00:00+00:00,87533.7,87880.6,87455.5,87728.6,2375.316
2025-12-16 22:00:00+00:00,87728.6,87900.0,87600.2,87753.6,1630.451
2025-12-16 23:00:00+00:00,87753.6,87835.3,87557.3,87826.3,1928.432
2025-12-17 00:00:00+00:00,87826.3,87826.3,87371.7,87499.3,2884.824
2025-12-17 01:00:00+00:00,87499.3,87925.8,87439.8,87518.0,3149.697
2025-12-17 02:00:00+00:00,87517.9,87558.5,87150.0,87452.7,3382.066
2025-12-17 03:00:00+00:00,87452.7,87577.3,87104.2,87178.1,2255.041
2025-12-17 04:00:00+00:00,87178.2,87360.8,86675.4,86716.7,4956.735
2025-12-17 05:00:00+00:00,86716.8,86726.9,86158.4,86595.0,8325.493
2025-12-17 06:00:00+00:00,86595.0,86972.7,86554.7,86735.5,4895.883
2025-12-17 07:00:00+00:00,86735.5,87164.2,86555.5,87010.4,4571.173
2025-12-17 08:00:00+00:00,87010.4,87010.4,86286.0,86366.0,4211.822
2025-12-17 09:00:00+00:00,86366.1,86573.9,86222.7,86386.1,3860.757
2025-12-17 10:00:00+00:00,86386.1,86810.0,86201.0,86587.1,3924.413
2025-12-17 11:00:00+00:00,86587.0,87100.0,86523.2,86939.3,3489.497
2025-12-17 12:00:00+00:00,86939.2,87189.6,86776.7,86984.0,5470.773
2025-12-17 13:00:00+00:00,86984.0,87838.5,86768.8,87579.0,9018.728
2025-12-17 14:00:00+00:00,87579.0,89665.1,87099.5,89633.9,26881.708
2025-12-17 15:00:00+00:00,89634.0,90363.2,87088.9,87191.4,44768.803
2025-12-17 16:00:00+00:00,87191.0,87737.3,86128.5,86946.6,25022.893
2025-12-17 17:00:00+00:00,86945.8,87077.0,86215.0,86380.6,8631.44
2025-12-17 18:00:00+00:00,86380.7,86807.2,85615.0,85796.1,9758.471
2025-12-17 19:00:00+00:00,85796.2,86149.0,85261.3,85982.7,12286.554
2025-12-17 20:00:00+00:00,85982.7,86228.2,85630.0,85854.7,7149.991
2025-12-17 21:00:00+00:00,85854.7,86024.2,85663.0,85946.0,2436.312
2025-12-17 22:00:00+00:00,85946.2,86421.0,85850.0,86312.5,4056.92
2025-12-17 23:00:00+00:00,86312.4,86312.5,85909.3,86201.6,3256.754
2025-12-18 00:00:00+00:00,86201.6,86284.0,86012.1,86191.9,2336.984
2025-12-18 01:00:00+00:00,86191.8,86207.3,85820.6,86085.7,2579.189
2025-12-18 02:00:00+00:00,86085.6,86836.2,85970.7,86649.6,7195.388
2025-12-18 03:00:00+00:00,86649.5,86649.6,86200.0,86575.1,4006.995
2025-12-18 04:00:00+00:00,86575.1,86859.1,86558.0,86715.8,3149.995
2025-12-18 05:00:00+00:00,86715.9,86718.1,86323.7,86400.0,3069.612
2025-12-18 06:00:00+00:00,86400.1,86623.5,86353.8,86607.0,1911.973
2025-12-18 07:00:00+00:00,86607.0,86822.2,86546.0,86787.5,3428.556
2025-12-18 08:00:00+00:00,86787.5,87085.7,86640.5,86934.9,4362.345
2025-12-18 09:00:00+00:00,86934.9,87350.0,86755.0,87237.0,4381.369
2025-12-18 10:00:00+00:00,87236.9,87417.6,87161.6,87307.2,2855.616
2025-12-18 11:00:00+00:00,87307.2,87315.3,87014.4,87268.1,2844.819
2025-12-18 12:00:00+00:00,87257.0,87396.7,87068.0,87215.2,3029.939
2025-12-18 13:00:00+00:00,87215.1,89173.9,87215.1,88804.0,26129.051
2025-12-18 14:00:00+00:00,88804.0,89447.9,87673.8,88325.4,27556.395
2025-12-18 15:00:00+00:00,88325.4,89333.0,87940.0,88480.8,19047.466
2025-12-18 16:00:00+00:00,88480.7,88500.0,87797.6,87984.6,9219.841
2025-12-18 17:00:00+00:00,87984.6,87999.9,85427.5,86443.6,34583.687
2025-12-18 18:00:00+00:00,86443.6,86865.6,85662.5,85946.7,13347.694
2025-12-18 19:00:00+00:00,85946.7,85990.0,84429.9,84447.0,26522.452
2025-12-18 20:00:00+00:00,84447.0,85248.1,84408.6,84558.8,12161.166
2025-12-18 21:00:00+00:00,84557.4,85800.0,84521.2,85584.6,9842.162
2025-12-18 22:00:00+00:00,85584.3,85721.2,85245.8,85544.0,3333.922
2025-12-18 23:00:00+00:00,85544.0,85591.6,85271.7,85469.7,2677.063
2025-12-19 00:00:00+00:00,85469.8,85576.1,85260.0,85572.9,2685.18
2025-12-19 01:00:00+00:00,85572.8,85572.8,85062.7,85291.7,2791.966
2025-12-19 02:00:00+00:00,85291.1,85917.4,85091.5,85600.8,5660.033
2025-12-19 03:00:00+00:00,85600.9,87550.0,85566.1,86863.1,19466.885
2025-12-19 04:00:00+00:00,86863.2,87354.8,86793.5,87073.5,7968.043
2025-12-19 05:00:00+00:00,87073.4,87200.0,86651.9,87099.7,5338.204
2025-12-19 06:00:00+00:00,87099.7,87450.0,86871.6,87449.9,3071.612
2025-12-19 07:00:00+00:00,87450.0,88366.0,87436.3,87909.7,11661.734
2025-12-19 08:00:00+00:00,87909.7,88179.6,87700.0,88063.2,5260.03
2025-12-19 09:00:00+00:00,88063.2,88134.0,87856.0,88068.3,2812.499
2025-12-19 10:00:00+00:00,88068.4,88333.7,87884.4,88237.1,5585.589
2025-12-19 11:00:00+00:00,88237.2,88345.1,88100.1,88169.9,3139.913
2025-12-19 12:00:00+00:00,88170.0,88247.5,87810.8,87840.8,6568.332
2025-12-19 13:00:00+00:00,87840.7,88228.9,87800.0,87968.1,5618.884
2025-12-19 14:00:00+00:00,87968.0,88610.0,87488.0,88140.8,17467.745
2025-12-19 15:00:00+00:00,88140.8,89374.6,87655.6,87925.6,22121.319
2025-12-19 16:00:00+00:00,87925.6,88888.0,87841.8,87956.6,8718.259
2025-12-19 17:00:00+00:00,87956.6,88320.0,86795.5,86912.6,15727.882
2025-12-19 18:00:00+00:00,86912.6,87436.3,86808.1,87126.2,5170.649
2025-12-19 19:00:00+00:00,87126.2,88097.3,87100.0,87812.8,7325.182
2025-12-19 20:00:00+00:00,87812.9,88406.3,87569.1,88064.8,8141.234
2025-12-19 21:00:00+00:00,88065.0,88076.8,87758.1,87805.3,2199.579
2025-12-19 22:00:00+00:00,87805.8,88394.4,87805.8,88301.1,2271.987
2025-12-19 23:00:00+00:00,88301.1,88320.0,88085.0,88100.0,1511.754
2025-12-20 00:00:00+00:00,88100.0,88151.2,87926.7,87967.3,2122.767
2025-12-20 01:00:00+00:00,87967.4,88132.8,87967.3,88036.7,750.092
2025-12-20 02:00:00+00:00,88036.6,88279.0,87945.7,88168.0,1683.292
2025-12-20 03:00:00+00:00,88167.9,88294.8,88122.8,88165.3,1081.206
2025-12-20 04:00:00+00:00,88165.3,88294.0,88065.9,88257.1,1368.033
2025-12-20 05:00:00+00:00,88257.1,88551.8,88229.6,88250.0,2999.615
2025-12-20 06:00:00+00:00,88250.1,88409.0,88234.7,88262.2,990.732
2025-12-20 07:00:00+00:00,88262.3,88296.3,88145.6,88239.9,1539.951
2025-12-20 08:00:00+00:00,88240.0,88397.8,88217.0,88217.0,1142.187
2025-12-20 09:00:00+00:00,88217.0,88310.0,88182.0,88190.0,823.103
2025-12-20 10:00:00+00:00,88190.0,88250.0,88092.1,88133.7,1369.22
2025-12-20 11:00:00+00:00,88133.6,88279.5,88063.8,88243.6,1534.875
2025-12-20 12:00:00+00:00,88243.6,88320.0,88146.9,88214.0,880.262
2025-12-20 13:00:00+00:00,88213.9,88313.7,87698.5,88230.9,6359.48
2025-12-20 14:00:00+00:00,88230.9,88244.0,87970.3,88213.4,2084.892
2025-12-20 15:00:00+00:00,88213.4,88234.1,87971.6,88134.6,2204.745
2025-12-20 16:00:00+00:00,88134.5,88202.3,88089.1,88115.3,943.719
2025-12-20 17:00:00+00:00,88115.4,88217.2,88060.0,88144.5,783.087
2025-12-20 18:00:00+00:00,88144.6,88407.7,88111.5,88277.1,1507.599
2025-12-20 19:00:00+00:00,88277.1,88298.0,88157.0,88196.3,684.85
2025-12-20 20:00:00+00:00,88196.4,88285.2,88175.3,88250.4,514.301
2025-12-20 21:00:00+00:00,88250.3,88434.9,88140.3,88179.6,1055.058
2025-12-20 22:00:00+00:00,88179.6,88306.1,88111.1,88244.1,677.809
2025-12-20 23:00:00+00:00,88244.1,88393.3,88213.5,88320.8,872.973
2025-12-21 00:00:00+00:00,88320.7,88400.0,88262.6,88354.8,959.208
2025-12-21 01:00:00+00:00,88354.8,88354.8,87959.8,87980.5,2841.286
2025-12-21 02:00:00+00:00,87980.5,88115.3,87821.1,87911.5,2429.877
2025-12-21 03:00:00+00:00,87911.6,88127.9,87899.8,88043.2,1105.952
2025-12-21 04:00:00+00:00,88043.3,88119.3,88010.0,88036.4,572.62
2025-12-21 05:00:00+00:00,88036.4,88123.8,88015.0,88102.0,536.987
2025-12-21 06:00:00+00:00,88102.0,88174.5,88030.0,88057.3,799.509
2025-12-21 07:00:00+00:00,88057.4,88139.6,88013.0,88138.7,749.892
2025-12-21 08:00:00+00:00,88138.8,88729.2,88103.3,88509.0,4896.072
2025-12-21 09:00:00+00:00,88509.0,89050.0,88465.0,88868.0,5696.916
2025-12-21 10:00:00+00:00,88868.0,88940.0,88536.0,88633.1,3427.73
2025-12-21 11:00:00+00:00,88633.2,88722.0,88544.3,88570.6,1405.291
2025-12-21 12:00:00+00:00,88570.7,88885.9,88412.9,88588.6,3584.184
2025-12-21 13:00:00+00:00,88588.6,88660.4,87548.5,87630.5,12547.715
2025-12-21 14:00:00+00:00,87630.4,88119.9,87575.7,88019.1,6183.043
2025-12-21 15:00:00+00:00,88019.0,88254.9,87763.2,88024.7,3418.513
2025-12-21 16:00:00+00:00,88024.7,88329.1,87936.3,88309.8,2859.218
2025-12-21 17:00:00+00:00,88309.9,88453.9,88222.7,88283.6,2262.263
2025-12-21 18:00:00+00:00,88283.7,88424.9,87902.0,88406.9,2772.877
2025-12-21 19:00:00+00:00,88406.8,88588.0,88162.1,88448.2,2320.198
2025-12-21 20:00:00+00:00,88448.3,88465.9,88190.0,88195.6,929.467
2025-12-21 21:00:00+00:00,88195.7,88338.2,88047.4,88121.6,989.679
2025-12-21 22:00:00+00:00,88121.6,88459.0,88074.3,88440.2,1257.475
2025-12-21 23:00:00+00:00,88440.3,88786.9,88325.0,88621.3,3078.416
2025-12-22 00:00:00+00:00,88621.3,89600.0,88521.7,88581.7,12829.644
2025-12-22 01:00:00+00:00,88581.7,89250.0,88458.2,88580.1,6105.566
2025-12-22 02:00:00+00:00,88580.2,88618.1,87845.0,88417.1,9340.629
2025-12-22 03:00:00+00:00,88417.1,88826.1,88230.1,88727.5,3720.966
2025-12-22 04:00:00+00:00,88727.4,88996.3,88665.3,88863.5,2866.015
2025-12-22 05:00:00+00:00,88863.4,88966.0,88712.1,88790.7,1818.841
2025-12-22 06:00:00+00:00,88790.6,88979.4,88688.6,88867.3,1891.187
2025-12-22 07:00:00+00:00,88867.3,89173.8,88845.0,89127.7,2568.866
2025-12-22 08:00:00+00:00,89127.8,89887.9,89050.1,89297.6,11676.723
2025-12-22 09:00:00+00:00,89297.6,89798.0,89253.2,89785.3,3941.621
2025-12-22 10:00:00+00:00,89785.3,89837.4,89561.3,89742.0,3760.209
2025-12-22 11:00:00+00:00,89742.0,90085.0,89607.7,89905.2,6536.321
2025-12-22 12:00:00+00:00,89905.2,90599.0,89811.6,90171.2,9114.044
2025-12-22 13:00:00+00:00,90171.2,90286.8,89685.0,89882.6,6062.297
2025-12-22 14:00:00+00:00,89882.6,90259.6,89381.3,90088.4,12803.538
2025-12-22 15:00:00+00:00,90088.4,90451.9,89109.1,89688.5,15073.568
2025-12-22 16:00:00+00:00,89688.6,90088.0,89472.6,89508.4,6216.657
2025-12-22 17:00:00+00:00,89508.5,89545.2,89044.9,89271.0,6110.885
2025-12-22 18:00:00+00:00,89271.0,89488.8,89102.0,89104.8,2854.043
2025-12-22 19:00:00+00:00,89104.9,89109.7,87906.7,88011.1,10969.148
2025-12-22 20:00:00+00:00,88011.0,88445.9,87872.6,88305.9,8131.754
2025-12-22 21:00:00+00:00,88305.3,88574.2,88186.6,88232.1,2926.912
2025-12-22 22:00:00+00:00,88232.0,88805.9,88100.0,88616.1,3873.327
2025-12-22 23:00:00+00:00,88616.0,88679.0,88388.0,88581.5,3500.708
2025-12-23 00:00:00+00:00,88581.5,88904.9,88461.2,88731.5,3601.424
2025-12-23 01:00:00+00:00,88731.6,88855.4,88379.0,88470.9,2677.543
2025-12-23 02:00:00+00:00,88470.9,88722.0,88070.0,88167.8,4604.278
2025-12-23 03:00:00+00:00,88167.7,88323.0,87738.3,88128.2,5641.993
2025-12-23 04:00:00+00:00,88128.2,88342.0,87889.6,87892.0,2611.545
2025-12-23 05:00:00+00:00,87892.1,87988.0,87547.7,87726.6,4955.093
2025-12-23 06:00:00+00:00,87726.7,87745.0,86976.6,87355.2,11412.932
2025-12-23 07:00:00+00:00,87355.4,87651.4,87318.7,87531.3,4200.862
2025-12-23 08:00:00+00:00,87531.3,87662.6,87389.0,87426.8,2902.872
2025-12-23 09:00:00+00:00,87426.7,87595.5,87256.3,87494.4,2626.45
2025-12-23 10:00:00+00:00,87494.3,87630.0,87467.5,87570.3,2006.405
2025-12-23 11:00:00+00:00,87570.3,87852.0,87520.1,87813.9,4563.173
2025-12-23 12:00:00+00:00,87813.8,87914.0,87546.0,87737.3,4124.666
2025-12-23 13:00:00+00:00,87737.3,87858.6,87345.8,87567.7,4949.91
2025-12-23 14:00:00+00:00,87567.7,87792.9,86536.0,86837.3,15865.321
2025-12-23 15:00:00+00:00,86837.2,87523.2,86670.2,87405.3,9444.971
2025-12-23 16:00:00+00:00,87405.2,88178.7,87286.0,87959.8,12033.564
2025-12-23 17:00:00+00:00,87959.8,88247.8,87129.0,87138.1,7690.453
2025-12-23 18:00:00+00:00,87138.1,88150.0,87121.4,87950.0,9439.617
2025-12-23 19:00:00+00:00,87950.1,88017.3,87613.3,87724.2,3337.693
2025-12-23 20:00:00+00:00,87724.2,88349.2,87491.4,87674.3,5055.153
2025-12-23 21:00:00+00:00,87674.4,87830.6,87503.6,87692.7,2680.526
2025-12-23 22:00:00+00:00,87692.7,87751.7,87213.0,87378.2,3381.145
2025-12-23 23:00:00+00:00,87378.3,87488.5,87145.0,87463.0,3850.359
2025-12-24 00:00:00+00:00,87463.1,87657.1,87230.8,87626.1,3066.917
2025-12-24 01:00:00+00:00,87626.1,87849.9,87470.0,87603.1,2510.341
2025-12-24 02:00:00+00:00,87603.1,87635.0,86888.0,87100.1,5642.402
2025-12-24 03:00:00+00:00,87100.1,87359.4,86817.9,87311.4,4122.176
2025-12-24 04:00:00+00:00,87311.4,87430.0,87041.6,87110.6,2524.929
2025-12-24 05:00:00+00:00,87110.5,87223.1,86738.8,86920.1,4136.2
2025-12-24 06:00:00+00:00,86920.1,87030.0,86753.0,86980.1,2563.13
2025-12-24 07:00:00+00:00,86980.0,87147.1,86862.0,86868.1,2078.139
2025-12-24 08:00:00+00:00,86868.1,87040.2,86712.0,86751.5,2878.805
2025-12-24 09:00:00+00:00,86751.6,86865.2,86671.7,86763.6,1955.037
2025-12-24 10:00:00+00:00,86763.6,87160.0,86759.5,87042.8,3169.618
2025-12-24 11:00:00+00:00,87042.8,87316.7,87042.8,87162.6,2533.789
2025-12-24 12:00:00+00:00,87162.6,87450.0,87087.0,87393.1,2515.133
2025-12-24 13:00:00+00:00,87393.0,87410.4,87009.3,87250.5,2771.909
2025-12-24 14:00:00+00:00,87250.5,87420.0,86355.0,86950.0,11643.717
2025-12-24 15:00:00+00:00,86950.0,87194.8,86526.2,87012.0,6368.226
2025-12-24 16:00:00+00:00,87012.0,87660.0,86878.3,87250.6,6673.412
2025-12-24 17:00:00+00:00,87250.6,87545.6,87215.0,87284.5,2778.718
2025-12-24 18:00:00+00:00,87284.6,87478.7,87195.6,87435.0,2085.875
2025-12-24 19:00:00+00:00,87435.0,87542.0,87273.4,87521.4,1789.501
2025-12-24 20:00:00+00:00,87521.4,87649.3,87484.6,87518.8,1377.896
2025-12-24 21:00:00+00:00,87518.7,87763.2,87518.7,87653.8,1477.63
2025-12-24 22:00:00+00:00,87653.9,88033.3,87653.8,87962.0,2271.813
2025-12-24 23:00:00+00:00,87962.0,87985.0,87540.4,87627.3,2608.195
2025-12-25 00:00:00+00:00,87627.4,87710.0,87466.9,87529.9,1995.842
2025-12-25 01:00:00+00:00,87529.9,87714.1,87526.5,87668.0,1191.546
2025-12-25 02:00:00+00:00,87668.0,87933.5,87517.8,87847.8,1449.079
2025-12-25 03:00:00+00:00,87847.9,87890.0,87727.0,87811.6,997.057
2025-12-25 04:00:00+00:00,87811.6,87811.6,87689.8,87740.6,1109.399
2025-12-25 05:00:00+00:00,87740.5,87749.4,87617.1,87706.0,1127.336
2025-12-25 06:00:00+00:00,87706.1,87811.6,87634.5,87799.5,848.085
2025-12-25 07:00:00+00:00,87799.6,87830.0,87713.1,87795.9,789.567
2025-12-25 08:00:00+00:00,87795.9,87858.8,87313.2,87546.2,3818.711
2025-12-25 09:00:00+00:00,87546.2,87565.8,87408.0,87482.1,1227.883
2025-12-25 10:00:00+00:00,87482.1,87494.7,87219.0,87386.0,2055.721
2025-12-25 11:00:00+00:00,87386.1,87554.7,87376.0,87485.2,1202.976
2025-12-25 12:00:00+00:00,87485.2,87555.1,87439.0,87533.7,936.156
2025-12-25 13:00:00+00:00,87533.8,87662.8,87360.7,87597.1,1870.868
2025-12-25 14:00:00+00:00,87597.1,87730.9,87509.0,87675.1,1631.445
2025-12-25 15:00:00+00:00,87675.0,88594.0,87664.1,88338.9,10921.898
2025-12-25 16:00:00+00:00,88339.0,88451.6,87948.9,88042.0,4982.309
2025-12-25 17:00:00+00:00,88042.1,88173.1,87947.8,88096.2,2015.493
2025-12-25 18:00:00+00:00,88096.1,88281.6,88096.1,88198.5,1413.461
2025-12-25 19:00:00+00:00,88198.5,88214.3,88029.9,88112.3,1058.893
2025-12-25 20:00:00+00:00,88112.3,88139.2,87599.5,87844.7,3099.034
2025-12-25 21:00:00+00:00,87844.8,87945.5,87776.5,87862.0,1222.411
2025-12-25 22:00:00+00:00,87862.0,87882.1,87251.2,87607.9,3508.865
2025-12-25 23:00:00+00:00,87607.9,87734.5,86902.1,87182.8,7322.217
2025-12-26 00:00:00+00:00,87182.8,87289.8,86824.8,87084.5,5104.377
2025-12-26 01:00:00+00:00,87084.4,87477.0,87084.4,87386.6,2957.805
2025-12-26 02:00:00+00:00,87386.7,89432.0,87376.5,89151.8,22656.15
2025-12-26 03:00:00+00:00,89151.8,89246.6,88670.0,88796.2,7396.805
2025-12-26 04:00:00+00:00,88796.2,89100.0,88469.8,88926.0,5539.618
2025-12-26 05:00:00+00:00,88926.0,89007.0,88780.0,88954.7,2303.912
2025-12-26 06:00:00+00:00,88954.7,89200.0,88954.6,89085.0,3212.832
2025-12-26 07:00:00+00:00,89085.0,89557.6,88300.5,88433.0,10880.975
2025-12-26 08:00:00+00:00,88433.0,88865.7,88380.0,88707.4,5857.705
2025-12-26 09:00:00+00:00,88707.4,88888.0,88607.0,88783.2,2169.738
2025-12-26 10:00:00+00:00,88782.9,88855.2,88642.9,88717.5,1762.897
2025-12-26 11:00:00+00:00,88717.4,88722.7,88500.0,88507.5,1628.764
2025-12-26 12:00:00+00:00,88507.6,88736.0,88507.5,88649.6,1819.911
2025-12-26 13:00:00+00:00,88649.7,89037.0,88580.9,88959.1,4269.285
2025-12-26 14:00:00+00:00,88959.2,89017.2,87302.5,87344.4,21664.648
2025-12-26 15:00:00+00:00,87344.4,87347.0,86619.9,87100.0,23683.658
2025-12-26 16:00:00+00:00,87100.0,87349.1,86800.7,86821.7,7715.041
2025-12-26 17:00:00+00:00,86821.7,87437.2,86760.4,87288.6,6608.675
2025-12-26 18:00:00+00:00,87288.5,87346.1,87090.0,87232.5,2528.184
2025-12-26 19:00:00+00:00,87232.5,87555.0,87200.0,87453.7,2335.807
2025-12-26 20:00:00+00:00,87453.7,87750.0,87346.5,87547.7,3349.129
2025-12-26 21:00:00+00:00,87547.7,87657.9,87402.6,87429.3,1522.834
2025-12-26 22:00:00+00:00,87429.2,87551.9,87266.6,87505.4,1619.152
2025-12-26 23:00:00+00:00,87505.4,87508.2,87286.9,87318.2,1383.835
2025-12-27 00:00:00+00:00,87318.3,87377.5,87203.0,87360.0,1392.326
2025-12-27 01:00:00+00:00,87359.9,87452.7,87285.6,87431.6,873.169
2025-12-27 02:00:00+00:00,87431.6,87459.2,87341.1,87410.7,1153.148
2025-12-27 03:00:00+00:00,87410.6,87493.4,87338.7,87473.4,1145.793
2025-12-27 04:00:00+00:00,87473.4,87482.0,87413.1,87428.0,511.889
2025-12-27 05:00:00+00:00,87427.9,87474.0,87400.0,87466.2,569.602
2025-12-27 06:00:00+00:00,87466.1,87526.5,87374.5,87426.8,909.478
2025-12-27 07:00:00+00:00,87426.8,87669.7,87426.8,87490.9,1534.506
2025-12-27 08:00:00+00:00,87490.9,87634.9,87490.9,87545.6,1097.419
2025-12-27 09:00:00+00:00,87545.7,87622.7,87500.0,87575.4,1112.953
2025-12-27 10:00:00+00:00,87575.4,87585.0,87324.6,87460.6,2037.105
2025-12-27 11:00:00+00:00,87460.5,87513.1,87400.0,87433.6,918.735
2025-12-27 12:00:00+00:00,87433.6,87489.9,87377.9,87431.9,809.916
2025-12-27 13:00:00+00:00,87432.0,87444.4,87264.8,87410.7,1459.822
2025-12-27 14:00:00+00:00,87410.6,87517.8,87354.4,87500.7,1244.804
2025-12-27 15:00:00+00:00,87500.7,87555.0,87420.5,87516.2,1000.506
2025-12-27 16:00:00+00:00,87516.3,87545.6,87397.5,87454.1,935.963
2025-12-27 17:00:00+00:00,87454.2,87523.6,87420.0,87514.0,486.171
2025-12-27 18:00:00+00:00,87514.0,87534.6,87414.5,87452.8,533.673
2025-12-27 19:00:00+00:00,87452.8,87538.6,87452.8,87522.4,486.951
2025-12-27 20:00:00+00:00,87522.3,87592.4,87479.9,87514.9,478.331
2025-12-27 21:00:00+00:00,87514.9,87633.0,87512.7,87623.5,744.653
2025-12-27 22:00:00+00:00,87623.5,87937.0,87455.5,87526.3,3610.657
2025-12-27 23:00:00+00:00,87526.4,87956.9,87518.3,87829.4,2246.539
2025-12-28 00:00:00+00:00,87829.5,87921.7,87674.4,87811.7,2417.915
2025-12-28 01:00:00+00:00,87811.8,87909.9,87700.0,87749.3,1166.108
2025-12-28 02:00:00+00:00,87749.2,87847.3,87712.8,87768.7,568.717
2025-12-28 03:00:00+00:00,87768.6,87808.2,87693.0,87693.0,665.533
2025-12-28 04:00:00+00:00,87693.1,87802.5,87651.0,87683.9,1017.942
2025-12-28 05:00:00+00:00,87683.8,87683.9,87566.0,87620.0,955.762
2025-12-28 06:00:00+00:00,87619.9,87753.7,87606.0,87696.0,863.377
2025-12-28 07:00:00+00:00,87695.9,87699.9,87632.9,87697.7,758.861
2025-12-28 08:00:00+00:00,87697.7,87948.0,87697.7,87771.0,1570.9
2025-12-28 09:00:00+00:00,87771.1,87868.0,87676.4,87768.2,1272.386
2025-12-28 10:00:00+00:00,87768.2,87980.9,87768.1,87828.7,2042.791
2025-12-28 11:00:00+00:00,87828.7,87896.7,87774.4,87850.8,996.734
2025-12-28 12:00:00+00:00,87850.9,87864.2,87762.2,87820.4,1106.359
2025-12-28 13:00:00+00:00,87820.5,87931.8,87774.6,87862.5,1584.303
2025-12-28 14:00:00+00:00,87862.6,88078.3,87862.6,87873.3,2095.616
2025-12-28 15:00:00+00:00,87873.3,87967.3,87780.0,87797.7,1582.934
2025-12-28 16:00:00+00:00,87797.6,87876.9,87702.7,87780.0,1592.672
2025-12-28 17:00:00+00:00,87780.0,87902.7,87723.4,87730.1,921.592
2025-12-28 18:00:00+00:00,87730.1,87750.7,87448.4,87570.1,4841.368
2025-12-28 19:00:00+00:00,87570.0,87672.1,87477.8,87488.6,1875.07
2025-12-28 20:00:00+00:00,87488.7,87630.9,87411.0,87478.2,1454.862
2025-12-28 21:00:00+00:00,87478.2,87569.2,87402.6,87556.1,1028.697
2025-12-28 22:00:00+00:00,87556.1,87968.4,87440.8,87868.7,1852.715
2025-12-28 23:00:00+00:00,87868.7,88023.4,87603.3,87920.5,3126.75
2025-12-29 00:00:00+00:00,87920.4,88414.0,87778.5,88262.2,7853.683
2025-12-29 01:00:00+00:00,88262.2,88470.5,87828.8,88419.3,6176.22
2025-12-29 02:00:00+00:00,88419.3,89368.6,88419.2,89129.1,17906.792
2025-12-29 03:00:00+00:00,89129.1,90156.5,89049.2,90091.6,13276.794
2025-12-29 04:00:00+00:00,90091.5,90373.4,89899.9,90100.1,9553.526
2025-12-29 05:00:00+00:00,90100.1,90259.1,89869.1,89950.8,6214.977
2025-12-29 06:00:00+00:00,89950.8,90097.6,89715.8,89740.7,4171.356
2025-12-29 07:00:00+00:00,89740.7,89819.4,89448.1,89583.0,5524.328
2025-12-29 08:00:00+00:00,89583.0,89791.5,89423.0,89519.0,5275.514
2025-12-29 09:00:00+00:00,89519.0,89581.0,87715.6,88068.2,24488.492
2025-12-29 10:00:00+00:00,88068.2,88241.1,87599.3,87747.1,9833.482
2025-12-29 11:00:00+00:00,87747.2,87756.6,87520.1,87529.0,5702.868
2025-12-29 12:00:00+00:00,87529.1,87605.5,86760.0,87344.0,19052.987
2025-12-29 13:00:00+00:00,87343.9,87499.9,87124.9,87354.3,6603.622
2025-12-29 14:00:00+00:00,87354.3,88150.0,87216.1,87399.9,15466.204
2025-12-29 15:00:00+00:00,87400.0,87878.9,87170.5,87636.6,8596.818
2025-12-29 16:00:00+00:00,87636.4,87800.0,87400.0,87587.0,4104.313
2025-12-29 17:00:00+00:00,87587.0,87819.9,87300.0,87814.1,3755.77
2025-12-29 18:00:00+00:00,87814.1,87968.1,87324.7,87426.9,4524.27
2025-12-29 19:00:00+00:00,87426.8,87631.9,87259.6,87328.9,2855.576
2025-12-29 20:00:00+00:00,87328.9,87569.2,87052.2,87182.9,4757.654
2025-12-29 21:00:00+00:00,87183.0,87354.0,87150.2,87311.2,1236.456
2025-12-29 22:00:00+00:00,87311.2,87380.4,87043.4,87317.0,1730.476
2025-12-29 23:00:00+00:00,87317.1,87374.3,87144.0,87203.3,1342.031
2025-12-30 00:00:00+00:00,87203.2,87329.7,87075.0,87223.2,1930.991
2025-12-30 01:00:00+00:00,87223.2,87326.8,87074.5,87283.0,1621.846
2025-12-30 02:00:00+00:00,87283.0,87314.6,86934.5,87072.8,4475.996
2025-12-30 03:00:00+00:00,87072.8,87393.1,86789.0,87334.7,5410.15
2025-12-30 04:00:00+00:00,87334.7,87454.4,87250.0,87262.0,2309.703
2025-12-30 05:00:00+00:00,87262.1,87323.1,87105.6,87216.2,1405.238
2025-12-30 06:00:00+00:00,87216.1,87487.7,87198.4,87404.3,2202.096
2025-12-30 07:00:00+00:00,87404.3,87581.4,87322.6,87457.5,2254.052
2025-12-30 08:00:00+00:00,87457.5,88190.6,87455.5,87827.1,11633.575
2025-12-30 09:00:00+00:00,87827.0,88000.0,87609.0,87954.7,3910.604
2025-12-30 10:00:00+00:00,87954.7,88150.1,87863.6,87914.3,4832.435
2025-12-30 11:00:00+00:00,87914.3,87997.0,87722.5,87875.2,2950.688
2025-12-30 12:00:00+00:00,87875.3,88055.6,87870.0,87993.4,2517.352
2025-12-30 13:00:00+00:00,87993.3,88111.7,87874.8,88069.8,3112.449
2025-12-30 14:00:00+00:00,88069.9,88976.3,87788.2,88831.4,16450.15
2025-12-30 15:00:00+00:00,88831.5,89126.0,88150.0,88966.8,16821.972
2025-12-30 16:00:00+00:00,88966.8,89355.0,88517.6,88698.9,15207.195
2025-12-30 17:00:00+00:00,88698.8,88858.9,88070.5,88330.2,9296.671
2025-12-30 18:00:00+00:00,88330.2,88456.5,88088.0,88259.6,3153.294
2025-12-30 19:00:00+00:00,88259.7,88395.9,87910.4,88189.7,4854.171
2025-12-30 20:00:00+00:00,88189.8,88189.8,87833.2,87900.3,3582.468
2025-12-30 21:00:00+00:00,87900.2,88298.1,87846.2,88245.5,2367.884
2025-12-30 22:00:00+00:00,88245.5,88434.8,88240.1,88387.7,1898.055
2025-12-30 23:00:00+00:00,88387.8,88533.0,88320.0,88455.3,2546.225
2025-12-31 00:00:00+00:00,88455.2,88455.3,88209.9,88226.3,2382.377
2025-12-31 01:00:00+00:00,88226.2,88758.2,88134.9,88604.7,4380.66
2025-12-31 02:00:00+00:00,88604.7,88715.5,88475.2,88639.3,2040.118
2025-12-31 03:00:00+00:00,88639.4,88780.0,88335.0,88411.5,2876.073
2025-12-31 04:00:00+00:00,88411.6,88509.9,88280.1,88287.3,2030.766
2025-12-31 05:00:00+00:00,88287.2,88488.0,88287.2,88415.6,1436.781
2025-12-31 06:00:00+00:00,88415.7,88521.8,88415.7,88470.9,1197.614
2025-12-31 07:00:00+00:00,88471.0,88596.0,88385.0,88569.0,1619.321
2025-12-31 08:00:00+00:00,88568.9,88690.0,88339.9,88391.2,2736.779
2025-12-31 09:00:00+00:00,88391.3,88679.3,88389.0,88619.5,1953.465
2025-12-31 10:00:00+00:00,88619.5,88850.0,88615.1,88804.6,3535.564
2025-12-31 11:00:00+00:00,88804.6,89000.0,88759.4,88967.6,4214.352
2025-12-31 12:00:00+00:00,88967.6,88997.6,88702.5,88737.0,3808.719
2025-12-31 13:00:00+00:00,88737.0,89025.1,88700.0,88954.4,3327.744
2025-12-31 14:00:00+00:00,88954.3,89192.8,88233.5,88443.4,11096.344
2025-12-31 15:00:00+00:00,88443.4,88450.0,87729.2,87909.0,13304.033
2025-12-31 16:00:00+00:00,87909.0,88024.3,87350.5,87625.9,12077.887
2025-12-31 17:00:00+00:00,87625.9,87716.0,87454.0,87587.2,4255.614
2025-12-31 18:00:00+00:00,87587.2,87952.0,87535.0,87655.8,5108.155
2025-12-31 19:00:00+00:00,87655.9,87846.0,87454.0,87515.0,2612.319
2025-12-31 20:00:00+00:00,87515.0,87683.6,87189.2,87629.0,6228.769
2025-12-31 21:00:00+00:00,87629.0,87841.9,87629.0,87764.0,2124.139
2025-12-31 22:00:00+00:00,87764.0,87849.7,87613.4,87695.7,1465.099
2025-12-31 23:00:00+00:00,87695.8,87702.1,87583.6,87608.2,955.665
2026-01-01 00:00:00+00:00,87608.3,87819.0,87600.0,87773.4,1571.04
2026-01-01 01:00:00+00:00,87773.4,88021.4,87773.3,87916.5,2441.136
2026-01-01 02:00:00+00:00,87916.6,88065.0,87866.0,87884.6,1895.822
2026-01-01 03:00:00+00:00,87884.6,87995.0,87801.9,87824.6,1194.552
2026-01-01 04:00:00+00:00,87824.6,87831.6,87508.4,87567.0,2773.308
2026-01-01 05:00:00+00:00,87566.9,87720.6,87566.9,87674.7,1003.162
2026-01-01 06:00:00+00:00,87674.7,87674.7,87602.8,87621.5,778.964
2026-01-01 07:00:00+00:00,87621.6,87640.1,87558.5,87603.7,1129.871
2026-01-01 08:00:00+00:00,87603.7,87799.5,87590.0,87741.5,2155.288
2026-01-01 09:00:00+00:00,87741.5,87941.2,87716.8,87846.7,1519.547
2026-01-01 10:00:00+00:00,87846.8,87853.9,87753.0,87833.9,824.662
2026-01-01 11:00:00+00:00,87833.8,87985.6,87820.0,87980.1,1547.171
2026-01-01 12:00:00+00:00,87980.1,88000.0,87883.3,87898.7,1711.306
2026-01-01 13:00:00+00:00,87898.6,87981.6,87809.4,87871.7,1679.637
2026-01-01 14:00:00+00:00,87871.8,87930.0,87758.4,87917.6,2305.644
2026-01-01 15:00:00+00:00,87917.6,88079.3,87871.8,87986.8,2433.498
2026-01-01 16:00:00+00:00,87986.8,88006.8,87833.1,87955.0,1457.754
2026-01-01 17:00:00+00:00,87955.1,88475.8,87933.4,88281.3,5403.349
2026-01-01 18:00:00+00:00,88281.4,88332.8,88066.6,88165.3,2741.066
2026-01-01 19:00:00+00:00,88165.2,88403.8,88034.7,88354.8,1711.864
2026-01-01 20:00:00+00:00,88354.8,88354.8,88193.2,88220.4,1285.863
2026-01-01 21:00:00+00:00,88220.5,88400.0,88211.8,88346.9,932.263
2026-01-01 22:00:00+00:00,88347.0,88665.4,88347.0,88603.5,2660.156
2026-01-01 23:00:00+00:00,88603.5,88881.4,88431.1,88800.0,4784.38
2026-01-02 00:00:00+00:00,88800.0,88850.0,88545.2,88794.2,5385.916
2026-01-02 01:00:00+00:00,88794.2,88838.0,88474.2,88599.9,2987.478
2026-01-02 02:00:00+00:00,88600.0,88629.4,88324.4,88600.0,2845.63
2026-01-02 03:00:00+00:00,88599.9,89088.0,88525.0,88899.3,8590.173
2026-01-02 04:00:00+00:00,88899.3,88950.0,88575.5,88595.1,3650.58
2026-01-02 05:00:00+00:00,88595.0,88749.6,88533.6,88720.7,2178.102
2026-01-02 06:00:00+00:00,88720.8,89055.0,88683.7,88899.9,3449.508
2026-01-02 07:00:00+00:00,88900.0,89024.4,88800.0,88829.3,2963.111
2026-01-02 08:00:00+00:00,88829.3,89160.0,88780.0,89138.2,3402.923
2026-01-02 09:00:00+00:00,89138.1,89468.0,89070.5,89429.9,7471.426
2026-01-02 10:00:00+00:00,89430.0,89900.0,89399.4,89618.5,12283.205
2026-01-02 11:00:00+00:00,89618.5,89636.6,89306.2,89458.3,4729.795
2026-01-02 12:00:00+00:00,89458.3,89550.0,89338.9,89360.1,3286.671
2026-01-02 13:00:00+00:00,89360.0,89679.0,89262.3,89311.6,5529.782
2026-01-02 14:00:00+00:00,89311.6,90126.5,88401.2,89536.4,25845.107
2026-01-02 15:00:00+00:00,89536.5,89850.0,88756.5,89373.1,15985.582
2026-01-02 16:00:00+00:00,89373.0,90881.3,89145.2,90334.0,25618.803
2026-01-02 17:00:00+00:00,90333.9,90945.1,90131.1,90319.9,11928.025
2026-01-02 18:00:00+00:00,90320.0,90512.6,89510.9,89735.3,10278.889
2026-01-02 19:00:00+00:00,89735.3,90120.9,89609.1,89865.0,5805.978
2026-01-02 20:00:00+00:00,89865.0,90040.9,89588.0,89700.1,3724.086
2026-01-02 21:00:00+00:00,89700.2,90145.5,89686.7,90015.4,2740.221
2026-01-02 22:00:00+00:00,90015.4,90368.7,89975.0,90154.9,3101.495
2026-01-02 23:00:00+00:00,90155.0,90158.4,89850.0,89951.4,2879.962
2026-01-03 00:00:00+00:00,89951.5,90149.8,89914.5,90114.0,1984.167
2026-01-03 01:00:00+00:00,90113.9,90254.9,90022.8,90232.9,1527.578
2026-01-03 02:00:00+00:00,90232.8,90365.9,90085.3,90291.2,1575.054
2026-01-03 03:00:00+00:00,90291.1,90347.2,90150.0,90279.9,1397.386
2026-01-03 04:00:00+00:00,90280.0,90456.0,89989.9,90121.8,3541.014
2026-01-03 05:00:00+00:00,90121.8,90158.0,89866.0,89989.9,2294.927
2026-01-03 06:00:00+00:00,89989.9,90091.2,89802.8,89827.3,1760.446
2026-01-03 07:00:00+00:00,89827.4,89913.4,89261.2,89535.9,6761.763
2026-01-03 08:00:00+00:00,89535.9,89797.0,89380.2,89625.3,4110.188
2026-01-03 09:00:00+00:00,89625.2,89943.9,89582.3,89756.1,2907.372
2026-01-03 10:00:00+00:00,89756.1,89833.0,89664.4,89712.8,1491.684
2026-01-03 11:00:00+00:00,89712.8,89754.9,89627.0,89706.4,1159.473
2026-01-03 12:00:00+00:00,89706.4,90022.6,89620.0,90001.8,3368.405
2026-01-03 13:00:00+00:00,90001.9,90026.0,89881.8,89972.3,1741.648
2026-01-03 14:00:00+00:00,89972.2,90200.0,89915.7,90091.3,3216.156
2026-01-03 15:00:00+00:00,90091.3,90091.4,89919.6,89931.8,1752.745
2026-01-03 16:00:00+00:00,89931.7,90189.0,89866.5,90065.0,2175.153
2026-01-03 17:00:00+00:00,90064.9,90089.5,89981.6,90054.5,1011.293
2026-01-03 18:00:00+00:00,90054.4,90156.0,89991.2,90105.4,991.013
2026-01-03 19:00:00+00:00,90105.3,90119.8,90021.0,90091.8,634.111
2026-01-03 20:00:00+00:00,90091.8,90340.0,89972.9,90333.0,2858.862
2026-01-03 21:00:00+00:00,90333.1,90716.3,90305.6,90530.3,4020.73
2026-01-03 22:00:00+00:00,90530.3,90716.9,90455.8,90557.4,2112.203
2026-01-03 23:00:00+00:00,90557.4,90665.0,90426.7,90595.8,2497.898
2026-01-04 00:00:00+00:00,90595.8,91597.6,90595.7,91301.4,12605.179
2026-01-04 01:00:00+00:00,91301.4,91452.1,90966.5,91190.0,3956.97
2026-01-04 02:00:00+00:00,91190.0,91265.3,91034.1,91099.2,1909.88
2026-01-04 03:00:00+00:00,91099.2,91322.0,91034.6,91192.7,2564.445
2026-01-04 04:00:00+00:00,91192.7,91558.0,91142.3,91355.0,3235.565
2026-01-04 05:00:00+00:00,91354.9,91450.0,91300.2,91437.0,1348.002
2026-01-04 06:00:00+00:00,91437.1,91779.7,91177.8,91187.1,6392.965
2026-01-04 07:00:00+00:00,91187.1,91500.0,91169.1,91477.5,2568.042
2026-01-04 08:00:00+00:00,91477.5,91498.2,91111.9,91325.7,3734.534
2026-01-04 09:00:00+00:00,91325.7,91436.7,91202.5,91413.7,2106.712
2026-01-04 10:00:00+00:00,91413.8,91581.7,91367.8,91553.4,2915.224
2026-01-04 11:00:00+00:00,91553.4,91553.4,91181.2,91262.7,3197.954
2026-01-04 12:00:00+00:00,91262.8,91321.6,91033.0,91096.4,3722.452
2026-01-04 13:00:00+00:00,91096.4,91236.4,90968.0,91227.4,2281.038
2026-01-04 14:00:00+00:00,91227.5,91377.2,91101.0,91305.0,2386.957
2026-01-04 15:00:00+00:00,91304.9,91350.0,91050.0,91292.8,1927.15
2026-01-04 16:00:00+00:00,91292.8,91429.4,91210.0,91282.3,2079.754
2026-01-04 17:00:00+00:00,91282.3,91403.9,91262.7,91293.5,1219.1
2026-01-04 18:00:00+00:00,91293.4,91293.5,90934.4,91168.0,2925.006
2026-01-04 19:00:00+00:00,91168.0,91179.9,90790.1,91102.9,3161.471
2026-01-04 20:00:00+00:00,91102.9,91309.1,91085.1,91275.9,1426.238
2026-01-04 21:00:00+00:00,91275.9,91385.6,91142.0,91247.0,1210.092
2026-01-04 22:00:00+00:00,91247.1,91372.6,91106.7,91180.9,1294.245
2026-01-04 23:00:00+00:00,91181.0,91567.0,91181.0,91497.1,3604.054
2026-01-05 00:00:00+00:00,91497.2,92396.8,91476.5,92368.1,17447.692
2026-01-05 01:00:00+00:00,92368.0,93382.5,92230.5,92917.0,20662.909
2026-01-05 02:00:00+00:00,92916.9,93114.7,92683.9,92990.4,6814.332
2026-01-05 03:00:00+00:00,92990.3,93167.9,92823.1,92835.2,6122.57
2026-01-05 04:00:00+00:00,92835.3,92920.0,92269.3,92556.8,7790.281
2026-01-05 05:00:00+00:00,92556.8,92687.9,92307.3,92323.2,3908.226
2026-01-05 06:00:00+00:00,92323.2,92473.3,92102.0,92454.4,4779.338
2026-01-05 07:00:00+00:00,92454.4,92610.0,92450.0,92492.1,3756.316
2026-01-05 08:00:00+00:00,92492.1,92745.9,92415.4,92436.0,3454.098
2026-01-05 09:00:00+00:00,92436.0,92828.0,92292.0,92654.3,5211.374
2026-01-05 10:00:00+00:00,92654.2,93120.7,92633.3,93048.4,6442.691
2026-01-05 11:00:00+00:00,93048.3,93131.8,92850.0,93093.3,5105.58
2026-01-05 12:00:00+00:00,93093.3,93186.0,92710.2,92837.2,4525.283
2026-01-05 13:00:00+00:00,92837.2,92984.3,92496.9,92708.0,5110.308
2026-01-05 14:00:00+00:00,92708.0,93650.0,92370.9,93390.0,16718.616
2026-01-05 15:00:00+00:00,93389.9,93998.9,93114.5,93899.9,16778.91
2026-01-05 16:00:00+00:00,93900.0,94044.6,93528.8,93646.6,9719.843
2026-01-05 17:00:00+00:00,93646.6,94429.9,93201.0,94273.0,12759.599
2026-01-05 18:00:00+00:00,94273.0,94475.7,93865.2,94400.4,8008.271
2026-01-05 19:00:00+00:00,94400.5,94450.0,94075.7,94248.6,5026.891
2026-01-05 20:00:00+00:00,94248.6,94760.3,93980.0,94131.0,9700.281
2026-01-05 21:00:00+00:00,94131.0,94193.4,93757.9,94049.1,3978.477
2026-01-05 22:00:00+00:00,94049.1,94361.0,93952.6,94125.2,2657.202
2026-01-05 23:00:00+00:00,94125.3,94154.2,93813.7,93822.4,2937.224
2026-01-06 00:00:00+00:00,93822.3,93950.0,93510.0,93768.8,4396.05
2026-01-06 01:00:00+00:00,93768.8,94125.1,93688.0,93736.0,3701.212
2026-01-06 02:00:00+00:00,93736.1,93829.8,93467.1,93587.0,2766.241
2026-01-06 03:00:00+00:00,93587.0,93900.7,93563.0,93725.8,2291.149
2026-01-06 04:00:00+00:00,93725.7,93966.4,93688.0,93758.8,1956.555
2026-01-06 05:00:00+00:00,93758.8,93786.0,93520.8,93552.0,2629.639
2026-01-06 06:00:00+00:00,93552.0,93906.6,93500.0,93727.5,4474.851
2026-01-06 07:00:00+00:00,93727.5,93740.3,93088.0,93207.4,7591.971
2026-01-06 08:00:00+00:00,93207.4,93379.4,93130.4,93197.0,3865.52
2026-01-06 09:00:00+00:00,93196.9,93529.8,93186.5,93420.4,3198.235
2026-01-06 10:00:00+00:00,93420.4,93620.7,93359.6,93536.3,2517.681
2026-01-06 11:00:00+00:00,93536.4,93865.5,93530.5,93799.9,3479.999
2026-01-06 12:00:00+00:00,93800.0,93950.0,93737.5,93819.4,2835.185
2026-01-06 13:00:00+00:00,93819.4,93826.8,93590.7,93678.1,3135.364
2026-01-06 14:00:00+00:00,93678.0,94415.4,93469.3,93796.2,21403.194
2026-01-06 15:00:00+00:00,93796.2,94274.0,93292.0,93608.2,14736.625
2026-01-06 16:00:00+00:00,93608.2,93728.9,92280.4,92651.3,22270.393
2026-01-06 17:00:00+00:00,92651.3,92743.1,91480.2,91547.6,22649.816
2026-01-06 18:00:00+00:00,91547.5,92211.3,91209.0,92006.4,19336.123
2026-01-06 19:00:00+00:00,92006.4,92369.5,91862.5,92062.2,5466.213
2026-01-06 20:00:00+00:00,92062.2,92668.7,92062.2,92472.8,5752.058
2026-01-06 21:00:00+00:00,92472.7,93825.0,92338.0,93207.8,17762.771
2026-01-06 22:00:00+00:00,93207.8,93490.1,92920.1,93320.0,5584.074
2026-01-06 23:00:00+00:00,93319.9,93743.4,93279.6,93708.0,3642.131
2026-01-07 00:00:00+00:00,93708.1,93708.1,92607.9,92670.4,7512.235
2026-01-07 01:00:00+00:00,92670.4,92866.7,92293.8,92405.7,7227.493
2026-01-07 02:00:00+00:00,92405.6,93028.3,92202.9,92923.2,5537.498
2026-01-07 03:00:00+00:00,92923.2,93080.0,92707.2,92778.2,3355.953
2026-01-07 04:00:00+00:00,92778.1,92893.0,92565.9,92637.3,2761.2
2026-01-07 05:00:00+00:00,92637.3,92818.0,92457.9,92504.0,2619.417
2026-01-07 06:00:00+00:00,92504.0,92869.4,92483.1,92576.4,2051.31
2026-01-07 07:00:00+00:00,92576.4,92862.4,92576.4,92848.1,1899.587
2026-01-07 08:00:00+00:00,92848.1,92928.0,92656.6,92680.3,3590.653
2026-01-07 09:00:00+00:00,92680.4,92680.4,91551.3,91672.0,15701.045
2026-01-07 10:00:00+00:00,91672.0,91953.0,91549.9,91924.1,7448.104
2026-01-07 11:00:00+00:00,91924.1,92219.8,91874.0,92041.9,4721.461
2026-01-07 12:00:00+00:00,92041.8,92140.3,91920.0,91953.4,3186.059
2026-01-07 13:00:00+00:00,91953.3,92249.3,91815.6,91994.4,4077.384
2026-01-07 14:00:00+00:00,91994.4,92108.1,91321.2,91920.8,14971.409
2026-01-07 15:00:00+00:00,91920.8,91957.5,90987.0,91303.1,17680.536
2026-01-07 16:00:00+00:00,91303.2,91750.0,91100.8,91229.9,7011.285
2026-01-07 17:00:00+00:00,91229.9,91660.0,90994.5,91215.0,4778.094
2026-01-07 18:00:00+00:00,91214.9,91411.3,90700.0,90857.4,9317.099
2026-01-07 19:00:00+00:00,90857.4,91250.0,90634.1,91143.6,7258.52
2026-01-07 20:00:00+00:00,91143.6,91266.0,90740.5,91015.6,3809.824
2026-01-07 21:00:00+00:00,91015.6,91206.6,91006.8,91050.0,1919.766
2026-01-07 22:00:00+00:00,91050.0,91361.8,90842.2,91143.6,3910.106
2026-01-07 23:00:00+00:00,91143.5,91462.1,90966.1,91328.0,6640.812
2026-01-08 00:00:00+00:00,91328.1,91524.1,91037.9,91356.8,3127.591
2026-01-08 01:00:00+00:00,91356.8,91666.0,91259.0,91386.0,3274.232
2026-01-08 02:00:00+00:00,91386.1,91440.5,90713.7,90925.6,4700.174
2026-01-08 03:00:00+00:00,90925.5,91099.9,90555.1,90780.1,4699.592
2026-01-08 04:00:00+00:00,90780.0,91142.2,90665.2,90987.9,3452.527
2026-01-08 05:00:00+00:00,90988.0,91157.6,90749.3,90788.0,2544.317
2026-01-08 06:00:00+00:00,90788.0,90835.1,89828.4,89844.0,14573.075
2026-01-08 07:00:00+00:00,89844.0,90555.1,89588.1,90509.9,13369.942
2026-01-08 08:00:00+00:00,90509.8,90741.2,90123.0,90200.0,7310.935
2026-01-08 09:00:00+00:00,90200.0,90345.2,89909.8,89979.4,6322.646
2026-01-08 10:00:00+00:00,89979.3,90466.0,89733.6,90366.8,6646.043
2026-01-08 11:00:00+00:00,90366.8,90459.0,89990.6,90192.3,6466.354
2026-01-08 12:00:00+00:00,90192.2,90210.5,89750.0,89953.8,11938.648
2026-01-08 13:00:00+00:00,89953.7,90072.9,89831.8,89930.0,2923.949
2026-01-08 14:00:00+00:00,89930.0,90134.2,89242.0,89978.5,19416.809
2026-01-08 15:00:00+00:00,89978.5,90790.0,89761.3,90730.0,14898.074
2026-01-08 16:00:00+00:00,90730.0,90888.0,90244.7,90887.9,10277.22
2026-01-08 17:00:00+00:00,90888.0,91400.0,90789.6,91320.0,9033.943
2026-01-08 18:00:00+00:00,91320.1,91425.1,90888.5,91070.3,5818.307
2026-01-08 19:00:00+00:00,91070.3,91291.7,90737.6,90890.9,3504.386
2026-01-08 20:00:00+00:00,90890.9,90954.1,90519.9,90875.1,4373.522
2026-01-08 21:00:00+00:00,90875.0,91298.0,90872.7,91223.2,3905.032
2026-01-08 22:00:00+00:00,91223.2,91449.9,90975.0,91184.2,3637.838
2026-01-08 23:00:00+00:00,91184.2,91288.8,91000.0,91059.8,2260.788
2026-01-09 00:00:00+00:00,91059.8,91269.2,91013.6,91248.1,1988.998
2026-01-09 01:00:00+00:00,91248.1,91600.0,90800.6,91016.0,5554.482
2026-01-09 02:00:00+00:00,91016.0,91446.7,90970.0,90999.5,3356.345
2026-01-09 03:00:00+00:00,90999.6,91232.3,90916.1,91190.1,2212.581
2026-01-09 04:00:00+00:00,91190.1,91203.0,90886.3,90978.7,1626.901
2026-01-09 05:00:00+00:00,90978.7,91086.9,90875.0,91058.2,1449.75
2026-01-09 06:00:00+00:00,91058.2,91115.8,90951.6,91103.8,1659.97
2026-01-09 07:00:00+00:00,91103.8,91103.9,90704.0,90712.1,2981.896
2026-01-09 08:00:00+00:00,90712.1,90812.0,89632.8,89989.4,17560.82
2026-01-09 09:00:00+00:00,89989.3,90437.7,89962.8,90299.0,6992.034
2026-01-09 10:00:00+00:00,90299.1,90515.5,90231.4,90443.6,2447.712
2026-01-09 11:00:00+00:00,90443.5,90638.5,90356.9,90398.1,2857.407
2026-01-09 12:00:00+00:00,90398.1,90559.8,90166.5,90404.8,3763.706
2026-01-09 13:00:00+00:00,90404.8,91000.0,90346.9,90559.9,6954.543
2026-01-09 14:00:00+00:00,90560.0,90630.2,89888.0,90110.8,9781.5
2026-01-09 15:00:00+00:00,90110.7,91999.0,89800.0,91137.7,29710.389
2026-01-09 16:00:00+00:00,91137.8,91749.9,91124.5,91589.9,8689.179
2026-01-09 17:00:00+00:00,91589.9,91639.0,90960.1,91372.8,5966.83
2026-01-09 18:00:00+00:00,91372.9,91467.2,90272.6,90772.3,9432.064
2026-01-09 19:00:00+00:00,90772.3,90772.3,90145.0,90290.6,5957.606
2026-01-09 20:00:00+00:00,90290.6,90552.8,90191.7,90272.3,3578.973
2026-01-09 21:00:00+00:00,90272.4,90630.9,90082.6,90503.8,2883.263
2026-01-09 22:00:00+00:00,90503.9,90679.7,90320.3,90585.0,1665.963
2026-01-09 23:00:00+00:00,90584.9,90693.0,90557.0,90603.6,1321.765
2026-01-10 00:00:00+00:00,90603.7,90649.4,90474.4,90565.1,1288.006
2026-01-10 01:00:00+00:00,90565.1,90704.0,90538.9,90649.6,1046.603
2026-01-10 02:00:00+00:00,90649.6,90748.6,90560.0,90652.7,1186.836
2026-01-10 03:00:00+00:00,90652.7,90656.4,90512.2,90591.3,774.583
2026-01-10 04:00:00+00:00,90591.3,90610.0,90351.6,90421.9,1555.03
2026-01-10 05:00:00+00:00,90422.0,90584.9,90390.0,90563.5,825.469
2026-01-10 06:00:00+00:00,90563.5,90569.5,90432.4,90475.1,534.772
2026-01-10 07:00:00+00:00,90475.0,90650.4,90467.2,90627.1,982.004
2026-01-10 08:00:00+00:00,90627.1,90710.0,90570.0,90628.6,1579.4
2026-01-10 09:00:00+00:00,90628.6,90730.0,90579.7,90729.9,1230.858
2026-01-10 10:00:00+00:00,90730.0,90800.0,90680.0,90795.4,1473.655
2026-01-10 11:00:00+00:00,90795.3,90795.3,90656.1,90692.8,828.342
2026-01-10 12:00:00+00:00,90692.9,90758.7,90623.5,90696.6,1139.429
2026-01-10 13:00:00+00:00,90696.6,90727.1,90599.9,90620.9,865.813
2026-01-10 14:00:00+00:00,90620.9,90631.6,90494.0,90551.8,1729.222
2026-01-10 15:00:00+00:00,90551.8,90630.0,90535.9,90622.7,938.582
2026-01-10 16:00:00+00:00,90622.8,90688.1,90562.5,90640.6,846.682
2026-01-10 17:00:00+00:00,90640.7,90708.0,90503.9,90512.3,1378.649
2026-01-10 18:00:00+00:00,90512.3,90564.3,90450.0,90555.2,1016.668
2026-01-10 19:00:00+00:00,90555.2,90597.9,90545.0,90591.4,390.769
2026-01-10 20:00:00+00:00,90591.3,90627.6,90538.0,90539.0,513.274
2026-01-10 21:00:00+00:00,90539.0,90539.0,90451.4,90469.9,804.006
2026-01-10 22:00:00+00:00,90470.0,90562.2,90358.5,90384.9,1568.934
2026-01-10 23:00:00+00:00,90384.9,90535.7,90384.9,90469.6,773.155
2026-01-11 00:00:00+00:00,90469.7,90609.8,90410.6,90600.0,932.503
2026-01-11 01:00:00+00:00,90600.1,90639.8,90521.1,90597.9,608.415
2026-01-11 02:00:00+00:00,90597.8,90699.9,90579.2,90654.8,944.925
2026-01-11 03:00:00+00:00,90654.9,90696.5,90585.8,90696.5,812.895
2026-01-11 04:00:00+00:00,90696.4,90750.0,90629.9,90750.0,790.246
2026-01-11 05:00:00+00:00,90750.0,90818.0,90696.2,90730.4,976.393
2026-01-11 06:00:00+00:00,90730.4,90757.4,90530.9,90697.4,1096.363
2026-01-11 07:00:00+00:00,90697.4,90708.5,90628.1,90664.0,512.464
2026-01-11 08:00:00+00:00,90663.9,90787.8,90555.0,90756.0,1867.167
2026-01-11 09:00:00+00:00,90755.9,90778.5,90625.3,90689.9,1552.922
2026-01-11 10:00:00+00:00,90690.0,90700.0,90640.0,90689.4,595.064
2026-01-11 11:00:00+00:00,90689.4,90730.2,90649.9,90707.3,845.808
2026-01-11 12:00:00+00:00,90707.2,90980.0,90670.1,90889.3,2885.101
2026-01-11 13:00:00+00:00,90889.3,90926.9,90779.5,90812.0,1713.393
2026-01-11 14:00:00+00:00,90811.9,91143.1,90811.9,91074.8,2318.326
2026-01-11 15:00:00+00:00,91074.7,91103.2,90650.0,90834.1,4272.295
2026-01-11 16:00:00+00:00,90834.0,91252.5,90834.0,90996.0,3240.642
2026-01-11 17:00:00+00:00,90996.0,91103.3,90853.5,90944.7,1812.779
2026-01-11 18:00:00+00:00,90944.8,90944.8,90750.8,90840.9,1170.967
2026-01-11 19:00:00+00:00,90840.8,90892.2,90609.5,90644.7,1432.938
2026-01-11 20:00:00+00:00,90644.7,90706.8,90314.9,90654.2,4221.59
2026-01-11 21:00:00+00:00,90654.2,90795.0,90544.2,90711.1,1310.063
2026-01-11 22:00:00+00:00,90711.1,90711.2,90410.0,90482.4,1500.957
2026-01-11 23:00:00+00:00,90482.3,91000.0,90175.3,90964.4,6130.166
2026-01-12 00:00:00+00:00,90964.4,91229.2,90642.0,91229.1,5093.983
2026-01-12 01:00:00+00:00,91229.2,91770.0,91047.9,91370.0,9633.87
2026-01-12 02:00:00+00:00,91369.9,92379.5,91323.8,92168.8,9958.922
2026-01-12 03:00:00+00:00,92168.8,92488.0,91757.1,91766.2,9926.34
2026-01-12 04:00:00+00:00,91766.2,92245.1,91700.0,92126.7,3587.926
2026-01-12 05:00:00+00:00,92126.6,92220.0,91986.1,92066.6,2631.257
2026-01-12 06:00:00+00:00,92066.7,92166.7,91760.0,91789.3,3098.508
2026-01-12 07:00:00+00:00,91789.4,91932.3,91342.0,91369.2,5574.002
2026-01-12 08:00:00+00:00,91369.2,91586.5,90341.3,90714.0,16401.318
2026-01-12 09:00:00+00:00,90714.0,90895.1,90610.0,90646.8,4843.544
2026-01-12 10:00:00+00:00,90646.8,90755.6,90319.4,90394.6,4442.14
2026-01-12 11:00:00+00:00,90394.6,90795.9,90381.6,90573.9,4677.736
2026-01-12 12:00:00+00:00,90573.9,90828.2,90573.8,90741.6,2101.42
2026-01-12 13:00:00+00:00,90741.6,90788.0,90490.9,90596.8,3652.559
2026-01-12 14:00:00+00:00,90596.7,91100.0,90066.0,90852.8,14478.839
2026-01-12 15:00:00+00:00,90852.7,91637.8,90657.0,91618.7,13149.778
2026-01-12 16:00:00+00:00,91618.6,92299.0,91520.1,92078.8,17126.012
2026-01-12 17:00:00+00:00,92078.9,92264.2,90966.0,91469.9,16813.427
2026-01-12 18:00:00+00:00,91469.9,91911.1,91358.9,91648.2,6521.581
2026-01-12 19:00:00+00:00,91648.2,91847.2,91383.1,91821.9,3000.387
2026-01-12 20:00:00+00:00,91821.9,92017.0,91366.8,91446.5,3832.277
2026-01-12 21:00:00+00:00,91446.5,91461.2,90870.0,91005.6,4907.334
2026-01-12 22:00:00+00:00,91005.6,91395.8,91005.5,91204.0,2060.831
2026-01-12 23:00:00+00:00,91203.9,91280.1,91023.0,91252.6,1723.392
2026-01-13 00:00:00+00:00,91252.5,91524.5,91202.9,91436.3,3986.413
2026-01-13 01:00:00+00:00,91436.4,91514.2,91011.0,91157.4,2961.638
2026-01-13 02:00:00+00:00,91157.3,91344.9,91035.0,91093.5,2327.18
2026-01-13 03:00:00+00:00,91093.5,91438.8,91076.1,91380.9,2309.321
2026-01-13 04:00:00+00:00,91380.9,91621.0,91316.3,91479.3,2276.293
2026-01-13 05:00:00+00:00,91479.3,92222.0,91425.6,91883.6,9329.076
2026-01-13 06:00:00+00:00,91883.7,92258.0,91764.9,92146.9,6001.675
2026-01-13 07:00:00+00:00,92146.9,92180.6,91866.3,91908.0,2866.072
2026-01-13 08:00:00+00:00,91908.0,92234.7,91881.1,92137.8,3554.355
2026-01-13 09:00:00+00:00,92137.7,92676.6,91850.6,92239.6,13124.332
2026-01-13 10:00:00+00:00,92239.6,92317.4,91980.0,92092.5,3253.353
2026-01-13 11:00:00+00:00,92092.6,92226.7,91928.8,91962.1,3160.078
2026-01-13 12:00:00+00:00,91962.1,92125.5,91868.0,92076.2,2374.933
2026-01-13 13:00:00+00:00,92076.3,92555.1,91836.3,92021.0,12621.53
2026-01-13 14:00:00+00:00,92021.0,92888.0,91700.6,92414.3,15522.227
2026-01-13 15:00:00+00:00,92414.2,93408.0,92060.2,93407.9,18069.514
2026-01-13 16:00:00+00:00,93407.9,93707.0,93009.8,93341.6,16898.433
2026-01-13 17:00:00+00:00,93341.6,93451.4,93050.0,93190.6,6057.628
2026-01-13 18:00:00+00:00,93190.5,93840.7,93138.7,93581.0,7126.697
2026-01-13 19:00:00+00:00,93581.1,94189.0,93421.9,94179.5,9066.888
2026-01-13 20:00:00+00:00,94179.6,94462.7,94036.0,94349.1,15488.146
2026-01-13 21:00:00+00:00,94349.0,94478.3,94011.7,94040.0,5569.854
2026-01-13 22:00:00+00:00,94040.0,96863.7,94037.8,95730.5,27128.695
2026-01-13 23:00:00+00:00,95730.4,96089.9,95025.6,95375.2,9471.587
2026-01-14 00:00:00+00:00,95375.2,95627.6,95120.5,95196.2,5227.167
2026-01-14 01:00:00+00:00,95196.2,95545.2,95082.0,95191.4,4817.294
2026-01-14 02:00:00+00:00,95191.4,95527.5,95153.0,95299.9,3412.88
2026-01-14 03:00:00+00:00,95300.0,95670.0,95235.8,95665.7,3007.15
2026-01-14 04:00:00+00:00,95665.6,95755.0,95172.9,95192.2,4394.532
2026-01-14 05:00:00+00:00,95192.2,95236.8,94888.0,94963.1,6492.965
2026-01-14 06:00:00+00:00,94963.1,94986.8,94413.4,94984.8,7557.559
2026-01-14 07:00:00+00:00,94984.7,95226.7,94812.0,95166.6,5004.862
2026-01-14 08:00:00+00:00,95166.6,95288.0,94855.6,94866.3,3482.851
2026-01-14 09:00:00+00:00,94866.2,95152.1,94841.3,95051.6,3468.385
2026-01-14 10:00:00+00:00,95051.5,95256.8,94841.7,95050.1,3796.217
2026-01-14 11:00:00+00:00,95050.0,95058.5,94700.0,94763.6,3543.836
2026-01-14 12:00:00+00:00,94763.7,95129.8,94643.0,95041.5,3301.408
2026-01-14 13:00:00+00:00,95041.5,95213.6,94844.6,94964.3,3562.521
2026-01-14 14:00:00+00:00,94964.3,96780.0,94944.6,96449.0,27623.161
2026-01-14 15:00:00+00:00,96449.0,97100.0,96129.8,96691.9,21644.239
2026-01-14 16:00:00+00:00,96691.9,97667.7,96664.3,97232.2,18659.533
2026-01-14 17:00:00+00:00,97232.1,97733.9,96681.6,96895.2,13842.789
2026-01-14 18:00:00+00:00,96895.1,97065.8,96180.0,96764.5,10839.519
2026-01-14 19:00:00+00:00,96764.5,97611.8,96631.9,97221.8,9526.318
2026-01-14 20:00:00+00:00,97221.8,97932.1,97157.4,97606.0,7569.506
2026-01-14 21:00:00+00:00,97606.0,97667.0,97328.5,97515.0,3003.703
2026-01-14 22:00:00+00:00,97515.0,97535.9,96666.6,96825.5,4902.643
2026-01-14 23:00:00+00:00,96825.6,97331.4,96805.7,96907.9,3362.453
2026-01-15 00:00:00+00:00,96908.0,96960.9,96450.0,96613.3,4867.775
2026-01-15 01:00:00+00:00,96613.3,96940.0,96257.0,96400.1,4369.396
2026-01-15 02:00:00+00:00,96400.0,96574.8,96043.4,96297.3,4126.981
2026-01-15 03:00:00+00:00,96297.2,96358.9,95733.1,95943.1,6349.722
2026-01-15 04:00:00+00:00,95943.1,96349.6,95909.1,96273.3,4315.444
2026-01-15 05:00:00+00:00,96273.4,96485.6,96190.0,96372.5,4323.48
2026-01-15 06:00:00+00:00,96372.6,96533.0,96123.4,96195.2,4422.522
2026-01-15 07:00:00+00:00,96195.2,96744.2,96133.7,96601.2,4870.214
2026-01-15 08:00:00+00:00,96601.2,96645.2,96243.8,96596.2,3140.107
2026-01-15 09:00:00+00:00,96596.1,97155.0,96508.1,96993.8,5989.198
2026-01-15 10:00:00+00:00,96993.9,97020.0,96686.0,96763.2,3508.829
2026-01-15 11:00:00+00:00,96763.1,96884.3,96532.9,96548.9,2847.765
2026-01-15 12:00:00+00:00,96548.9,96963.3,96471.1,96931.3,3333.837
2026-01-15 13:00:00+00:00,96931.3,96988.0,96562.5,96801.0,3640.067
2026-01-15 14:00:00+00:00,96800.9,97100.0,95550.0,96013.6,17458.774
2026-01-15 15:00:00+00:00,96013.6,96833.0,95403.7,96717.3,21170.454
2026-01-15 16:00:00+00:00,96717.3,97000.0,96225.7,96684.7,11085.205
2026-01-15 17:00:00+00:00,96684.7,97047.6,96368.0,96587.4,5755.514
2026-01-15 18:00:00+00:00,96587.4,96592.6,95700.0,95806.9,9228.56
2026-01-15 19:00:00+00:00,95806.8,95901.6,95080.0,95469.2,11629.162
2026-01-15 20:00:00+00:00,95469.2,95623.8,95089.0,95220.7,5057.079
2026-01-15 21:00:00+00:00,95220.8,95600.0,95145.1,95545.3,2554.846
2026-01-15 22:00:00+00:00,95545.3,95837.8,95447.6,95536.3,2273.259
2026-01-15 23:00:00+00:00,95536.3,95688.9,95362.6,95567.3,2886.551
2026-01-16 00:00:00+00:00,95567.4,95788.4,95526.6,95589.6,2546.578
2026-01-16 01:00:00+00:00,95589.6,95825.0,95380.0,95623.7,2648.286
2026-01-16 02:00:00+00:00,95623.7,95648.6,95350.0,95469.5,2791.219
2026-01-16 03:00:00+00:00,95469.4,95550.0,95279.8,95319.6,1575.387
2026-01-16 04:00:00+00:00,95319.6,95546.6,95111.1,95233.4,4143.845
2026-01-16 05:00:00+00:00,95233.4,95654.4,95211.0,95615.9,4075.392
2026-01-16 06:00:00+00:00,95615.9,95790.0,95480.5,95702.5,3279.729
2026-01-16 07:00:00+00:00,95702.5,95750.0,95432.6,95608.4,2608.384
2026-01-16 08:00:00+00:00,95608.4,95805.0,95526.2,95628.3,2441.913
2026-01-16 09:00:00+00:00,95628.4,95741.0,95542.4,95568.1,1591.671
2026-01-16 10:00:00+00:00,95568.1,95586.4,95254.0,95272.6,2836.653
2026-01-16 11:00:00+00:00,95272.5,95436.0,95210.5,95382.6,2813.205
2026-01-16 12:00:00+00:00,95382.5,95536.8,95313.4,95414.6,2360.141
2026-01-16 13:00:00+00:00,95414.6,95537.9,95238.0,95400.2,2268.122
2026-01-16 14:00:00+00:00,95400.1,95763.0,95130.0,95137.0,6721.146
2026-01-16 15:00:00+00:00,95137.0,95658.8,94234.5,94537.5,26171.151
2026-01-16 16:00:00+00:00,94537.6,94950.0,94454.5,94826.6,7715.958
2026-01-16 17:00:00+00:00,94826.5,95095.4,94502.8,95041.6,3926.223
2026-01-16 18:00:00+00:00,95041.7,95191.8,94931.0,94966.6,3699.333
2026-01-16 19:00:00+00:00,94966.7,95018.3,94793.1,94961.0,1804.722
2026-01-16 20:00:00+00:00,94961.0,95527.4,94630.0,95517.1,5852.525
2026-01-16 21:00:00+00:00,95517.2,95550.0,95300.1,95469.6,3228.247
2026-01-16 22:00:00+00:00,95469.6,95535.6,95193.9,95473.6,2459.692
2026-01-16 23:00:00+00:00,95473.5,95536.2,95380.0,95503.7,1658.567
2026-01-17 00:00:00+00:00,95503.8,95536.9,95380.4,95416.9,1461.818
2026-01-17 01:00:00+00:00,95416.8,95487.9,95332.8,95344.2,1152.073
2026-01-17 02:00:00+00:00,95344.1,95372.8,95136.2,95318.9,1944.361
2026-01-17 03:00:00+00:00,95318.8,95344.2,95214.9,95324.0,966.253
2026-01-17 04:00:00+00:00,95324.1,95326.1,95209.2,95267.4,1056.407
2026-01-17 05:00:00+00:00,95267.4,95346.1,95230.0,95270.5,923.139
2026-01-17 06:00:00+00:00,95270.4,95302.9,95133.0,95191.0,897.97
2026-01-17 07:00:00+00:00,95190.9,95190.9,94999.9,95061.1,1889.26
2026-01-17 08:00:00+00:00,95061.1,95220.0,94977.5,95213.6,1081.335
2026-01-17 09:00:00+00:00,95213.6,95260.0,95124.4,95219.5,760.456
2026-01-17 10:00:00+00:00,95219.5,95236.2,95075.6,95076.6,679.398
2026-01-17 11:00:00+00:00,95076.7,95287.1,95036.0,95283.9,1510.973
2026-01-17 12:00:00+00:00,95283.8,95386.0,95189.1,95212.7,1490.972
2026-01-17 13:00:00+00:00,95212.7,95399.7,95152.1,95399.7,1784.384
2026-01-17 14:00:00+00:00,95399.6,95500.0,95311.5,95419.9,3469.41
2026-01-17 15:00:00+00:00,95419.9,95621.9,95378.1,95529.0,4446.261
2026-01-17 16:00:00+00:00,95529.0,95529.0,95165.5,95265.1,4560.522
2026-01-17 17:00:00+00:00,95265.0,95395.9,95247.0,95318.1,1453.225
2026-01-17 18:00:00+00:00,95318.1,95423.0,95294.0,95384.5,829.579
2026-01-17 19:00:00+00:00,95384.6,95384.6,95247.0,95258.3,949.525
2026-01-17 20:00:00+00:00,95258.3,95351.6,95247.0,95332.8,825.397
2026-01-17 21:00:00+00:00,95332.9,95373.2,95247.0,95272.7,823.74
2026-01-17 22:00:00+00:00,95272.7,95272.8,95000.0,95120.8,2851.591
2026-01-17 23:00:00+00:00,95120.8,95169.5,95066.1,95107.9,1161.184
2026-01-18 00:00:00+00:00,95107.9,95200.9,95022.8,95073.1,1387.138
2026-01-18 01:00:00+00:00,95073.2,95074.1,94819.5,94928.9,2785.41
2026-01-18 02:00:00+00:00,94928.8,95034.1,94826.1,94989.0,1316.882
2026-01-18 03:00:00+00:00,94989.1,95175.0,94981.2,95155.0,1110.939
2026-01-18 04:00:00+00:00,95155.0,95155.0,95035.1,95057.4,778.64
2026-01-18 05:00:00+00:00,95057.4,95236.5,95008.9,95154.5,1518.638
2026-01-18 06:00:00+00:00,95154.6,95177.5,95110.0,95142.1,1004.88
2026-01-18 07:00:00+00:00,95142.1,95152.2,94980.0,94989.9,1511.278
2026-01-18 08:00:00+00:00,94989.9,95165.5,94980.0,95150.0,1176.241
2026-01-18 09:00:00+00:00,95150.0,95252.4,95116.0,95233.3,1679.928
2026-01-18 10:00:00+00:00,95233.4,95257.4,95043.9,95139.9,1302.055
2026-01-18 11:00:00+00:00,95139.9,95145.9,95034.5,95133.4,989.204
2026-01-18 12:00:00+00:00,95133.3,95145.9,95044.0,95071.4,784.751
2026-01-18 13:00:00+00:00,95071.5,95168.4,94850.4,95104.9,6332.545
2026-01-18 14:00:00+00:00,95105.0,95326.4,94890.0,94917.8,3925.405
2026-01-18 15:00:00+00:00,94917.9,95076.5,94872.9,95067.8,1618.248
2026-01-18 16:00:00+00:00,95067.7,95159.9,95024.6,95123.6,1290.149
2026-01-18 17:00:00+00:00,95123.6,95244.0,95083.0,95231.2,1867.119
2026-01-18 18:00:00+00:00,95231.1,95481.8,95136.4,95396.2,2739.441
2026-01-18 19:00:00+00:00,95396.3,95485.9,95281.0,95335.6,1866.767
2026-01-18 20:00:00+00:00,95335.6,95403.2,95240.9,95259.3,921.239
2026-01-18 21:00:00+00:00,95259.4,95393.9,95240.3,95386.4,666.511
2026-01-18 22:00:00+00:00,95386.5,95490.0,95355.5,95442.9,979.58
2026-01-18 23:00:00+00:00,95442.9,95443.0,93550.3,93614.0,23027.405
2026-01-19 00:00:00+00:00,93614.0,93614.1,91800.0,92658.3,35377.427
2026-01-19 01:00:00+00:00,92658.2,92825.6,92173.7,92542.2,7897.945
2026-01-19 02:00:00+00:00,92542.3,92639.4,92333.4,92516.7,3549.342
2026-01-19 03:00:00+00:00,92516.8,92748.4,92450.0,92656.6,3165.549
2026-01-19 04:00:00+00:00,92656.7,92708.8,92459.0,92614.4,2911.552
2026-01-19 05:00:00+00:00,92614.3,92767.5,92454.5,92471.4,2744.981
2026-01-19 06:00:00+00:00,92471.4,92591.9,92344.5,92542.8,3368.971
2026-01-19 07:00:00+00:00,92542.9,92810.0,92510.0,92787.9,2326.214
2026-01-19 08:00:00+00:00,92787.8,93312.8,92635.0,93200.3,7108.298
2026-01-19 09:00:00+00:00,93200.2,93208.7,92888.0,93000.0,3202.781
2026-01-19 10:00:00+00:00,93000.0,93035.2,92836.9,93021.2,1588.74
2026-01-19 11:00:00+00:00,93021.2,93267.5,92916.9,93136.7,1900.596
2026-01-19 12:00:00+00:00,93136.8,93188.0,92960.0,93025.9,2072.622
2026-01-19 13:00:00+00:00,93025.9,93117.1,92741.3,92993.0,3004.783
2026-01-19 14:00:00+00:00,92992.9,93000.0,92660.0,92779.7,3271.953
2026-01-19 15:00:00+00:00,92779.8,93051.9,92776.4,93013.5,2792.738
2026-01-19 16:00:00+00:00,93013.4,93379.0,92947.4,93264.9,3360.617
2026-01-19 17:00:00+00:00,93265.0,93351.9,93097.3,93195.1,2407.584
2026-01-19 18:00:00+00:00,93195.1,93226.6,92888.0,93022.9,1876.046
2026-01-19 19:00:00+00:00,93023.0,93116.6,92948.1,93066.2,925.146
2026-01-19 20:00:00+00:00,93066.2,93241.8,93055.4,93107.4,1077.879
2026-01-19 21:00:00+00:00,93107.5,93312.1,92961.4,92968.5,1493.748
2026-01-19 22:00:00+00:00,92968.5,93033.9,92514.3,92528.1,3609.717
2026-01-19 23:00:00+00:00,92528.0,92720.3,92116.0,92589.6,7201.827
2026-01-20 00:00:00+00:00,92589.6,92845.0,92320.2,92676.1,3623.328
2026-01-20 01:00:00+00:00,92676.1,92840.0,92479.1,92688.7,2519.092
2026-01-20 02:00:00+00:00,92688.8,92693.4,92330.0,92518.9,4024.819
2026-01-20 03:00:00+00:00,92519.0,92646.2,92200.0,92397.0,3686.074
2026-01-20 04:00:00+00:00,92396.9,92440.1,91900.0,92026.2,3690.998
2026-01-20 05:00:00+00:00,92026.3,92042.1,91235.5,91590.1,15641.676
2026-01-20 06:00:00+00:00,91590.1,91603.8,90723.3,90894.5,14679.596
2026-01-20 07:00:00+00:00,90894.5,91268.8,90819.5,91136.1,6088.814
2026-01-20 08:00:00+00:00,91136.1,91222.0,90622.2,91078.9,8356.049
2026-01-20 09:00:00+00:00,91078.9,91078.9,90860.8,91002.9,2830.661
2026-01-20 10:00:00+00:00,91003.0,91252.9,90959.9,91217.7,2880.554
2026-01-20 11:00:00+00:00,91217.6,91415.1,91167.8,91185.8,3574.825
2026-01-20 12:00:00+00:00,91185.8,91293.7,91017.7,91240.0,3218.34
2026-01-20 13:00:00+00:00,91240.0,91250.0,90735.0,90918.9,6177.949
2026-01-20 14:00:00+00:00,90919.0,91344.8,90228.0,90496.7,20171.764
2026-01-20 15:00:00+00:00,90496.6,90769.4,89819.0,90644.2,19966.137
2026-01-20 16:00:00+00:00,90644.3,90944.5,89982.9,90131.9,9334.605
2026-01-20 17:00:00+00:00,90131.8,90472.2,89388.8,89739.6,12662.226
2026-01-20 18:00:00+00:00,89739.6,89924.8,89350.0,89471.6,7080.564
2026-01-20 19:00:00+00:00,89471.5,89775.4,89250.2,89694.1,5653.127
2026-01-20 20:00:00+00:00,89694.1,89824.0,89360.9,89701.0,5392.556
2026-01-20 21:00:00+00:00,89700.8,89800.0,89390.5,89445.6,2302.655
2026-01-20 22:00:00+00:00,89445.6,89617.8,87787.2,88469.0,14923.895
2026-01-20 23:00:00+00:00,88468.9,88489.2,87850.0,88390.6,9595.896
2026-01-21 00:00:00+00:00,88390.7,88944.0,88218.2,88895.5,6231.426
2026-01-21 01:00:00+00:00,88895.5,89128.8,88794.6,88985.2,4485.378
2026-01-21 02:00:00+00:00,88985.3,89318.0,88941.4,89015.1,3825.835
2026-01-21 03:00:00+00:00,89015.0,89568.5,89000.1,89396.0,4355.679
2026-01-21 04:00:00+00:00,89395.9,89621.7,89303.5,89400.4,2776.154
2026-01-21 05:00:00+00:00,89400.4,90088.0,89384.0,89919.9,6517.487
2026-01-21 06:00:00+00:00,89919.9,89920.0,89450.0,89618.4,4056.042
2026-01-21 07:00:00+00:00,89618.4,89733.1,89045.0,89171.3,5965.978
2026-01-21 08:00:00+00:00,89171.3,89350.0,88922.9,89160.4,4261.807
2026-01-21 09:00:00+00:00,89160.4,89449.0,89027.4,89068.5,2919.413
2026-01-21 10:00:00+00:00,89068.5,89356.5,89019.6,89201.0,1852.117
2026-01-21 11:00:00+00:00,89200.8,89350.3,88614.1,88757.1,4473.135
2026-01-21 12:00:00+00:00,88757.0,88817.8,88109.7,88692.5,11854.078
2026-01-21 13:00:00+00:00,88692.5,88999.1,88514.5,88631.2,6611.226
2026-01-21 14:00:00+00:00,88631.1,89966.0,88567.0,89755.7,20742.786
2026-01-21 15:00:00+00:00,89755.7,90599.5,89705.0,90237.1,15060.297
2026-01-21 16:00:00+00:00,90237.2,90323.8,87537.8,87562.3,26291.786
2026-01-21 17:00:00+00:00,87562.3,88132.2,87205.5,87897.0,17760.108
2026-01-21 18:00:00+00:00,87897.0,88633.0,87550.0,88441.1,8515.961
2026-01-21 19:00:00+00:00,88441.1,90427.6,88230.3,90321.9,23749.278
2026-01-21 20:00:00+00:00,90321.9,90342.5,89413.6,90170.8,11285.689
2026-01-21 21:00:00+00:00,90170.8,90312.4,89895.3,90203.8,4522.329
2026-01-21 22:00:00+00:00,90203.8,90349.0,89700.4,89728.5,3422.995
2026-01-21 23:00:00+00:00,89728.4,90191.9,89317.9,89411.4,6545.631
2026-01-22 00:00:00+00:00,89411.4,90000.0,89411.3,89869.6,3726.56
2026-01-22 01:00:00+00:00,89869.7,90164.3,89770.3,90071.1,3079.979
2026-01-22 02:00:00+00:00,90071.1,90327.7,89805.6,89901.8,3836.416
2026-01-22 03:00:00+00:00,89901.9,90128.0,89660.3,89857.0,2874.289
2026-01-22 04:00:00+00:00,89856.9,90045.7,89785.0,89958.3,1999.14
2026-01-22 05:00:00+00:00,89958.2,90041.3,89879.7,89981.8,1367.997
2026-01-22 06:00:00+00:00,89981.8,90170.1,89850.0,90122.9,2507.333
2026-01-22 07:00:00+00:00,90122.9,90153.2,89750.0,89772.6,2621.196
2026-01-22 08:00:00+00:00,89772.6,89927.8,89701.9,89878.6,2069.639
2026-01-22 09:00:00+00:00,89878.5,90085.2,89844.7,89995.0,1961.029
2026-01-22 10:00:00+00:00,89994.9,90074.4,89900.0,90046.6,2525.907
2026-01-22 11:00:00+00:00,90046.6,90123.0,89865.0,89909.6,2683.102
2026-01-22 12:00:00+00:00,89909.7,90064.9,89843.7,89985.8,2563.958
2026-01-22 13:00:00+00:00,89985.7,90309.5,89446.0,89570.0,8863.281
2026-01-22 14:00:00+00:00,89570.0,89714.5,89012.7,89055.0,13277.294
2026-01-22 15:00:00+00:00,89055.1,89415.0,88465.6,88953.6,17350.423
2026-01-22 16:00:00+00:00,88953.7,89231.1,88630.2,89006.9,8830.239
2026-01-22 17:00:00+00:00,89006.9,89576.5,88971.5,89500.0,5271.379
2026-01-22 18:00:00+00:00,89500.0,89756.0,89255.9,89295.5,4234.331
2026-01-22 19:00:00+00:00,89295.4,89882.1,89065.0,89732.9,4586.705
2026-01-22 20:00:00+00:00,89732.8,89908.5,89355.0,89370.7,3337.227
2026-01-22 21:00:00+00:00,89370.8,89634.7,89200.0,89222.1,2212.995
2026-01-22 22:00:00+00:00,89222.2,89535.1,89095.5,89304.7,2468.244
2026-01-22 23:00:00+00:00,89304.7,89554.2,89124.8,89518.5,1665.558
2026-01-23 00:00:00+00:00,89518.4,89600.0,89400.0,89484.6,1361.341
2026-01-23 01:00:00+00:00,89484.6,89900.0,89484.6,89893.7,1996.298
2026-01-23 02:00:00+00:00,89893.7,89948.9,89605.0,89611.2,2122.123
2026-01-23 03:00:00+00:00,89611.3,89887.3,89590.5,89886.1,1623.548
2026-01-23 04:00:00+00:00,89886.2,90050.0,89835.4,89922.5,2299.759
2026-01-23 05:00:00+00:00,89922.6,89928.3,89434.4,89573.8,3218.153
2026-01-23 06:00:00+00:00,89573.8,89771.1,89358.0,89474.9,2690.887
2026-01-23 07:00:00+00:00,89475.0,89653.5,89400.1,89497.2,2141.85
2026-01-23 08:00:00+00:00,89497.3,89590.9,89099.0,89185.1,4183.235
2026-01-23 09:00:00+00:00,89185.1,89350.0,88850.0,88939.9,4597.852
2026-01-23 10:00:00+00:00,88940.0,89120.3,88823.3,89016.6,2779.493
2026-01-23 11:00:00+00:00,89016.6,89319.0,88966.7,89171.2,2478.532
2026-01-23 12:00:00+00:00,89171.3,89342.0,89056.6,89220.0,1669.851
2026-01-23 13:00:00+00:00,89220.0,89411.2,89189.8,89310.6,2248.059
2026-01-23 14:00:00+00:00,89310.5,89691.7,88590.6,88976.0,12479.133
2026-01-23 15:00:00+00:00,88976.0,89847.2,88530.0,89711.2,10759.767
2026-01-23 16:00:00+00:00,89711.2,90455.0,89438.0,90079.0,14426.968
2026-01-23 17:00:00+00:00,90079.1,91195.0,89931.2,90576.0,16885.696
2026-01-23 18:00:00+00:00,90576.0,91003.5,90411.8,90486.3,7655.413
2026-01-23 19:00:00+00:00,90486.3,90499.5,89550.0,89938.3,14361.661
2026-01-23 20:00:00+00:00,89938.3,90124.1,89163.6,89456.4,6882.035
2026-01-23 21:00:00+00:00,89456.5,89667.5,89268.0,89301.2,2761.985
2026-01-23 22:00:00+00:00,89301.2,89719.1,89289.0,89585.3,2062.369
2026-01-23 23:00:00+00:00,89585.4,89595.7,89427.5,89558.7,1139.842
2026-01-24 00:00:00+00:00,89558.7,89591.0,89383.5,89414.2,1266.587
2026-01-24 01:00:00+00:00,89414.2,89553.6,89410.6,89512.8,1019.166
2026-01-24 02:00:00+00:00,89512.8,89680.0,89512.8,89666.2,1224.614
2026-01-24 03:00:00+00:00,89666.3,89893.9,89631.6,89738.4,2388.182
2026-01-24 04:00:00+00:00,89738.4,89820.1,89673.4,89806.7,954.269
2026-01-24 05:00:00+00:00,89806.8,89817.4,89715.5,89744.5,866.942
2026-01-24 06:00:00+00:00,89744.5,89747.1,89610.5,89612.4,1073.904
2026-01-24 07:00:00+00:00,89612.4,89667.6,89530.6,89581.2,1109.13
2026-01-24 08:00:00+00:00,89581.3,89659.2,89549.2,89635.2,903.97
2026-01-24 09:00:00+00:00,89635.3,89635.3,89554.2,89567.4,957.084
2026-01-24 10:00:00+00:00,89567.5,89631.9,89539.5,89590.1,616.407
2026-01-24 11:00:00+00:00,89590.2,89641.3,89548.5,89548.5,782.372
2026-01-24 12:00:00+00:00,89548.5,89554.9,89444.5,89497.6,1200.138
2026-01-24 13:00:00+00:00,89497.6,89500.0,89315.6,89321.7,1226.539
2026-01-24 14:00:00+00:00,89321.7,89471.7,89131.2,89407.7,4111.063
2026-01-24 15:00:00+00:00,89407.7,89456.7,89215.2,89235.0,1725.299
2026-01-24 16:00:00+00:00,89234.9,89332.1,89116.9,89248.6,2719.881
2026-01-24 17:00:00+00:00,89248.6,89371.6,89216.4,89369.6,1944.082
2026-01-24 18:00:00+00:00,89369.6,89425.2,89340.3,89351.6,929.192
2026-01-24 19:00:00+00:00,89351.7,89351.7,89230.2,89286.0,747.954
2026-01-24 20:00:00+00:00,89286.1,89365.6,89286.0,89333.7,358.475
2026-01-24 21:00:00+00:00,89333.7,89340.6,89219.6,89340.6,784.086
2026-01-24 22:00:00+00:00,89340.6,89444.4,89257.0,89390.0,634.984
2026-01-24 23:00:00+00:00,89390.0,89436.7,89155.0,89180.7,1191.617
2026-01-25 00:00:00+00:00,89180.7,89275.7,89138.9,89275.7,862.558
2026-01-25 01:00:00+00:00,89275.7,89281.6,89025.3,89139.7,1263.156
2026-01-25 02:00:00+00:00,89139.6,89226.8,89100.0,89105.0,700.725
2026-01-25 03:00:00+00:00,89105.1,89147.0,88800.0,88920.0,3010.767
2026-01-25 04:00:00+00:00,88920.0,89057.8,88905.6,88977.4,1348.846
2026-01-25 05:00:00+00:00,88977.4,89015.1,88835.6,88966.1,985.892
2026-01-25 06:00:00+00:00,88966.1,88966.1,88609.0,88810.0,3301.22
2026-01-25 07:00:00+00:00,88810.1,88810.1,88600.0,88630.3,1305.965
2026-01-25 08:00:00+00:00,88630.3,88727.2,88084.0,88254.8,5833.174
2026-01-25 09:00:00+00:00,88254.9,88453.3,88193.5,88361.6,2494.635
2026-01-25 10:00:00+00:00,88361.5,88642.7,88361.5,88616.0,2421.386
2026-01-25 11:00:00+00:00,88616.0,88673.9,88489.1,88531.0,1422.1
2026-01-25 12:00:00+00:00,88530.9,88760.1,88400.0,88752.0,3886.5
2026-01-25 13:00:00+00:00,88752.0,88947.1,88610.0,88875.1,3203.924
2026-01-25 14:00:00+00:00,88875.1,88898.9,88580.0,88666.1,3276.386
2026-01-25 15:00:00+00:00,88666.1,88728.7,88306.6,88406.0,2510.944
2026-01-25 16:00:00+00:00,88406.0,88410.0,87511.6,88049.9,16195.391
2026-01-25 17:00:00+00:00,88049.9,88072.6,87717.5,87845.7,3913.781
2026-01-25 18:00:00+00:00,87845.7,87950.1,86777.0,87370.1,15430.483
2026-01-25 19:00:00+00:00,87370.2,87469.2,86100.0,86459.4,20369.715
2026-01-25 20:00:00+00:00,86459.4,86680.0,86159.1,86618.3,7101.977
2026-01-25 21:00:00+00:00,86618.4,86966.4,86342.9,86525.1,8031.747
2026-01-25 22:00:00+00:00,86525.0,86704.9,86139.4,86489.1,5719.173
2026-01-25 23:00:00+00:00,86489.0,86760.8,86021.7,86628.9,10288.918
2026-01-26 00:00:00+00:00,86628.9,87150.8,86463.2,86808.4,6887.499
2026-01-26 01:00:00+00:00,86808.5,87791.5,86772.9,87661.8,11547.453
2026-01-26 02:00:00+00:00,87661.7,87922.0,87399.9,87514.8,5281.265
2026-01-26 03:00:00+00:00,87514.7,87643.6,87028.5,87233.1,4924.086
2026-01-26 04:00:00+00:00,87233.1,87908.4,87188.3,87700.0,4590.318
2026-01-26 05:00:00+00:00,87699.9,87919.0,87617.1,87776.4,2371.238
2026-01-26 06:00:00+00:00,87776.5,87999.0,87705.8,87902.6,3406.991
2026-01-26 07:00:00+00:00,87902.7,88059.6,87665.6,87968.9,3264.203
2026-01-26 08:00:00+00:00,87969.0,88367.5,87800.0,87947.3,4772.992
2026-01-26 09:00:00+00:00,87947.4,87968.4,87556.9,87630.4,4759.726
2026-01-26 10:00:00+00:00,87630.4,87920.0,87620.0,87858.1,1643.547
2026-01-26 11:00:00+00:00,87858.0,87943.8,87721.2,87810.0,1787.585
2026-01-26 12:00:00+00:00,87810.1,87934.7,87693.6,87762.1,1873.914
2026-01-26 13:00:00+00:00,87762.1,88010.3,87651.4,87917.9,2880.669
2026-01-26 14:00:00+00:00,87917.8,88500.0,87411.2,88137.0,12495.646
2026-01-26 15:00:00+00:00,88137.0,88834.1,87278.5,87609.5,20669.553
2026-01-26 16:00:00+00:00,87609.4,87925.5,87159.6,87579.4,8788.298
2026-01-26 17:00:00+00:00,87579.5,87756.7,86960.0,87657.5,7729.439
2026-01-26 18:00:00+00:00,87657.4,88375.0,87611.1,88361.9,7285.645
2026-01-26 19:00:00+00:00,88362.0,88496.4,87904.4,87965.6,4836.13
2026-01-26 20:00:00+00:00,87965.5,88088.0,87506.8,87595.3,3215.252
2026-01-26 21:00:00+00:00,87595.3,88199.0,87533.3,88016.5,3751.624
2026-01-26 22:00:00+00:00,88016.4,88239.0,87953.9,88095.0,1777.578
2026-01-26 23:00:00+00:00,88094.9,88637.4,87976.5,88300.6,4068.84
2026-01-27 00:00:00+00:00,88300.6,88431.4,88157.4,88319.4,3004.293
2026-01-27 01:00:00+00:00,88319.4,88699.9,88162.9,88523.6,3359.247
2026-01-27 02:00:00+00:00,88523.6,88823.1,88503.3,88785.8,3841.323
2026-01-27 03:00:00+00:00,88785.7,88880.6,88535.0,88744.6,2566.509
2026-01-27 04:00:00+00:00,88744.7,88983.3,88463.4,88532.7,3549.805
2026-01-27 05:00:00+00:00,88532.6,88548.1,88350.3,88424.0,1983.452
2026-01-27 06:00:00+00:00,88424.0,88493.4,88239.9,88295.4,1667.16
2026-01-27 07:00:00+00:00,88295.3,88519.5,88278.1,88287.9,1660.951
2026-01-27 08:00:00+00:00,88288.0,88365.6,88084.0,88137.5,2454.989
2026-01-27 09:00:00+00:00,88137.6,88137.6,87825.0,87852.6,3579.927
2026-01-27 10:00:00+00:00,87852.6,88023.1,87722.0,87754.3,2712.961
2026-01-27 11:00:00+00:00,87754.3,88065.9,87707.1,87947.5,2212.577
2026-01-27 12:00:00+00:00,87947.4,88126.3,87911.9,87952.2,2166.889
2026-01-27 13:00:00+00:00,87952.1,88042.6,87755.0,87945.2,2283.074
2026-01-27 14:00:00+00:00,87945.2,88418.8,87622.0,87712.1,8884.593
2026-01-27 15:00:00+00:00,87712.2,88167.1,87530.0,88000.1,8383.355
2026-01-27 16:00:00+00:00,88000.1,88836.3,87962.6,88604.9,12083.571
2026-01-27 17:00:00+00:00,88604.9,88660.9,87265.4,87510.4,14595.8
2026-01-27 18:00:00+00:00,87510.3,88488.8,87413.7,88249.6,7630.9
2026-01-27 19:00:00+00:00,88249.6,88521.5,88006.4,88378.1,4031.412
2026-01-27 20:00:00+00:00,88378.1,89469.3,88335.6,89360.1,12269.547
2026-01-27 21:00:00+00:00,89360.0,89499.0,88947.3,89039.5,6362.17
2026-01-27 22:00:00+00:00,89039.6,89394.9,88966.2,89203.1,2997.299
2026-01-27 23:00:00+00:00,89203.1,89491.8,89100.0,89197.8,3644.31
2026-01-28 00:00:00+00:00,89197.8,89429.4,89102.2,89429.2,2651.255
2026-01-28 01:00:00+00:00,89429.2,89454.6,89153.1,89360.0,2454.437
2026-01-28 02:00:00+00:00,89360.1,89410.0,89059.8,89245.1,2125.76
2026-01-28 03:00:00+00:00,89245.1,89273.8,88932.6,89079.8,2794.741
2026-01-28 04:00:00+00:00,89079.8,89128.0,88800.1,88944.0,2852.229
2026-01-28 05:00:00+00:00,88944.0,89071.0,88786.0,89051.1,2668.053
2026-01-28 06:00:00+00:00,89051.1,89366.0,89051.1,89287.9,2502.018
2026-01-28 07:00:00+00:00,89288.2,89318.6,89072.1,89106.8,1688.507
2026-01-28 08:00:00+00:00,89106.8,89241.0,88851.0,88901.1,2557.055
2026-01-28 09:00:00+00:00,88901.1,89554.6,88831.9,89542.6,4130.724
2026-01-28 10:00:00+00:00,89542.6,89682.5,89284.0,89368.4,4506.739
2026-01-28 11:00:00+00:00,89368.4,90122.0,89282.9,90036.9,8109.386
2026-01-28 12:00:00+00:00,90036.9,90138.9,89739.6,89955.0,6887.846
2026-01-28 13:00:00+00:00,89954.9,90444.4,89909.0,90220.1,8847.883
2026-01-28 14:00:00+00:00,90220.1,90221.3,89401.6,89578.1,9833.85
2026-01-28 15:00:00+00:00,89578.1,89820.3,88852.2,89444.4,12487.124
2026-01-28 16:00:00+00:00,89444.5,89790.6,89207.3,89588.8,5010.794
2026-01-28 17:00:00+00:00,89588.8,90592.7,89238.8,90142.9,10265.098
2026-01-28 18:00:00+00:00,90142.9,90149.2,89216.4,89501.0,9427.667
2026-01-28 19:00:00+00:00,89500.9,89693.9,88974.0,89363.6,8288.575
2026-01-28 20:00:00+00:00,89363.5,89880.1,88964.7,89099.9,6160.812
2026-01-28 21:00:00+00:00,89100.0,89449.1,88829.0,89369.3,4380.538
2026-01-28 22:00:00+00:00,89369.4,89437.6,89093.2,89347.1,1579.074
2026-01-28 23:00:00+00:00,89347.1,89433.3,89159.2,89261.7,1674.694
2026-01-29 00:00:00+00:00,89261.7,89316.8,88861.5,89112.0,3108.887
2026-01-29 01:00:00+00:00,89112.0,89130.0,88508.7,88561.7,4920.263
2026-01-29 02:00:00+00:00,88561.7,88721.9,87650.1,87857.9,11765.008
2026-01-29 03:00:00+00:00,87857.9,88226.7,87723.2,88003.2,6379.798
2026-01-29 04:00:00+00:00,88003.2,88308.8,87863.0,88269.9,3327.162
2026-01-29 05:00:00+00:00,88270.0,88378.0,88106.0,88149.3,2224.415
2026-01-29 06:00:00+00:00,88149.3,88300.0,88133.0,88281.1,1411.193
2026-01-29 07:00:00+00:00,88281.2,88394.2,88211.0,88310.9,2458.524
2026-01-29 08:00:00+00:00,88310.9,88461.2,87866.2,88028.1,7192.003
2026-01-29 09:00:00+00:00,88028.0,88120.2,87850.0,87851.1,2428.841
2026-01-29 10:00:00+00:00,87851.0,87989.0,87773.1,87920.1,2735.236
2026-01-29 11:00:00+00:00,87920.0,88027.9,87711.0,87795.2,3652.67
2026-01-29 12:00:00+00:00,87795.1,88084.9,87775.1,88073.8,3141.521
2026-01-29 13:00:00+00:00,88073.9,88133.2,87907.6,88008.8,2252.287
2026-01-29 14:00:00+00:00,88008.8,88035.5,86946.1,86978.7,12217.287
2026-01-29 15:00:00+00:00,86978.8,87013.7,84335.4,84898.0,56858.42
2026-01-29 16:00:00+00:00,84897.9,85367.2,84222.0,85230.3,24435.811
2026-01-29 17:00:00+00:00,85230.3,85596.1,83939.0,84225.0,25799.327
2026-01-29 18:00:00+00:00,84225.0,84595.3,83355.0,83440.9,20038.261
2026-01-29 19:00:00+00:00,83440.8,84305.2,83338.3,83979.4,12852.154
2026-01-29 20:00:00+00:00,83979.5,84376.2,83785.6,84186.3,6528.744
2026-01-29 21:00:00+00:00,84186.4,84623.1,84169.3,84491.0,4833.212
2026-01-29 22:00:00+00:00,84491.1,84580.0,84271.3,84529.6,2994.048
2026-01-29 23:00:00+00:00,84529.5,84699.9,84400.0,84604.7,3206.519
2026-01-30 00:00:00+00:00,84604.7,84697.2,84100.0,84157.4,5599.959
2026-01-30 01:00:00+00:00,84157.4,84157.5,81000.0,82434.7,40393.43
2026-01-30 02:00:00+00:00,82434.7,82514.4,81116.0,82128.1,21600.173
2026-01-30 03:00:00+00:00,82128.0,82709.5,81995.6,82640.9,8808.677
2026-01-30 04:00:00+00:00,82640.9,83299.9,82640.4,82906.6,8319.547
2026-01-30 05:00:00+00:00,82906.5,83300.0,82859.4,82873.5,4641.651
2026-01-30 06:00:00+00:00,82873.5,82882.3,82021.1,82560.8,11070.916
2026-01-30 07:00:00+00:00,82560.8,83074.4,82431.6,82770.1,9673.815
2026-01-30 08:00:00+00:00,82770.1,82939.7,82399.0,82625.3,5977.259
2026-01-30 09:00:00+00:00,82625.3,82793.5,82108.4,82320.5,7319.609
2026-01-30 10:00:00+00:00,82320.5,82859.0,82115.1,82793.2,5299.28
2026-01-30 11:00:00+00:00,82793.2,83280.6,82626.9,83104.8,5863.711
2026-01-30 12:00:00+00:00,83104.7,83296.9,82603.2,82752.8,5940.313
2026-01-30 13:00:00+00:00,82752.8,83062.0,82372.1,82704.9,6220.079
2026-01-30 14:00:00+00:00,82704.8,83779.2,82693.9,83061.4,15401.739
2026-01-30 15:00:00+00:00,83061.5,83577.0,82328.6,82850.2,14499.069
2026-01-30 16:00:00+00:00,82850.1,83472.8,82504.3,83115.2,9591.399
2026-01-30 17:00:00+00:00,83115.1,83450.5,82600.0,82908.0,9960.256
2026-01-30 18:00:00+00:00,82908.0,84159.4,81832.0,83897.3,20774.878
2026-01-30 19:00:00+00:00,83897.3,84599.0,83875.7,84200.0,12665.495
2026-01-30 20:00:00+00:00,84199.9,84275.5,83501.0,83890.3,14202.969
2026-01-30 21:00:00+00:00,83890.3,84487.7,83759.0,84240.3,5962.139
2026-01-30 22:00:00+00:00,84240.3,84291.5,83875.7,84191.1,2425.282
2026-01-30 23:00:00+00:00,84191.1,84261.7,83897.0,84211.4,2582.871
2026-01-31 00:00:00+00:00,84211.4,84239.5,83964.9,84028.1,2987.293
2026-01-31 01:00:00+00:00,84028.1,84227.1,83861.8,83965.9,2211.45
2026-01-31 02:00:00+00:00,83966.0,84150.0,83775.5,84085.6,2931.571
2026-01-31 03:00:00+00:00,84085.5,84190.0,83987.5,83987.5,1210.737
2026-01-31 04:00:00+00:00,83987.5,84110.0,83899.9,83960.4,1319.613
2026-01-31 05:00:00+00:00,83960.3,84056.9,83861.7,83961.8,1527.127
2026-01-31 06:00:00+00:00,83961.8,84012.6,83600.0,83739.1,3018.209
2026-01-31 07:00:00+00:00,83739.1,83759.9,83368.0,83514.4,4163.495
2026-01-31 08:00:00+00:00,83514.3,83598.0,82530.2,83031.1,14040.139
2026-01-31 09:00:00+00:00,83031.1,83265.0,82850.0,83075.3,4170.507
2026-01-31 10:00:00+00:00,83075.3,83160.0,82880.0,83120.9,2697.263
2026-01-31 11:00:00+00:00,83121.0,83121.0,82802.3,82983.2,2314.012
2026-01-31 12:00:00+00:00,82983.2,83115.3,82677.4,82735.6,3716.203
2026-01-31 13:00:00+00:00,82735.6,82888.0,82449.0,82733.0,5005.762
2026-01-31 14:00:00+00:00,82733.0,82898.7,80754.3,81452.5,31512.984
2026-01-31 15:00:00+00:00,81452.5,81760.0,81039.7,81268.6,11498.411
2026-01-31 16:00:00+00:00,81268.6,82200.0,80050.0,80320.9,33473.68
2026-01-31 17:00:00+00:00,80321.0,80506.9,78010.1,78857.1,43053.206
2026-01-31 18:00:00+00:00,78857.0,79100.0,75500.0,77996.8,46661.12
2026-01-31 19:00:00+00:00,77996.8,78527.1,77144.1,77707.9,17023.471
2026-01-31 20:00:00+00:00,77707.9,78106.0,77037.8,77956.7,10475.267
2026-01-31 21:00:00+00:00,77956.6,78330.8,77323.1,78252.4,10511.991
2026-01-31 22:00:00+00:00,78252.5,78443.1,77931.8,78114.5,5485.21
2026-01-31 23:00:00+00:00,78114.4,79200.0,78023.9,78706.8,10539.79
2026-02-01 00:00:00+00:00,78706.7,79396.8,78600.2,78861.2,7371.698
2026-02-01 01:00:00+00:00,78861.3,78906.3,78245.7,78504.8,5561.053
2026-02-01 02:00:00+00:00,78504.8,79024.0,78339.6,78856.4,3765.023
2026-02-01 03:00:00+00:00,78856.4,78971.5,78630.3,78826.3,2548.202
2026-02-01 04:00:00+00:00,78826.3,79094.9,78680.4,78938.1,2562.343
2026-02-01 05:00:00+00:00,78938.3,78970.1,78483.0,78583.9,4560.628
2026-02-01 06:00:00+00:00,78583.9,78791.6,78221.0,78262.9,5182.439
2026-02-01 07:00:00+00:00,78263.0,78687.2,77899.9,78320.8,6355.807
2026-02-01 08:00:00+00:00,78320.8,78833.0,78213.6,78571.3,4064.486
2026-02-01 09:00:00+00:00,78571.4,79107.4,78511.0,78997.0,2823.102
2026-02-01 10:00:00+00:00,78996.9,79194.0,78099.8,78239.9,8117.405
2026-02-01 11:00:00+00:00,78240.0,78838.5,78240.0,78712.1,3577.657
2026-02-01 12:00:00+00:00,78712.1,78724.8,78199.9,78420.6,4017.205
2026-02-01 13:00:00+00:00,78420.6,78732.0,78149.3,78280.7,3870.328
2026-02-01 14:00:00+00:00,78280.8,78500.0,77206.3,78179.4,20060.992
2026-02-01 15:00:00+00:00,78179.4,78220.4,76752.5,77563.8,18004.49
2026-02-01 16:00:00+00:00,77563.8,77813.7,77056.7,77459.2,10025.064
2026-02-01 17:00:00+00:00,77459.2,77721.5,77259.5,77711.0,5371.051
2026-02-01 18:00:00+00:00,77711.1,78421.6,77689.1,77995.9,8662.712
2026-02-01 19:00:00+00:00,77995.9,78073.9,76950.9,77142.4,5806.057
2026-02-01 20:00:00+00:00,77142.4,77708.2,76543.7,77073.5,10019.653
2026-02-01 21:00:00+00:00,77073.6,77140.2,76307.4,76489.0,10731.037
2026-02-01 22:00:00+00:00,76489.0,77753.6,76406.4,77211.4,9478.224
2026-02-01 23:00:00+00:00,77211.4,77586.9,75644.0,76931.5,24447.424
2026-02-02 00:00:00+00:00,76931.6,78111.0,76560.8,77638.6,11712.592
2026-02-02 01:00:00+00:00,77638.5,77915.0,76568.8,77482.2,10329.369
2026-02-02 02:00:00+00:00,77482.1,77529.3,76403.5,76447.2,8411.995
2026-02-02 03:00:00+00:00,76447.1,76538.7,74555.0,76256.2,39578.562
2026-02-02 04:00:00+00:00,76256.2,76579.4,75286.2,75856.3,13515.066
2026-02-02 05:00:00+00:00,75856.3,75958.9,74853.0,75449.6,13453.056
2026-02-02 06:00:00+00:00,75449.6,76800.0,74900.1,76511.3,19593.76
2026-02-02 07:00:00+00:00,76511.3,76930.0,76282.2,76612.6,9587.379
2026-02-02 08:00:00+00:00,76612.6,77157.8,76576.7,76831.2,7340.414
2026-02-02 09:00:00+00:00,76831.2,77776.7,76610.9,77666.0,11770.136
2026-02-02 10:00:00+00:00,77666.0,77815.8,77420.7,77463.3,6048.22
2026-02-02 11:00:00+00:00,77463.3,77937.7,77398.2,77716.1,5754.225
2026-02-02 12:00:00+00:00,77716.0,78400.0,77665.0,77947.5,8673.63
2026-02-02 13:00:00+00:00,77947.5,78452.5,77756.5,78172.1,7190.53
2026-02-02 14:00:00+00:00,78172.2,78835.5,77570.0,77797.6,21814.005
2026-02-02 15:00:00+00:00,77797.8,79311.0,77515.6,78800.6,21275.715
2026-02-02 16:00:00+00:00,78800.5,79248.0,78525.7,78588.8,10325.914
2026-02-02 17:00:00+00:00,78588.8,79166.2,78553.1,78936.8,6248.465
2026-02-02 18:00:00+00:00,78936.7,78936.7,78318.5,78523.9,6268.72
2026-02-02 19:00:00+00:00,78523.9,78652.3,78234.9,78299.2,4352.336
2026-02-02 20:00:00+00:00,78299.1,78634.0,77843.2,77976.7,7009.608
2026-02-02 21:00:00+00:00,77976.9,78520.0,77880.0,78489.0,3649.632
2026-02-02 22:00:00+00:00,78489.0,78818.2,78488.9,78758.2,2505.842
2026-02-02 23:00:00+00:00,78758.3,78935.9,78520.4,78692.5,3237.243
2026-02-03 00:00:00+00:00,78692.5,79070.4,78366.6,79031.1,4664.695
2026-02-03 01:00:00+00:00,79031.1,79163.0,78677.0,78980.0,3594.649
2026-02-03 02:00:00+00:00,78980.0,78980.1,77750.2,77774.8,7063.983
2026-02-03 03:00:00+00:00,77774.8,78874.9,77566.5,78710.7,9532.793
2026-02-03 04:00:00+00:00,78710.7,78967.9,78431.5,78767.4,5652.949
2026-02-03 05:00:00+00:00,78767.5,78775.7,78183.8,78202.9,3605.733
2026-02-03 06:00:00+00:00,78202.8,78635.0,77900.1,78557.3,6181.705
2026-02-03 07:00:00+00:00,78557.4,78898.9,78448.1,78749.9,4420.11
2026-02-03 08:00:00+00:00,78750.0,79049.0,78426.0,78708.7,4993.386
2026-02-03 09:00:00+00:00,78708.7,78803.6,77900.0,78351.5,10554.022
2026-02-03 10:00:00+00:00,78351.4,78520.0,78012.3,78077.2,3743.385
2026-02-03 11:00:00+00:00,78077.3,78315.9,77960.0,78040.1,3912.604
2026-02-03 12:00:00+00:00,78040.1,78377.8,77950.0,78289.8,4021.096
2026-02-03 13:00:00+00:00,78289.8,78425.8,78150.0,78260.4,4227.172
2026-02-03 14:00:00+00:00,78260.4,78397.5,77131.2,77164.5,18781.526
2026-02-03 15:00:00+00:00,77164.5,78184.0,77000.5,78094.1,24417.328
2026-02-03 16:00:00+00:00,78094.2,78101.5,76448.0,76458.2,24540.659
2026-02-03 17:00:00+00:00,76458.2,76500.0,74844.7,74882.4,28936.029
2026-02-03 18:00:00+00:00,74882.4,75267.8,73100.0,73111.7,44143.435
2026-02-03 19:00:00+00:00,73111.7,75221.4,72889.2,74893.8,40615.508
2026-02-03 20:00:00+00:00,74893.9,76690.0,74541.0,76431.9,24533.336
2026-02-03 21:00:00+00:00,76431.9,76920.7,76069.0,76199.9,9470.027
2026-02-03 22:00:00+00:00,76200.0,76269.6,75377.3,75672.5,9419.354
2026-02-03 23:00:00+00:00,75672.5,75969.3,75393.4,75732.4,6700.032
2026-02-04 00:00:00+00:00,75732.4,76229.1,75420.0,75871.0,6394.408
2026-02-04 01:00:00+00:00,75871.0,76786.1,75871.0,76392.0,7247.042
2026-02-04 02:00:00+00:00,76392.1,76571.9,75670.0,75926.8,5834.487
2026-02-04 03:00:00+00:00,75926.9,76952.5,75870.5,76661.1,5754.356
2026-02-04 04:00:00+00:00,76661.1,76809.4,76385.1,76448.0,2713.172
2026-02-04 05:00:00+00:00,76448.0,76497.2,76072.0,76255.0,3255.829
2026-02-04 06:00:00+00:00,76255.0,76761.0,76218.5,76616.9,3682.973
2026-02-04 07:00:00+00:00,76616.8,76626.4,76304.0,76478.9,3514.953
2026-02-04 08:00:00+00:00,76478.9,76557.8,76027.0,76541.3,5698.674
2026-02-04 09:00:00+00:00,76541.2,76568.0,75925.5,76081.9,5305.818
2026-02-04 10:00:00+00:00,76082.0,76308.9,76025.6,76266.8,3386.506
2026-02-04 11:00:00+00:00,76266.7,76266.8,75629.9,75987.6,9441.372
2026-02-04 12:00:00+00:00,75987.6,76245.5,75968.5,76160.0,5058.132
2026-02-04 13:00:00+00:00,76160.0,76163.6,74829.6,74838.4,12929.177
2026-02-04 14:00:00+00:00,74838.3,75764.4,74201.5,74328.9,25722.339
2026-02-04 15:00:00+00:00,74329.0,75299.0,73756.0,74107.0,34340.197
2026-02-04 16:00:00+00:00,74107.0,74211.8,73038.0,73609.1,30314.166
2026-02-04 17:00:00+00:00,73609.1,73825.7,72101.0,72544.2,35666.746
2026-02-04 18:00:00+00:00,72544.3,74097.6,72227.8,73398.4,30771.346
2026-02-04 19:00:00+00:00,73398.4,73987.4,73004.0,73895.3,13987.103
2026-02-04 20:00:00+00:00,73895.2,74141.1,73390.1,73488.9,7235.643
2026-02-04 21:00:00+00:00,73488.9,73632.0,72150.0,72772.8,10132.452
2026-02-04 22:00:00+00:00,72772.9,73675.3,71838.0,72511.1,15964.689
2026-02-04 23:00:00+00:00,72511.0,73500.0,72431.3,73137.4,8773.059
2026-02-05 00:00:00+00:00,73137.5,73300.0,72724.0,72838.9,6424.887
2026-02-05 01:00:00+00:00,72838.9,73316.3,71950.0,72389.2,14434.871
2026-02-05 02:00:00+00:00,72389.1,72832.5,71263.1,71429.1,24176.335
2026-02-05 03:00:00+00:00,71429.1,71850.0,71111.0,71198.9,16641.703
2026-02-05 04:00:00+00:00,71199.0,71420.3,70676.3,70873.2,23330.56
2026-02-05 05:00:00+00:00,70863.9,71122.0,70085.3,70694.9,21443.23
2026-02-05 06:00:00+00:00,70694.8,70955.0,70367.1,70911.4,11973.932
2026-02-05 07:00:00+00:00,70911.5,71600.0,70587.5,70716.1,13881.524
2026-02-05 08:00:00+00:00,70716.1,71511.0,70639.7,71020.9,9452.816
2026-02-05 09:00:00+00:00,71020.9,71944.4,71006.5,71531.7,11658.845
2026-02-05 10:00:00+00:00,71531.6,71693.3,70609.4,70820.3,9242.383
2026-02-05 11:00:00+00:00,70820.3,71020.0,69862.0,70279.0,24802.093
2026-02-05 12:00:00+00:00,70279.1,70566.6,69112.1,69532.9,35071.848
2026-02-05 13:00:00+00:00,69532.9,69798.6,69223.0,69656.3,12997.128
2026-02-05 14:00:00+00:00,69656.3,70848.6,69247.3,69365.5,30259.452
2026-02-05 15:00:00+00:00,69365.4,69569.6,66666.0,67451.9,90464.247
2026-02-05 16:00:00+00:00,67452.0,68667.4,66904.2,68262.7,36078.283
2026-02-05 17:00:00+00:00,68262.7,68348.6,66125.0,66153.9,42861.988
2026-02-05 18:00:00+00:00,66153.8,66519.2,65359.1,66312.1,37138.161
2026-02-05 19:00:00+00:00,66312.1,66615.3,65160.0,65237.4,22706.81
2026-02-05 20:00:00+00:00,65237.5,65678.1,62233.3,63750.9,77533.689
2026-02-05 21:00:00+00:00,63750.9,64759.2,62853.9,63188.8,45680.642
2026-02-05 22:00:00+00:00,63188.8,64591.1,62644.3,63878.7,25968.909
2026-02-05 23:00:00+00:00,63878.7,64866.0,62666.3,62868.1,25865.405
2026-02-06 00:00:00+00:00,62868.1,63812.5,59800.0,63460.4,94089.579
2026-02-06 01:00:00+00:00,63460.4,65741.4,63458.1,65666.0,39678.824
2026-02-06 02:00:00+00:00,65666.0,65969.5,64124.9,64955.6,28572.122
2026-02-06 03:00:00+00:00,64955.6,65126.9,63702.3,64138.1,14629.783
2026-02-06 04:00:00+00:00,64138.1,64974.8,63924.7,64865.1,9945.249
2026-02-06 05:00:00+00:00,64865.1,66783.0,64767.3,66365.3,19082.992
2026-02-06 06:00:00+00:00,66365.3,66753.7,64805.3,64947.6,23433.626
2026-02-06 07:00:00+00:00,64947.6,65509.6,64590.1,64811.2,17636.101
2026-02-06 08:00:00+00:00,64811.2,65168.9,64438.9,64850.1,13883.424
2026-02-06 09:00:00+00:00,64850.2,66119.2,64716.6,65757.9,15267.607
2026-02-06 10:00:00+00:00,65757.9,66198.7,65500.0,65929.4,11219.667
2026-02-06 11:00:00+00:00,65929.5,66773.4,65732.1,66586.1,13740.05
2026-02-06 12:00:00+00:00,66586.1,66588.0,66072.0,66522.6,9918.345
2026-02-06 13:00:00+00:00,66522.7,67661.8,66440.8,67274.9,24032.659
2026-02-06 14:00:00+00:00,67274.9,68588.0,66539.3,68149.1,39719.043
2026-02-06 15:00:00+00:00,68149.1,69157.9,67715.0,68577.5,32017.004
2026-02-06 16:00:00+00:00,68577.5,70188.8,68348.0,69896.0,35363.519
2026-02-06 17:00:00+00:00,69896.0,71451.6,69536.0,70707.3,33804.794
2026-02-06 18:00:00+00:00,70707.3,70772.1,69301.8,69728.7,26679.981
2026-02-06 19:00:00+00:00,69728.7,70927.8,69608.0,70675.5,12127.002
2026-02-06 20:00:00+00:00,70675.5,70954.7,69925.3,69939.0,13222.419
2026-02-06 21:00:00+00:00,69939.0,70454.8,69764.7,70308.7,6390.025
2026-02-06 22:00:00+00:00,70308.7,71550.0,70227.7,71321.1,12899.943
2026-02-06 23:00:00+00:00,71321.2,71714.4,70469.1,70544.5,11829.011
2026-02-07 00:00:00+00:00,70544.5,70569.4,69674.5,69917.1,14132.531
2026-02-07 01:00:00+00:00,69917.2,70665.1,69695.9,70431.1,7386.123
2026-02-07 02:00:00+00:00,70431.0,70589.1,70101.1,70319.0,4176.687
2026-02-07 03:00:00+00:00,70319.1,70899.5,70237.4,70887.1,6160.414
2026-02-07 04:00:00+00:00,70887.2,71690.0,70564.0,70728.7,12773.123
2026-02-07 05:00:00+00:00,70728.6,71150.0,69906.4,70124.6,11941.722
2026-02-07 06:00:00+00:00,70124.6,70274.5,68700.0,68733.6,19458.749
2026-02-07 07:00:00+00:00,68733.6,69050.0,67250.0,68050.5,44529.556
2026-02-07 08:00:00+00:00,68050.5,68797.8,67710.8,68458.5,16734.464
2026-02-07 09:00:00+00:00,68458.6,68732.0,67855.0,68107.4,9297.469
2026-02-07 10:00:00+00:00,68107.3,68288.0,67550.2,67954.8,7765.738
2026-02-07 11:00:00+00:00,67954.8,68132.1,67639.2,67935.1,6036.474
2026-02-07 12:00:00+00:00,67935.0,70000.0,67870.2,68988.7,30337.618
2026-02-07 13:00:00+00:00,68988.7,69333.0,68771.8,69062.8,7345.268
2026-02-07 14:00:00+00:00,69062.9,69154.9,68290.0,68615.9,8372.204
2026-02-07 15:00:00+00:00,68615.8,69776.9,68519.9,69122.1,13671.289
2026-02-07 16:00:00+00:00,69122.1,69887.7,68801.0,68924.3,18840.729
2026-02-07 17:00:00+00:00,68924.4,69399.2,68478.1,69154.3,7519.676
2026-02-07 18:00:00+00:00,69154.2,69672.6,68966.9,69475.0,4883.362
2026-02-07 19:00:00+00:00,69475.0,69555.2,69222.3,69341.4,2843.488
2026-02-07 20:00:00+00:00,69341.3,69688.2,69216.6,69596.5,2410.976
2026-02-07 21:00:00+00:00,69596.5,69669.7,69312.0,69466.3,2010.778
2026-02-07 22:00:00+00:00,69466.2,69673.6,69273.5,69368.2,1928.806
2026-02-07 23:00:00+00:00,69368.2,69436.8,68734.6,69254.2,6106.407
2026-02-08 00:00:00+00:00,69254.3,69399.4,68843.7,69100.2,4054.301
2026-02-08 01:00:00+00:00,69100.3,69478.2,69057.4,69341.5,3303.609
2026-02-08 02:00:00+00:00,69341.4,69666.0,69111.0,69335.7,4375.413
2026-02-08 03:00:00+00:00,69335.7,69418.2,69026.5,69064.7,3178.329
2026-02-08 04:00:00+00:00,69064.7,69348.8,68928.0,69303.4,2424.538
2026-02-08 05:00:00+00:00,69303.4,69397.1,69112.2,69190.7,2627.932
2026-02-08 06:00:00+00:00,69190.8,69391.1,69055.0,69321.8,2808.127
2026-02-08 07:00:00+00:00,69321.7,69693.0,69175.9,69665.0,4242.838
2026-02-08 08:00:00+00:00,69665.1,70790.0,69467.9,70624.5,16299.522
2026-02-08 09:00:00+00:00,70624.4,70671.5,70058.0,70066.8,6897.388
2026-02-08 10:00:00+00:00,70066.9,70422.2,69839.1,70231.1,10093.15
2026-02-08 11:00:00+00:00,70231.1,71199.9,70182.1,70954.0,10531.788
2026-02-08 12:00:00+00:00,70954.0,71281.3,70653.0,71203.4,7465.325
2026-02-08 13:00:00+00:00,71203.4,71479.7,70921.6,71472.6,7550.342
2026-02-08 14:00:00+00:00,71472.5,71524.9,71047.1,71218.3,5452.751
2026-02-08 15:00:00+00:00,71218.3,71433.2,70730.2,71152.6,7786.826
2026-02-08 16:00:00+00:00,71152.5,71225.5,70220.1,70388.7,9205.941
2026-02-08 17:00:00+00:00,70388.6,70840.9,70374.8,70754.5,5510.516
2026-02-08 18:00:00+00:00,70754.4,71376.3,70710.4,71103.1,5755.059
2026-02-08 19:00:00+00:00,71103.0,71480.0,71100.5,71381.0,2974.356
2026-02-08 20:00:00+00:00,71381.0,71381.3,70657.7,70801.5,4304.587
2026-02-08 21:00:00+00:00,70801.5,71103.8,70500.0,70665.4,3400.505
2026-02-08 22:00:00+00:00,70665.5,71076.4,70607.4,71036.2,2602.596
2026-02-08 23:00:00+00:00,71036.2,72300.0,69913.3,70288.1,29907.848
2026-02-09 00:00:00+00:00,70288.2,70738.5,70065.8,70454.1,7449.806
2026-02-09 01:00:00+00:00,70453.8,70892.8,70013.3,70328.0,7691.265
2026-02-09 02:00:00+00:00,70327.9,70979.8,70175.1,70593.0,5502.864
2026-02-09 03:00:00+00:00,70593.1,71434.9,70571.4,71269.9,7431.204
2026-02-09 04:00:00+00:00,71269.8,71320.0,70875.0,70967.0,4094.329
2026-02-09 05:00:00+00:00,70966.9,71079.0,70766.8,71014.2,3491.471
2026-02-09 06:00:00+00:00,71014.1,71014.2,70251.1,70622.4,6532.962
2026-02-09 07:00:00+00:00,70622.4,70868.1,70317.8,70393.5,5044.225
2026-02-09 08:00:00+00:00,70393.5,70583.3,69358.6,69832.2,13254.842
2026-02-09 09:00:00+00:00,69832.1,70081.9,69429.5,69588.0,7835.646
2026-02-09 10:00:00+00:00,69587.9,69698.9,68373.9,68694.0,19882.71
2026-02-09 11:00:00+00:00,68694.1,68997.6,68550.0,68899.9,8037.784
2026-02-09 12:00:00+00:00,68900.0,69220.0,68822.2,69109.7,8382.834
2026-02-09 13:00:00+00:00,69109.7,69275.7,68548.3,68556.9,8131.572
2026-02-09 14:00:00+00:00,68557.0,69740.4,68271.7,69232.4,23586.094
2026-02-09 15:00:00+00:00,69232.5,69843.7,68767.6,69528.9,16427.319
2026-02-09 16:00:00+00:00,69528.9,70389.5,69050.0,70049.1,14912.022
2026-02-09 17:00:00+00:00,70049.1,71008.0,69824.4,70570.6,15731.566
2026-02-09 18:00:00+00:00,70570.6,70978.6,70045.9,70379.9,9082.287
2026-02-09 19:00:00+00:00,70379.9,71041.0,70213.1,70912.7,7258.748
2026-02-09 20:00:00+00:00,70912.6,71085.0,70450.0,70683.9,7956.699
2026-02-09 21:00:00+00:00,70683.9,70758.0,69776.1,70362.4,8040.421
2026-02-09 22:00:00+00:00,70362.4,70687.9,70236.3,70334.2,3671.125
2026-02-09 23:00:00+00:00,70334.2,70542.9,70042.1,70110.5,3013.033
2026-02-10 00:00:00+00:00,70110.6,70226.3,69705.8,69793.3,5042.715
2026-02-10 01:00:00+00:00,69793.3,70499.9,69793.3,70454.7,5037.602
2026-02-10 02:00:00+00:00,70454.7,70454.7,69952.8,70068.4,3527.539
2026-02-10 03:00:00+00:00,70068.5,70137.4,69155.8,69473.3,8925.251
2026-02-10 04:00:00+00:00,69473.2,69886.1,69432.9,69800.5,5095.792
2026-02-10 05:00:00+00:00,69800.5,69832.1,69169.1,69415.3,5921.583
2026-02-10 06:00:00+00:00,69415.4,69469.8,68633.3,68872.4,9749.316
2026-02-10 07:00:00+00:00,68872.4,69173.4,68800.1,68882.1,6144.663
2026-02-10 08:00:00+00:00,68882.2,69195.2,68686.9,69091.9,6812.081
2026-02-10 09:00:00+00:00,69091.8,69376.3,68913.9,69115.0,6222.059
2026-02-10 10:00:00+00:00,69115.0,69232.7,68876.5,68884.8,3084.9
2026-02-10 11:00:00+00:00,68884.8,69048.9,68406.4,68489.9,8671.396
2026-02-10 12:00:00+00:00,68489.9,68819.1,68370.3,68564.8,6344.953
2026-02-10 13:00:00+00:00,68564.7,69099.6,68318.0,68981.9,8027.556
2026-02-10 14:00:00+00:00,68981.8,69554.7,67883.0,68426.3,27724.225
2026-02-10 15:00:00+00:00,68426.3,69485.0,68258.7,69251.5,19063.302
2026-02-10 16:00:00+00:00,69251.4,69778.0,68889.7,69473.5,10899.266
2026-02-10 17:00:00+00:00,69473.5,69957.9,69267.8,69886.6,8006.235
2026-02-10 18:00:00+00:00,69886.5,69910.1,68555.6,68860.0,10012.65
2026-02-10 19:00:00+00:00,68860.0,69278.2,68658.9,69031.4,5821.034
2026-02-10 20:00:00+00:00,69031.3,69116.9,68585.6,68719.2,4464.833
2026-02-10 21:00:00+00:00,68719.2,68980.0,68322.1,68623.3,4547.422
2026-02-10 22:00:00+00:00,68623.3,68833.5,68526.6,68662.7,2536.382
2026-02-10 23:00:00+00:00,68662.7,68830.8,68468.9,68805.3,2189.854
2026-02-11 00:00:00+00:00,68805.3,69218.3,68750.0,69156.8,3950.544
2026-02-11 01:00:00+00:00,69156.9,69262.7,68868.8,68947.5,2672.496
2026-02-11 02:00:00+00:00,68947.5,69132.7,68563.8,68641.3,3918.734
2026-02-11 03:00:00+00:00,68641.3,68718.0,67951.8,68143.6,8603.423
2026-02-11 04:00:00+00:00,68143.6,68288.0,67320.0,67548.8,13524.481
2026-02-11 05:00:00+00:00,67548.8,67781.4,67357.0,67367.8,5558.451
2026-02-11 06:00:00+00:00,67367.8,67463.4,66511.0,66788.0,15850.0
2026-02-11 07:00:00+00:00,66786.3,67225.0,66600.1,67000.0,8187.628
2026-02-11 08:00:00+00:00,67000.0,67094.4,66755.2,66950.3,5194.714
2026-02-11 09:00:00+00:00,66950.3,67085.5,66682.1,66848.6,4120.254
2026-02-11 10:00:00+00:00,66848.6,66864.8,66342.6,66506.0,8850.049
2026-02-11 11:00:00+00:00,66506.1,67087.4,66477.9,67023.0,7071.645
2026-02-11 12:00:00+00:00,67022.9,67400.0,66922.5,67099.2,9017.22
2026-02-11 13:00:00+00:00,67099.2,67638.4,66757.9,67424.2,16779.184
2026-02-11 14:00:00+00:00,67424.1,68821.1,66400.0,66559.9,39554.805
2026-02-11 15:00:00+00:00,66559.8,66788.7,65718.5,66489.3,29237.621
2026-02-11 16:00:00+00:00,66489.4,67250.0,65910.0,66008.0,16888.019
2026-02-11 17:00:00+00:00,66008.0,66895.0,65834.5,66489.1,11145.115
2026-02-11 18:00:00+00:00,66489.1,67274.6,66114.5,67239.2,8778.468
2026-02-11 19:00:00+00:00,67239.2,67831.4,67069.4,67547.7,10690.909
2026-02-11 20:00:00+00:00,67547.6,67720.0,67138.4,67523.2,5348.964
2026-02-11 21:00:00+00:00,67523.3,68315.0,67371.5,67780.6,10323.114
2026-02-11 22:00:00+00:00,67780.6,67844.1,67352.6,67392.0,4026.619
2026-02-11 23:00:00+00:00,67392.1,67528.7,66757.4,67054.4,7333.067
2026-02-12 00:00:00+00:00,67054.8,67685.0,67016.6,67431.6,6121.49
2026-02-12 01:00:00+00:00,67431.7,68021.0,67430.5,67668.4,6103.855
2026-02-12 02:00:00+00:00,67668.3,67769.1,67370.7,67408.3,4180.768
2026-02-12 03:00:00+00:00,67408.3,67564.1,67267.1,67550.2,2723.961
2026-02-12 04:00:00+00:00,67550.3,67659.6,66962.8,66989.9,6024.71
2026-02-12 05:00:00+00:00,66989.8,67178.2,66640.0,67110.1,5661.38
2026-02-12 06:00:00+00:00,67110.1,67329.0,66976.8,67096.1,3145.66
2026-02-12 07:00:00+00:00,67096.1,67296.8,66902.6,67181.5,3137.466
2026-02-12 08:00:00+00:00,67181.5,67313.9,66860.0,67107.3,3535.509
2026-02-12 09:00:00+00:00,67107.4,67699.9,67012.5,67517.7,5312.339
2026-02-12 10:00:00+00:00,67517.7,67998.8,67372.1,67979.5,5671.9
2026-02-12 11:00:00+00:00,67979.4,68265.5,67650.1,68031.8,9190.079
2026-02-12 12:00:00+00:00,68031.8,68125.8,67684.8,67832.4,6241.212
2026-02-12 13:00:00+00:00,67832.4,68375.9,67643.3,68339.9,8579.923
2026-02-12 14:00:00+00:00,68340.0,68385.0,67448.4,67547.5,12764.267
2026-02-12 15:00:00+00:00,67547.8,67970.9,66958.0,67107.0,17537.156
2026-02-12 16:00:00+00:00,67107.0,67221.9,65503.2,65825.7,32467.878
2026-02-12 17:00:00+00:00,65825.7,66238.8,65320.4,65383.9,16841.36
2026-02-12 18:00:00+00:00,65383.8,65763.0,65081.0,65559.4,12697.179
2026-02-12 19:00:00+00:00,65559.4,66090.8,65234.0,65760.7,8965.275
2026-02-12 20:00:00+00:00,65760.7,66008.7,65177.8,65401.0,7181.946
2026-02-12 21:00:00+00:00,65401.0,65873.3,65400.1,65821.8,3994.025
2026-02-12 22:00:00+00:00,65821.7,66382.0,65610.0,66262.4,6146.564
2026-02-12 23:00:00+00:00,66262.4,66460.8,66131.1,66243.1,5767.357
2026-02-13 00:00:00+00:00,66243.2,66498.4,65833.9,65881.4,5842.004
2026-02-13 01:00:00+00:00,65881.5,66595.2,65881.5,66423.4,4784.428
2026-02-13 02:00:00+00:00,66423.4,66732.8,66345.1,66627.9,3555.029
2026-02-13 03:00:00+00:00,66628.0,66778.5,66423.1,66519.6,3869.004
2026-02-13 04:00:00+00:00,66519.6,66650.2,66273.4,66299.9,3143.937
2026-02-13 05:00:00+00:00,66300.0,66477.1,66151.5,66151.5,3317.222
2026-02-13 06:00:00+00:00,66151.5,66367.5,65964.2,66333.7,3966.275
2026-02-13 07:00:00+00:00,66333.7,66545.7,66012.2,66183.3,5353.404
2026-02-13 08:00:00+00:00,66183.3,66723.0,66159.9,66673.0,5100.09
2026-02-13 09:00:00+00:00,66673.0,67046.2,66574.9,66924.3,6938.023
2026-02-13 10:00:00+00:00,66924.4,67095.1,66766.1,66939.4,5500.592
2026-02-13 11:00:00+00:00,66939.5,67196.8,66750.0,67137.8,5321.733
2026-02-13 12:00:00+00:00,67137.8,67180.1,66887.0,67050.0,3807.097
2026-02-13 13:00:00+00:00,67050.1,67600.0,66903.0,67238.2,12858.003
2026-02-13 14:00:00+00:00,67238.1,67999.9,66823.6,67709.5,20175.242
2026-02-13 15:00:00+00:00,67709.6,69289.5,67653.0,68652.0,34623.808
2026-02-13 16:00:00+00:00,68652.1,69473.7,68500.0,68920.8,17731.884
2026-02-13 17:00:00+00:00,68920.9,69215.7,68593.8,69003.9,8251.271
2026-02-13 18:00:00+00:00,69004.0,69378.8,68853.9,69086.7,7384.669
2026-02-13 19:00:00+00:00,69086.8,69197.0,68865.2,68904.2,4796.435
2026-02-13 20:00:00+00:00,68904.3,68936.1,68639.7,68750.1,5954.506
2026-02-13 21:00:00+00:00,68750.1,69055.9,68700.1,68869.2,4475.315
2026-02-13 22:00:00+00:00,68869.2,68975.9,68674.6,68968.9,3534.643
2026-02-13 23:00:00+00:00,68968.9,68985.4,68784.1,68821.5,2758.675
2026-02-14 00:00:00+00:00,68821.5,69118.1,68736.2,69062.2,3401.089
2026-02-14 01:00:00+00:00,69062.2,69082.8,68888.1,68932.0,2790.614
2026-02-14 02:00:00+00:00,68932.0,68981.1,68817.2,68849.2,2150.014
2026-02-14 03:00:00+00:00,68849.3,68994.1,68818.0,68947.7,1300.98
2026-02-14 04:00:00+00:00,68947.7,68967.3,68755.6,68763.6,1524.606
2026-02-14 05:00:00+00:00,68763.5,68878.3,68712.8,68738.1,1721.191
2026-02-14 06:00:00+00:00,68738.2,68897.6,68689.1,68895.3,1668.924
2026-02-14 07:00:00+00:00,68895.4,69318.2,68848.1,69182.2,4212.664
2026-02-14 08:00:00+00:00,69182.1,69847.1,69174.5,69707.3,9014.765
2026-02-14 09:00:00+00:00,69707.3,69868.6,69532.3,69675.6,3644.123
2026-02-14 10:00:00+00:00,69675.6,69675.6,69542.3,69633.8,1814.741
2026-02-14 11:00:00+00:00,69633.8,70557.7,69633.7,70464.8,12955.143
2026-02-14 12:00:00+00:00,70464.8,70499.4,69525.6,69602.2,13120.622
2026-02-14 13:00:00+00:00,69602.2,69734.0,69163.7,69430.1,12223.314
2026-02-14 14:00:00+00:00,69430.0,69825.0,69295.0,69667.3,6006.689
2026-02-14 15:00:00+00:00,69667.3,70010.6,69528.3,69754.2,5019.742
2026-02-14 16:00:00+00:00,69754.2,69787.3,69259.1,69731.3,7558.442
2026-02-14 17:00:00+00:00,69731.2,69903.3,69581.9,69710.9,3909.046
2026-02-14 18:00:00+00:00,69710.9,69832.0,69641.6,69741.0,2188.209
2026-02-14 19:00:00+00:00,69741.1,69897.1,69573.8,69849.0,2297.747
2026-02-14 20:00:00+00:00,69848.9,69999.0,69682.0,69987.4,3403.725
2026-02-14 21:00:00+00:00,69987.5,70230.6,69600.0,69896.4,6008.469
2026-02-14 22:00:00+00:00,69896.4,70065.0,69737.0,69927.3,2899.885
2026-02-14 23:00:00+00:00,69927.3,69984.6,69678.1,69795.4,3699.502
2026-02-15 00:00:00+00:00,69795.4,69827.3,69562.0,69743.4,3238.879
2026-02-15 01:00:00+00:00,69743.4,69872.1,69316.0,69684.9,4637.493
2026-02-15 02:00:00+00:00,69684.9,69726.9,69325.9,69450.6,2795.265
2026-02-15 03:00:00+00:00,69450.6,69967.4,69212.2,69926.0,7900.26
2026-02-15 04:00:00+00:00,69925.9,70499.8,69925.9,70157.0,11091.112
2026-02-15 05:00:00+00:00,70156.9,70467.8,70101.5,70235.9,3563.703
2026-02-15 06:00:00+00:00,70235.9,70514.8,70150.0,70370.2,3469.854
2026-02-15 07:00:00+00:00,70370.2,70907.7,70275.5,70784.0,8122.703
2026-02-15 08:00:00+00:00,70784.0,70938.5,70114.8,70405.1,9186.136
2026-02-15 09:00:00+00:00,70405.1,70628.0,70330.7,70382.5,3031.758
2026-02-15 10:00:00+00:00,70382.5,70487.8,70166.9,70389.5,3119.24
2026-02-15 11:00:00+00:00,70389.6,70514.6,70237.1,70268.7,2979.669
2026-02-15 12:00:00+00:00,70268.6,70391.0,69266.1,69284.9,13184.43
2026-02-15 13:00:00+00:00,69285.0,69593.2,68741.4,68907.2,17152.7
2026-02-15 14:00:00+00:00,68907.2,69180.0,68811.5,69140.0,6859.823
2026-02-15 15:00:00+00:00,69139.9,69230.0,68845.0,69068.1,4590.096
2026-02-15 16:00:00+00:00,69068.1,69074.0,68753.0,68977.6,4280.153
2026-02-15 17:00:00+00:00,68977.6,69050.4,68152.0,68607.8,10221.126
2026-02-15 18:00:00+00:00,68607.8,68770.9,68313.6,68420.0,7148.019
2026-02-15 19:00:00+00:00,68420.0,68542.6,68029.6,68263.6,8934.921
2026-02-15 20:00:00+00:00,68263.7,68535.4,68100.2,68420.1,2740.043
2026-02-15 21:00:00+00:00,68420.1,68934.0,68420.1,68809.0,4572.847
2026-02-15 22:00:00+00:00,68809.0,69049.2,68756.3,68962.2,2987.689
2026-02-15 23:00:00+00:00,68962.2,68962.2,68291.1,68796.9,5442.211
2026-02-16 00:00:00+00:00,68796.9,69033.6,68656.9,68810.4,3489.707
2026-02-16 01:00:00+00:00,68810.4,69010.0,68409.3,68590.8,3231.459
2026-02-16 02:00:00+00:00,68590.8,68697.9,68210.8,68295.1,3433.838
2026-02-16 03:00:00+00:00,68295.2,68439.9,68112.2,68392.6,3282.435
2026-02-16 04:00:00+00:00,68392.6,68869.8,68385.0,68832.4,3560.902
2026-02-16 05:00:00+00:00,68832.4,68860.7,68255.0,68350.1,3036.166
2026-02-16 06:00:00+00:00,68350.1,68496.9,68183.3,68414.8,2336.176
2026-02-16 07:00:00+00:00,68414.8,68637.1,68330.4,68552.4,3390.245
2026-02-16 08:00:00+00:00,68552.5,68769.5,68503.2,68724.5,2757.79
2026-02-16 09:00:00+00:00,68724.5,69029.9,68707.0,68961.1,4388.67
2026-02-16 10:00:00+00:00,68961.0,68961.0,68656.9,68762.0,2408.932
2026-02-16 11:00:00+00:00,68762.0,68899.3,68300.0,68769.4,6290.391
2026-02-16 12:00:00+00:00,68769.4,69826.0,68769.0,69739.3,15011.463
2026-02-16 13:00:00+00:00,69739.3,70110.9,68180.0,68355.6,25343.395
2026-02-16 14:00:00+00:00,68355.5,68684.4,68208.6,68386.7,8923.954
2026-02-16 15:00:00+00:00,68386.6,68578.4,67250.0,67505.5,20303.632
2026-02-16 16:00:00+00:00,67505.5,67950.0,67475.0,67854.0,7786.366
2026-02-16 17:00:00+00:00,67854.1,68048.3,67557.2,67917.2,4993.367
2026-02-16 18:00:00+00:00,67917.2,68221.7,67800.0,67833.0,5756.956
2026-02-16 19:00:00+00:00,67833.0,68108.9,67785.4,67883.6,2130.03
2026-02-16 20:00:00+00:00,67883.5,68544.0,67788.6,68508.9,5435.593
2026-02-16 21:00:00+00:00,68508.9,68928.6,68400.0,68835.1,4982.79
2026-02-16 22:00:00+00:00,68835.2,68870.7,68471.0,68561.1,3838.864
2026-02-16 23:00:00+00:00,68561.1,68962.1,68508.0,68862.5,3466.627
2026-02-17 00:00:00+00:00,68862.6,69033.0,68667.1,68849.9,3837.321
2026-02-17 01:00:00+00:00,68849.9,68972.3,68537.0,68582.6,3318.034
2026-02-17 02:00:00+00:00,68582.7,69228.6,68350.0,68806.3,5999.397
2026-02-17 03:00:00+00:00,68806.3,68832.7,68435.7,68443.6,3323.125
2026-02-17 04:00:00+00:00,68443.6,68681.8,68251.0,68450.1,3559.07
2026-02-17 05:00:00+00:00,68450.0,68485.1,67854.2,68207.3,6793.287
2026-02-17 06:00:00+00:00,68207.2,68496.4,68191.9,68370.8,2312.074
2026-02-17 07:00:00+00:00,68370.7,68451.8,68133.1,68353.4,2771.063
2026-02-17 08:00:00+00:00,68353.4,68445.8,68093.0,68140.0,2540.194
2026-02-17 09:00:00+00:00,68139.9,68277.0,67951.6,68087.1,3457.198
2026-02-17 10:00:00+00:00,68087.0,68164.6,67655.0,67822.1,5253.726
2026-02-17 11:00:00+00:00,67822.1,67905.8,67656.5,67824.4,3948.353
2026-02-17 12:00:00+00:00,67824.3,68272.5,67795.0,67893.2,6084.282
2026-02-17 13:00:00+00:00,67893.3,68350.0,67700.3,68105.3,7085.474
2026-02-17 14:00:00+00:00,68105.3,68319.5,66676.1,66846.7,21218.988
2026-02-17 15:00:00+00:00,66846.8,67381.5,66588.0,67363.6,16794.164
2026-02-17 16:00:00+00:00,67363.6,68127.9,67286.4,67493.1,15426.984
2026-02-17 17:00:00+00:00,67493.1,67697.2,66824.5,67208.6,10398.168
2026-02-17 18:00:00+00:00,67208.5,68209.0,67088.7,68063.3,9173.279
2026-02-17 19:00:00+00:00,68063.3,68220.1,67703.5,67766.9,5922.669
2026-02-17 20:00:00+00:00,67766.9,67896.1,67426.4,67719.3,4106.759
2026-02-17 21:00:00+00:00,67718.0,67897.6,67500.0,67642.4,2203.405
2026-02-17 22:00:00+00:00,67642.4,67755.0,67473.2,67498.2,1511.448
2026-02-17 23:00:00+00:00,67498.1,67592.8,67355.7,67475.9,2146.66
2026-02-18 00:00:00+00:00,67475.9,67595.5,67241.7,67263.9,2525.282
2026-02-18 01:00:00+00:00,67267.0,67346.5,66850.1,67137.2,5545.605
2026-02-18 02:00:00+00:00,67137.2,67398.2,67115.2,67297.9,2734.463
2026-02-18 03:00:00+00:00,67298.0,67683.4,67294.7,67590.2,3054.107
2026-02-18 04:00:00+00:00,67590.3,67872.8,67456.6,67790.9,3496.315
2026-02-18 05:00:00+00:00,67790.9,67909.9,67572.0,67613.4,3560.92
2026-02-18 06:00:00+00:00,67613.3,67948.0,67577.0,67813.5,2411.858
2026-02-18 07:00:00+00:00,67813.6,68190.2,67655.9,68078.4,4282.272
2026-02-18 08:00:00+00:00,68078.5,68438.0,68033.0,68099.9,7161.381
2026-02-18 09:00:00+00:00,68099.9,68249.2,67966.0,68128.4,3514.59
2026-02-18 10:00:00+00:00,68128.4,68153.7,67704.0,67771.2,4581.366
2026-02-18 11:00:00+00:00,67771.2,67781.4,67037.2,67345.4,12045.744
2026-02-18 12:00:00+00:00,67345.4,67658.0,67312.0,67429.8,4101.002
2026-02-18 13:00:00+00:00,67429.9,67566.4,67007.0,67202.2,5965.911
2026-02-18 14:00:00+00:00,67202.3,67329.9,66666.2,67190.5,12931.349
2026-02-18 15:00:00+00:00,67190.4,68336.0,67159.5,67671.0,20144.567
2026-02-18 16:00:00+00:00,67671.1,67684.6,66933.0,67104.8,13995.137
2026-02-18 17:00:00+00:00,67104.8,67455.7,67021.8,67156.3,5566.242
2026-02-18 18:00:00+00:00,67156.6,67203.7,66129.6,66327.2,15106.978
2026-02-18 19:00:00+00:00,66327.2,66588.0,65826.1,66138.2,13685.695
2026-02-18 20:00:00+00:00,66138.3,66528.8,66098.9,66230.2,7627.587
2026-02-18 21:00:00+00:00,66230.3,66466.8,65993.1,66300.6,5568.422
2026-02-18 22:00:00+00:00,66300.5,66451.5,66192.7,66379.0,1860.076
2026-02-18 23:00:00+00:00,66379.0,66472.6,66240.0,66422.8,2506.522
2026-02-19 00:00:00+00:00,66422.8,66573.6,66301.8,66410.7,2414.967
2026-02-19 01:00:00+00:00,66410.8,66842.6,66407.9,66830.3,4017.947
2026-02-19 02:00:00+00:00,66830.4,66933.0,66610.5,66800.7,3376.35
2026-02-19 03:00:00+00:00,66800.8,66975.0,66690.1,66950.4,2140.167
2026-02-19 04:00:00+00:00,66950.4,67042.3,66721.7,66776.4,3540.004
2026-02-19 05:00:00+00:00,66776.5,66867.7,66651.8,66847.6,2124.787
2026-02-19 06:00:00+00:00,66847.6,67275.4,66836.5,67123.8,4125.633
2026-02-19 07:00:00+00:00,67123.8,67299.4,67001.6,67180.4,3197.407
2026-02-19 08:00:00+00:00,67180.4,67180.4,66769.0,66937.7,4992.942
2026-02-19 09:00:00+00:00,66937.7,67173.8,66724.6,66811.8,4295.724
2026-02-19 10:00:00+00:00,66811.7,66942.5,66711.6,66810.1,2682.196
2026-02-19 11:00:00+00:00,66810.0,66907.4,66431.1,66468.9,5663.747
2026-02-19 12:00:00+00:00,66468.8,66655.5,66272.4,66489.6,6977.581
2026-02-19 13:00:00+00:00,66489.5,66529.4,65716.7,65871.2,15683.408
2026-02-19 14:00:00+00:00,65871.2,66635.5,65595.7,66381.9,17468.809
2026-02-19 15:00:00+00:00,66382.0,66723.0,65931.2,66362.7,13215.867
2026-02-19 16:00:00+00:00,66362.6,66494.7,65863.8,66267.6,8870.021
2026-02-19 17:00:00+00:00,66267.6,67035.0,66140.9,66336.1,12509.252
2026-02-19 18:00:00+00:00,66336.0,67067.3,66215.1,67003.2,11054.245
2026-02-19 19:00:00+00:00,67003.2,67174.0,66667.0,67022.9,6888.18
2026-02-19 20:00:00+00:00,67022.8,67147.8,66784.3,67118.7,4095.459
2026-02-19 21:00:00+00:00,67118.6,67144.0,66867.5,66893.2,2482.746
2026-02-19 22:00:00+00:00,66893.1,66975.9,66618.2,66873.9,3481.079
2026-02-19 23:00:00+00:00,66873.9,66997.9,66784.1,66974.0,2134.083
2026-02-20 00:00:00+00:00,66973.9,67490.0,66912.4,67190.1,7309.963
2026-02-20 01:00:00+00:00,67190.2,67326.0,67115.2,67249.2,3013.908
2026-02-20 02:00:00+00:00,67249.3,67318.9,67137.5,67208.1,2188.245
2026-02-20 03:00:00+00:00,67208.0,67466.8,67206.6,67327.2,3650.977
2026-02-20 04:00:00+00:00,67327.2,67359.3,67079.3,67228.4,4206.018
2026-02-20 05:00:00+00:00,67228.5,67999.9,67166.1,67756.0,10525.63
2026-02-20 06:00:00+00:00,67756.1,67865.2,67612.9,67809.4,4648.2
2026-02-20 07:00:00+00:00,67809.5,67956.3,67704.5,67794.7,3751.544
2026-02-20 08:00:00+00:00,67794.8,67920.0,67716.6,67839.9,2681.315
2026-02-20 09:00:00+00:00,67839.8,68199.4,67839.8,68174.1,7335.101
2026-02-20 10:00:00+00:00,68174.2,68283.7,67733.8,67909.7,7861.981
2026-02-20 11:00:00+00:00,67909.8,67945.1,67250.0,67290.5,9755.627
2026-02-20 12:00:00+00:00,67290.4,67577.1,67222.7,67498.9,7385.525
2026-02-20 13:00:00+00:00,67498.9,67503.3,66408.1,66784.8,27320.453
2026-02-20 14:00:00+00:00,66784.8,67299.9,66629.9,67043.2,15720.31
2026-02-20 15:00:00+00:00,67043.2,68099.9,66500.8,67547.6,38584.584
2026-02-20 16:00:00+00:00,67547.6,67888.0,67253.0,67763.2,13764.663
2026-02-20 17:00:00+00:00,67763.2,67763.2,66915.0,67582.0,23395.274
2026-02-20 18:00:00+00:00,67581.9,67998.9,67437.6,67901.1,11853.491
2026-02-20 19:00:00+00:00,67901.0,67983.0,67506.8,67616.5,4978.617
2026-02-20 20:00:00+00:00,67616.5,67800.0,67486.6,67719.7,3337.43
2026-02-20 21:00:00+00:00,67719.4,67816.4,67600.0,67792.3,3179.969
2026-02-20 22:00:00+00:00,67792.3,68115.9,67603.2,68049.8,4592.295
2026-02-20 23:00:00+00:00,68049.8,68220.0,67880.0,67979.3,4262.851
2026-02-21 00:00:00+00:00,67979.3,68023.7,67745.3,67805.2,3433.568
2026-02-21 01:00:00+00:00,67805.1,67981.7,67805.1,67916.1,1705.546
2026-02-21 02:00:00+00:00,67916.2,68079.0,67875.3,67970.3,1973.738
2026-02-21 03:00:00+00:00,67970.3,67970.5,67488.9,67637.0,6371.533
2026-02-21 04:00:00+00:00,67636.9,67823.1,67555.2,67782.2,2706.041
2026-02-21 05:00:00+00:00,67782.3,67859.2,67757.1,67827.1,1563.808
2026-02-21 06:00:00+00:00,67827.2,67899.0,67711.4,67759.5,1514.282
2026-02-21 07:00:00+00:00,67759.6,67852.5,67712.6,67821.0,1050.925
2026-02-21 08:00:00+00:00,67821.0,68047.5,67776.2,68016.9,2736.752
2026-02-21 09:00:00+00:00,68016.9,68280.0,67933.3,68115.8,7484.627
2026-02-21 10:00:00+00:00,68115.7,68221.6,68108.6,68184.6,2217.915
2026-02-21 11:00:00+00:00,68184.6,68259.4,68045.5,68060.9,3985.621
2026-02-21 12:00:00+00:00,68061.0,68186.9,67882.8,68175.9,5452.278
2026-02-21 13:00:00+00:00,68175.9,68250.0,68073.0,68223.3,2021.15
2026-02-21 14:00:00+00:00,68223.3,68651.4,68146.6,68416.6,10117.936
2026-02-21 15:00:00+00:00,68416.6,68687.0,68382.7,68571.5,4347.469
2026-02-21 16:00:00+00:00,68571.5,68599.3,68066.0,68292.4,8096.719
2026-02-21 17:00:00+00:00,68292.3,68444.4,68156.4,68408.8,2897.726
2026-02-21 18:00:00+00:00,68408.8,68616.8,68339.5,68547.2,3353.44
2026-02-21 19:00:00+00:00,68547.3,68632.5,68490.0,68516.3,2162.678
2026-02-21 20:00:00+00:00,68516.3,68568.1,68114.4,68180.9,3241.815
2026-02-21 21:00:00+00:00,68180.9,68373.6,68152.2,68351.0,2122.309
2026-02-21 22:00:00+00:00,68351.1,68412.9,67860.0,67936.6,4302.123
2026-02-21 23:00:00+00:00,67936.7,68095.4,67900.8,67933.1,2635.494
2026-02-22 00:00:00+00:00,67933.2,68035.7,67763.7,67912.0,2995.986
2026-02-22 01:00:00+00:00,67912.0,68147.6,67902.6,68132.3,2782.492
2026-02-22 02:00:00+00:00,68132.3,68198.5,67836.7,67871.5,3333.311
2026-02-22 03:00:00+00:00,67871.5,68031.7,67781.2,68010.5,3389.282
2026-02-22 04:00:00+00:00,68010.5,68060.0,67931.0,67950.2,1721.132
2026-02-22 05:00:00+00:00,67950.2,67983.3,67850.4,67944.5,1744.866
2026-02-22 06:00:00+00:00,67944.5,68204.3,67933.9,68006.4,3623.535
2026-02-22 07:00:00+00:00,68006.3,68067.2,67954.6,67973.0,1853.053
2026-02-22 08:00:00+00:00,67973.0,67986.9,67877.0,67909.3,2839.387
2026-02-22 09:00:00+00:00,67909.3,68081.9,67909.3,68022.4,1792.941
2026-02-22 10:00:00+00:00,68022.4,68134.0,67982.3,68096.6,2034.918
2026-02-22 11:00:00+00:00,68096.6,68220.0,68096.6,68183.4,2418.754
2026-02-22 12:00:00+00:00,68183.4,68205.1,67836.4,67892.4,4777.343
2026-02-22 13:00:00+00:00,67892.4,68011.4,67538.0,67622.4,8419.02
2026-02-22 14:00:00+00:00,67622.3,67664.1,67310.6,67420.1,9264.553
2026-02-22 15:00:00+00:00,67420.0,67800.0,67275.0,67659.9,8713.428
2026-02-22 16:00:00+00:00,67660.0,67712.0,67486.2,67601.6,2777.038
2026-02-22 17:00:00+00:00,67601.7,67602.5,67150.0,67365.0,6481.384
2026-02-22 18:00:00+00:00,67364.9,67444.5,67288.9,67392.3,2383.208
2026-02-22 19:00:00+00:00,67392.2,67458.5,67372.6,67402.2,1339.505
2026-02-22 20:00:00+00:00,67402.1,67464.3,67324.1,67374.9,1764.705
2026-02-22 21:00:00+00:00,67375.0,67617.0,67375.0,67576.2,1649.612
2026-02-22 22:00:00+00:00,67576.2,67728.0,67450.1,67631.2,2858.429
2026-02-22 23:00:00+00:00,67631.2,67707.7,67435.5,67613.5,3385.54
2026-02-23 00:00:00+00:00,67613.6,67655.8,66680.1,66705.8,8139.611
2026-02-23 01:00:00+00:00,66705.8,66705.8,64232.8,64387.2,58774.078
2026-02-23 02:00:00+00:00,64387.2,64877.2,64273.8,64742.4,14329.587
2026-02-23 03:00:00+00:00,64742.5,65071.7,64658.0,64894.0,7843.597
2026-02-23 04:00:00+00:00,64894.1,64989.9,64628.5,64777.3,4946.411
2026-02-23 05:00:00+00:00,64777.2,65189.3,64768.8,65031.9,6877.93
2026-02-23 06:00:00+00:00,65031.9,65775.0,64990.8,65717.7,11459.287
2026-02-23 07:00:00+00:00,65717.7,65980.0,65597.5,65915.8,8197.238
2026-02-23 08:00:00+00:00,65915.7,65922.9,65534.6,65639.0,6455.79
2026-02-23 09:00:00+00:00,65639.0,66432.9,65633.8,66374.8,11681.811
2026-02-23 10:00:00+00:00,66374.9,66574.5,66182.4,66291.1,7254.377
2026-02-23 11:00:00+00:00,66291.2,66462.1,66072.5,66170.8,5334.809
2026-02-23 12:00:00+00:00,66170.8,66490.0,65860.9,66249.9,10192.338
2026-02-23 13:00:00+00:00,66250.0,66397.8,66067.7,66099.9,6492.762
2026-02-23 14:00:00+00:00,66099.9,66234.6,65500.0,65895.5,16521.43
2026-02-23 15:00:00+00:00,65895.6,66240.4,65556.6,65633.1,10861.521
2026-02-23 16:00:00+00:00,65633.1,65701.2,65155.0,65343.1,13293.019
2026-02-23 17:00:00+00:00,65343.0,65431.4,64111.8,64787.3,21891.512
2026-02-23 18:00:00+00:00,64787.2,65149.0,64553.3,64602.9,10623.736
2026-02-23 19:00:00+00:00,64602.9,64822.9,64050.0,64273.9,11253.569
2026-02-23 20:00:00+00:00,64273.9,64460.0,63860.0,64445.9,10007.41
2026-02-23 21:00:00+00:00,64445.9,64758.0,64427.5,64554.6,5109.025
2026-02-23 22:00:00+00:00,64554.6,64989.0,64526.9,64694.3,5115.153
2026-02-23 23:00:00+00:00,64694.4,64873.6,64484.2,64625.8,4495.295
2026-02-24 00:00:00+00:00,64625.8,64980.0,64625.7,64910.2,4047.921
2026-02-24 01:00:00+00:00,64910.2,64910.2,63375.6,64131.0,22474.378
2026-02-24 02:00:00+00:00,64131.0,64480.0,63962.2,64080.3,6227.529
2026-02-24 03:00:00+00:00,64080.2,64080.2,63303.9,63570.5,12030.927
2026-02-24 04:00:00+00:00,63570.5,63606.3,62818.0,63338.2,18580.85
2026-02-24 05:00:00+00:00,63338.1,63514.4,62655.0,63067.5,12128.199
2026-02-24 06:00:00+00:00,63067.5,63290.9,62848.5,63050.4,6001.515
2026-02-24 07:00:00+00:00,63050.4,63333.0,62885.4,63155.3,6451.535
2026-02-24 08:00:00+00:00,63155.4,63432.4,62965.2,63357.2,5545.127
2026-02-24 09:00:00+00:00,63357.2,63384.0,62900.0,63213.3,5799.677
2026-02-24 10:00:00+00:00,63213.4,63341.6,63068.6,63250.0,3115.546
2026-02-24 11:00:00+00:00,63250.0,63295.9,63027.0,63192.2,3404.0
2026-02-24 12:00:00+00:00,63192.1,63319.2,62923.0,62936.0,5583.868
2026-02-24 13:00:00+00:00,62935.9,63083.7,62401.7,62877.0,16775.853
2026-02-24 14:00:00+00:00,62877.0,63807.5,62727.0,63422.0,19172.078
2026-02-24 15:00:00+00:00,63422.0,63993.1,63270.6,63933.4,14213.937
2026-02-24 16:00:00+00:00,63933.4,64388.0,63664.8,64227.3,17533.603
2026-02-24 17:00:00+00:00,64227.4,64491.0,64013.5,64188.8,10364.42
2026-02-24 18:00:00+00:00,64188.8,64478.5,63850.0,64395.1,8711.554
2026-02-24 19:00:00+00:00,64395.1,64719.1,64214.3,64405.4,7655.551
2026-02-24 20:00:00+00:00,64405.4,64566.5,64281.5,64430.8,3535.966
2026-02-24 21:00:00+00:00,64430.8,64430.8,63769.2,64009.2,7279.071
2026-02-24 22:00:00+00:00,64009.2,64200.0,63943.5,64091.8,2811.42
2026-02-24 23:00:00+00:00,64091.8,64217.2,63821.5,64031.3,3706.044
2026-02-25 00:00:00+00:00,64031.4,64288.0,63876.0,64188.9,3357.423
2026-02-25 01:00:00+00:00,64189.0,66283.1,64106.0,65860.4,33987.242
2026-02-25 02:00:00+00:00,65860.4,66279.1,65817.2,65852.0,10049.211
2026-02-25 03:00:00+00:00,65852.0,65928.7,65310.5,65361.7,9461.209
2026-02-25 04:00:00+00:00,65361.7,65627.5,65053.9,65427.9,7601.452
2026-02-25 05:00:00+00:00,65428.0,65488.2,64720.4,64847.9,9492.636
2026-02-25 06:00:00+00:00,64847.9,65098.5,64828.8,64862.6,4110.235
2026-02-25 07:00:00+00:00,64862.6,65160.4,64735.5,65001.1,5408.19
2026-02-25 08:00:00+00:00,65001.2,65550.0,64929.7,65490.9,6516.588
2026-02-25 09:00:00+00:00,65491.0,65674.1,65389.4,65524.2,5041.966
2026-02-25 10:00:00+00:00,65524.2,65640.0,65303.7,65364.4,3393.598
2026-02-25 11:00:00+00:00,65364.5,65457.3,65161.0,65396.7,4109.429
2026-02-25 12:00:00+00:00,65396.6,66222.0,65280.1,66038.7,12344.16
2026-02-25 13:00:00+00:00,66038.7,66687.1,65987.3,66209.5,16065.453
2026-02-25 14:00:00+00:00,66209.5,66985.5,66179.2,66936.9,17904.632
2026-02-25 15:00:00+00:00,66936.7,67548.0,66680.0,67362.3,23031.077
2026-02-25 16:00:00+00:00,67362.4,68300.5,67354.2,68249.9,20141.855
2026-02-25 17:00:00+00:00,68249.9,68842.0,67977.7,68625.6,21743.254
2026-02-25 18:00:00+00:00,68625.6,69531.3,68340.0,69293.3,23250.448
2026-02-25 19:00:00+00:00,69293.3,69375.1,68720.8,69005.2,12030.281
2026-02-25 20:00:00+00:00,69005.2,69350.0,68567.9,69104.9,11219.91
2026-02-25 21:00:00+00:00,69104.9,69999.0,68720.0,68874.2,16882.927
2026-02-25 22:00:00+00:00,68874.2,69149.7,68014.8,68402.0,10522.275
2026-02-25 23:00:00+00:00,68402.0,68665.2,67557.0,67952.5,11573.367
2026-02-26 00:00:00+00:00,67952.5,68504.3,67690.1,68294.4,9314.348
2026-02-26 01:00:00+00:00,68294.3,68666.0,68172.6,68213.9,5815.129
2026-02-26 02:00:00+00:00,68213.9,68346.4,67756.8,68219.2,5909.991
2026-02-26 03:00:00+00:00,68219.1,68350.0,68003.7,68187.5,3139.778
2026-02-26 04:00:00+00:00,68187.4,68850.0,68150.0,68533.1,6339.379
2026-02-26 05:00:00+00:00,68533.1,68534.3,68080.0,68408.2,5313.482
2026-02-26 06:00:00+00:00,68408.3,68487.8,68025.5,68146.1,3448.274
2026-02-26 07:00:00+00:00,68146.1,68269.9,67780.0,67800.0,4904.038
2026-02-26 08:00:00+00:00,67800.0,68218.3,67750.0,67923.3,5660.488
2026-02-26 09:00:00+00:00,67923.4,68617.3,67900.0,68553.0,7564.554
2026-02-26 10:00:00+00:00,68553.0,68689.7,68221.9,68271.9,5677.056
2026-02-26 11:00:00+00:00,68272.0,68371.3,67952.0,68025.2,4131.917
2026-02-26 12:00:00+00:00,68025.2,68270.9,67968.2,68140.9,4562.323
2026-02-26 13:00:00+00:00,68140.9,68187.0,67810.2,67877.8,5085.134
2026-02-26 14:00:00+00:00,67877.8,68263.5,67235.8,67659.8,18560.813
2026-02-26 15:00:00+00:00,67659.8,67707.8,66730.7,67353.4,22208.114
2026-02-26 16:00:00+00:00,67353.3,67558.7,66462.0,66617.3,17506.162
2026-02-26 17:00:00+00:00,66617.3,67026.8,66567.9,66795.5,9250.342
2026-02-26 18:00:00+00:00,66795.4,67347.4,66536.1,67268.9,10783.8
2026-02-26 19:00:00+00:00,67268.8,67888.0,67246.3,67550.7,9781.421
2026-02-26 20:00:00+00:00,67550.7,67790.1,67250.3,67386.5,5013.719
2026-02-26 21:00:00+00:00,67386.6,67549.9,67114.0,67432.1,3217.343
2026-02-26 22:00:00+00:00,67432.1,67592.9,67269.1,67531.4,2128.634
2026-02-26 23:00:00+00:00,67531.3,67618.1,67352.3,67448.2,2520.816
2026-02-27 00:00:00+00:00,67448.1,67502.9,66959.0,67190.3,5416.236
2026-02-27 01:00:00+00:00,67190.3,67344.6,66841.6,67315.9,7510.213
2026-02-27 02:00:00+00:00,67315.9,67500.0,67220.0,67226.5,4414.605
2026-02-27 03:00:00+00:00,67226.4,67670.0,67050.0,67557.4,4966.812
2026-02-27 04:00:00+00:00,67557.4,68188.8,67533.8,67709.2,11610.448
2026-02-27 05:00:00+00:00,67709.1,67887.9,67634.0,67685.8,3511.289
2026-02-27 06:00:00+00:00,67685.8,67787.3,67470.0,67617.1,3421.47
2026-02-27 07:00:00+00:00,67617.1,67733.7,67417.4,67644.1,4247.954
2026-02-27 08:00:00+00:00,67644.1,68050.0,67618.5,67897.4,5538.297
2026-02-27 09:00:00+00:00,67897.5,68127.8,67245.0,67318.4,8171.319
2026-02-27 10:00:00+00:00,67318.3,67381.0,66540.4,66575.1,17347.378
2026-02-27 11:00:00+00:00,66575.2,66762.6,65923.0,66094.1,19157.119
2026-02-27 12:00:00+00:00,66094.0,66198.0,65714.2,65902.4,10737.721
2026-02-27 13:00:00+00:00,65902.5,66320.0,65626.1,66240.0,15499.709
2026-02-27 14:00:00+00:00,66240.0,66300.0,65656.0,65855.5,16692.908
2026-02-27 15:00:00+00:00,65855.4,66289.8,65804.8,66072.6,10996.948
2026-02-27 16:00:00+00:00,66072.5,66095.2,65433.2,65449.3,13536.014
2026-02-27 17:00:00+00:00,65449.3,65724.3,65080.0,65673.0,12844.531
2026-02-27 18:00:00+00:00,65672.9,65772.4,65180.0,65284.8,6397.309
2026-02-27 19:00:00+00:00,65284.8,65433.7,65135.3,65365.4,4953.94
2026-02-27 20:00:00+00:00,65365.4,65638.0,65365.4,65564.2,4137.96
2026-02-27 21:00:00+00:00,65564.3,65721.6,65366.5,65502.3,3322.086
2026-02-27 22:00:00+00:00,65502.2,65647.2,64875.6,65609.0,7159.562
2026-02-27 23:00:00+00:00,65609.0,65921.7,65517.6,65836.0,4365.536
2026-02-28 00:00:00+00:00,65836.0,65990.0,65681.9,65906.3,3731.321
2026-02-28 01:00:00+00:00,65906.3,65943.6,65701.2,65747.2,2477.01
2026-02-28 02:00:00+00:00,65747.3,65994.7,65734.2,65926.9,1986.768
2026-02-28 03:00:00+00:00,65927.0,65949.7,65700.9,65763.8,2469.945
2026-02-28 04:00:00+00:00,65763.8,65786.8,65441.0,65632.0,4292.979
2026-02-28 05:00:00+00:00,65632.1,65700.0,65462.1,65558.6,2751.317
2026-02-28 06:00:00+00:00,65558.6,65560.0,62979.5,63173.8,43103.63
2026-02-28 07:00:00+00:00,63173.8,64298.7,62981.2,63788.4,27050.351
2026-02-28 08:00:00+00:00,63787.4,63851.3,63356.1,63439.7,11400.498
2026-02-28 09:00:00+00:00,63439.6,63923.6,63313.9,63621.4,7329.197
2026-02-28 10:00:00+00:00,63621.3,64030.0,63377.5,63964.5,7531.393
2026-02-28 11:00:00+00:00,63964.5,64267.9,63736.0,63810.4,9652.625
2026-02-28 12:00:00+00:00,63810.4,64053.3,63782.2,63980.0,4061.843
2026-02-28 13:00:00+00:00,63979.9,65190.0,63865.6,65069.5,19174.396
2026-02-28 14:00:00+00:00,65069.5,65335.8,64239.3,64402.4,22265.916
2026-02-28 15:00:00+00:00,64402.5,64991.8,64175.8,64800.0,10106.884
2026-02-28 16:00:00+00:00,64800.1,65170.5,64635.0,65053.8,5441.518
2026-02-28 17:00:00+00:00,65053.7,65581.3,64800.0,65395.4,7093.869
2026-02-28 18:00:00+00:00,65395.3,66165.8,65139.4,65873.0,11466.289
2026-02-28 19:00:00+00:00,65872.9,66642.8,65557.3,66318.1,15159.578
2026-02-28 20:00:00+00:00,66318.1,67138.0,66150.0,66918.6,12499.792
2026-02-28 21:00:00+00:00,66918.6,67009.9,66329.7,66684.8,10109.567
2026-02-28 22:00:00+00:00,66684.8,67735.0,66579.1,67081.4,11439.266
2026-02-28 23:00:00+00:00,67081.4,67183.3,66688.3,66937.1,5326.834
2026-03-01 00:00:00+00:00,66937.0,67089.6,66578.3,66755.6,5453.855
2026-03-01 01:00:00+00:00,66755.5,67686.7,65812.0,67311.6,22231.963
2026-03-01 02:00:00+00:00,67311.7,68189.0,67305.2,67588.3,21306.568
2026-03-01 03:00:00+00:00,67588.3,67793.4,67351.0,67474.7,7567.478
2026-03-01 04:00:00+00:00,67474.8,67582.2,67017.4,67313.0,7115.379
2026-03-01 05:00:00+00:00,67313.1,67547.3,67163.5,67264.2,4624.974
2026-03-01 06:00:00+00:00,67264.2,67320.0,66757.2,66890.1,8291.891
2026-03-01 07:00:00+00:00,66890.0,67201.2,66757.9,67113.9,4429.365
2026-03-01 08:00:00+00:00,67114.0,67275.5,66429.8,66535.0,7870.48
2026-03-01 09:00:00+00:00,66535.0,66745.4,66205.8,66380.1,7940.514
2026-03-01 10:00:00+00:00,66380.1,66720.2,66160.4,66430.0,6282.75
2026-03-01 11:00:00+00:00,66429.9,66638.0,66344.0,66439.0,3236.298
2026-03-01 12:00:00+00:00,66439.0,66525.9,66211.6,66270.6,3458.03
2026-03-01 13:00:00+00:00,66270.5,67333.0,66100.0,66907.1,13102.466
2026-03-01 14:00:00+00:00,66907.2,67280.0,66702.9,66817.5,8503.088
2026-03-01 15:00:00+00:00,66817.5,67219.1,66770.2,66810.8,6402.057
2026-03-01 16:00:00+00:00,66810.8,67083.0,65777.0,66112.2,14881.785
2026-03-01 17:00:00+00:00,66112.2,66200.0,65681.3,65956.8,10459.874
2026-03-01 18:00:00+00:00,65956.7,66656.0,65954.2,66288.1,8012.274
2026-03-01 19:00:00+00:00,66288.0,66325.8,65750.0,65926.0,5738.349
2026-03-01 20:00:00+00:00,65925.9,65932.0,65030.3,65255.7,11496.845
2026-03-01 21:00:00+00:00,65255.7,65726.7,65242.0,65629.3,4805.846
2026-03-01 22:00:00+00:00,65629.2,66888.0,65011.0,65241.0,16839.769
2026-03-01 23:00:00+00:00,65241.0,66052.6,65092.4,65750.0,9059.538
2026-03-02 00:00:00+00:00,65749.9,66766.0,65726.0,66472.5,9209.574
2026-03-02 01:00:00+00:00,66472.6,67082.5,66326.7,66500.0,7438.848
2026-03-02 02:00:00+00:00,66500.0,66585.0,65842.5,66242.2,6462.206
2026-03-02 03:00:00+00:00,66242.2,67014.9,66071.0,66787.3,6935.105
2026-03-02 04:00:00+00:00,66787.3,66950.0,66600.1,66825.1,4900.156
2026-03-02 05:00:00+00:00,66825.2,66966.0,66513.8,66701.2,4040.023
2026-03-02 06:00:00+00:00,66701.2,66703.1,66015.0,66176.9,6189.233
2026-03-02 07:00:00+00:00,66176.8,66182.9,65509.0,65981.3,8780.148
2026-03-02 08:00:00+00:00,65981.2,66279.2,65612.4,66247.9,7684.981
2026-03-02 09:00:00+00:00,66247.9,66707.5,66118.8,66132.3,8485.67
2026-03-02 10:00:00+00:00,66132.3,66368.5,66039.6,66284.0,3720.637
2026-03-02 11:00:00+00:00,66284.0,66455.7,65973.1,66329.9,5955.186
2026-03-02 12:00:00+00:00,66329.8,66369.1,65879.6,65927.8,4353.668
2026-03-02 13:00:00+00:00,65927.7,66111.9,65319.9,65412.3,10340.986
2026-03-02 14:00:00+00:00,65412.3,67188.0,65234.4,67128.7,27469.276
2026-03-02 15:00:00+00:00,67128.6,69588.0,66911.2,69089.1,58354.38
2026-03-02 16:00:00+00:00,69089.1,70100.0,68871.6,69395.6,34435.94
2026-03-02 17:00:00+00:00,69395.2,69549.2,68757.6,69170.3,14982.278
2026-03-02 18:00:00+00:00,69170.0,69247.1,68700.1,68853.8,9943.864
2026-03-02 19:00:00+00:00,68853.8,69039.1,68519.8,68928.4,9926.528
2026-03-02 20:00:00+00:00,68928.4,69468.4,68529.5,69054.2,11481.181
2026-03-02 21:00:00+00:00,69054.1,69500.0,68953.9,69366.9,4924.284
2026-03-02 22:00:00+00:00,69366.9,69459.0,69103.0,69414.2,4427.311
2026-03-02 23:00:00+00:00,69414.2,69453.8,68700.0,68801.8,6936.569
2026-03-03 00:00:00+00:00,68801.8,69132.2,68600.0,69051.9,5873.573
2026-03-03 01:00:00+00:00,69051.8,69221.6,68717.4,68724.6,4829.284
2026-03-03 02:00:00+00:00,68724.5,68744.0,68142.1,68478.1,10001.474
2026-03-03 03:00:00+00:00,68478.0,68516.2,68186.4,68349.3,3949.677
2026-03-03 04:00:00+00:00,68349.4,68425.7,68018.0,68093.0,4139.493
2026-03-03 05:00:00+00:00,68093.1,68561.9,67801.0,67911.6,9362.483
2026-03-03 06:00:00+00:00,67911.6,68248.0,67759.6,68070.0,6540.543
2026-03-03 07:00:00+00:00,68070.0,68264.2,67915.2,68138.3,5141.807
2026-03-03 08:00:00+00:00,68138.2,68281.6,66853.5,66972.7,18782.595
2026-03-03 09:00:00+00:00,66972.8,67157.0,66270.7,66614.5,19131.814
2026-03-03 10:00:00+00:00,66614.4,67035.6,66400.0,66826.3,10902.445
2026-03-03 11:00:00+00:00,66826.4,67134.8,66729.0,67000.0,8766.398
2026-03-03 12:00:00+00:00,67000.0,68000.0,67000.0,67360.1,14562.66
2026-03-03 13:00:00+00:00,67360.1,67400.0,66600.5,66893.6,11113.994
2026-03-03 14:00:00+00:00,66893.7,67559.0,66080.0,66539.9,22608.56
2026-03-03 15:00:00+00:00,66539.9,67830.9,66424.1,67692.5,19647.813
2026-03-03 16:00:00+00:00,67692.5,68972.9,67440.0,68137.4,29658.399
2026-03-03 17:00:00+00:00,68137.4,68377.9,67582.6,68280.5,12272.207
2026-03-03 18:00:00+00:00,68280.5,68885.0,67934.2,68589.9,9732.567
2026-03-03 19:00:00+00:00,68590.0,68845.8,68260.0,68395.9,9839.05
2026-03-03 20:00:00+00:00,68395.9,68557.4,68042.4,68232.9,5543.55
2026-03-03 21:00:00+00:00,68233.3,68233.3,67778.4,67976.5,5601.34
2026-03-03 22:00:00+00:00,67976.5,68485.5,67976.5,68275.1,3828.395
2026-03-03 23:00:00+00:00,68275.2,68821.5,68206.4,68295.3,5639.779
2026-03-04 00:00:00+00:00,68295.2,68383.4,67826.0,68065.8,6011.63
2026-03-04 01:00:00+00:00,68065.8,68887.9,67922.4,68377.9,11304.59
2026-03-04 02:00:00+00:00,68384.6,68419.7,67950.0,68286.0,5555.688
2026-03-04 03:00:00+00:00,68286.0,68360.2,67350.0,67700.1,10820.92
2026-03-04 04:00:00+00:00,67700.1,67926.9,67421.9,67755.8,8295.566
2026-03-04 05:00:00+00:00,67755.8,68353.9,67635.4,68173.2,6613.261
2026-03-04 06:00:00+00:00,68173.2,68650.1,68001.7,68472.2,8162.03
2026-03-04 07:00:00+00:00,68472.3,69676.4,68316.0,69464.5,16259.938
2026-03-04 08:00:00+00:00,69464.5,71200.0,69100.2,70993.7,30573.652
2026-03-04 09:00:00+00:00,70993.7,71887.9,70700.0,71487.1,36488.931
2026-03-04 10:00:00+00:00,71487.1,71844.0,71155.1,71310.9,16418.918
2026-03-04 11:00:00+00:00,71310.8,71468.0,70893.1,71082.4,11129.631
2026-03-04 12:00:00+00:00,71082.3,71340.0,70559.7,71307.8,14975.823
2026-03-04 13:00:00+00:00,71307.9,71589.8,71177.7,71447.9,9645.846
2026-03-04 14:00:00+00:00,71448.0,72630.0,71234.6,71580.5,36307.387
2026-03-04 15:00:00+00:00,71580.4,73436.4,71527.6,73339.7,31689.444
2026-03-04 16:00:00+00:00,73339.7,73473.0,72467.2,73241.2,19384.847
2026-03-04 17:00:00+00:00,73241.2,73702.1,72858.0,73174.2,18949.695
2026-03-04 18:00:00+00:00,73174.3,73686.6,72854.0,73651.4,11649.014
2026-03-04 19:00:00+00:00,73651.3,74046.5,73470.0,73580.2,17042.452
2026-03-04 20:00:00+00:00,73580.3,73678.2,72961.8,72971.8,7734.423
2026-03-04 21:00:00+00:00,72973.3,73290.8,72830.8,73273.5,6584.225
2026-03-04 22:00:00+00:00,73273.6,73495.0,72601.2,72678.9,6322.508
2026-03-04 23:00:00+00:00,72678.9,72885.1,72273.0,72641.4,9223.077
2026-03-05 00:00:00+00:00,72641.4,72972.8,72511.5,72725.0,5461.309
2026-03-05 01:00:00+00:00,72725.1,73295.7,72369.3,72507.8,8015.49
2026-03-05 02:00:00+00:00,72507.8,72856.3,72300.0,72468.9,5624.209
2026-03-05 03:00:00+00:00,72469.0,72718.1,72305.8,72469.6,4490.677
2026-03-05 04:00:00+00:00,72469.5,73060.0,72412.8,72784.0,7056.768
2026-03-05 05:00:00+00:00,72784.1,72897.9,72200.6,72374.9,5711.142
2026-03-05 06:00:00+00:00,72375.0,72637.8,72000.1,72520.3,9364.676
2026-03-05 07:00:00+00:00,72520.3,72650.0,71740.0,72025.5,10496.501
2026-03-05 08:00:00+00:00,72025.4,72340.0,71716.3,72307.6,7873.804
2026-03-05 09:00:00+00:00,72307.6,72863.0,72272.0,72563.2,8980.675
2026-03-05 10:00:00+00:00,72563.1,73539.1,72480.6,73347.0,13356.231
2026-03-05 11:00:00+00:00,73346.9,73410.9,72745.4,72879.9,8191.802
2026-03-05 12:00:00+00:00,72880.0,73032.0,72625.1,72842.2,6507.231
2026-03-05 13:00:00+00:00,72842.2,72896.8,72150.1,72435.5,11672.873
2026-03-05 14:00:00+00:00,72435.5,72817.0,71900.1,72574.7,15877.66
2026-03-05 15:00:00+00:00,72574.7,72741.4,71136.2,71611.7,28134.123
2026-03-05 16:00:00+00:00,71611.7,71620.6,70753.3,71267.9,23809.25
2026-03-05 17:00:00+00:00,71267.9,71537.2,70612.8,70668.5,11791.622
2026-03-05 18:00:00+00:00,70668.5,71052.5,70622.1,70962.8,7008.813
2026-03-05 19:00:00+00:00,70962.9,71444.8,70836.0,70875.5,8352.6
2026-03-05 20:00:00+00:00,70875.5,71360.9,70805.9,71206.2,5278.268
2026-03-05 21:00:00+00:00,71205.8,71530.4,70974.5,71099.7,5394.081
2026-03-05 22:00:00+00:00,71099.6,71340.0,71022.1,71170.9,3506.972
2026-03-05 23:00:00+00:00,71170.9,71268.1,70737.9,70854.8,4211.503
2026-03-06 00:00:00+00:00,70854.8,71024.9,70740.0,70952.5,3722.132
2026-03-06 01:00:00+00:00,70952.5,71257.6,70339.6,71217.0,10302.634
2026-03-06 02:00:00+00:00,71217.0,71387.5,70976.8,71204.1,5832.058
2026-03-06 03:00:00+00:00,71204.0,71253.0,70955.0,71045.4,3423.096
2026-03-06 04:00:00+00:00,71045.4,71081.5,70212.1,70578.1,8042.787
2026-03-06 05:00:00+00:00,70578.2,70628.7,70100.0,70396.4,8954.235
2026-03-06 06:00:00+00:00,70396.4,70830.9,70220.9,70565.5,5493.066
2026-03-06 07:00:00+00:00,70565.5,71168.0,70430.7,71026.7,7121.896
2026-03-06 08:00:00+00:00,71026.7,71035.3,70696.4,70750.2,5540.301
2026-03-06 09:00:00+00:00,70750.2,70789.9,70254.5,70521.4,7216.33
2026-03-06 10:00:00+00:00,70521.3,70768.2,70430.2,70506.8,5855.599
2026-03-06 11:00:00+00:00,70506.8,70621.0,70164.9,70185.6,6456.736
2026-03-06 12:00:00+00:00,70185.6,70200.7,69617.0,69895.2,16131.245
2026-03-06 13:00:00+00:00,69895.2,70328.5,69179.4,69189.6,19434.724
2026-03-06 14:00:00+00:00,69189.6,69241.1,68121.6,68367.6,32722.829
2026-03-06 15:00:00+00:00,68367.7,69079.6,68258.8,68468.4,16443.814
2026-03-06 16:00:00+00:00,68468.3,68759.5,68186.0,68410.2,9474.656
2026-03-06 17:00:00+00:00,68410.2,68611.4,67712.3,67930.7,13802.563
2026-03-06 18:00:00+00:00,67930.6,68444.0,67921.5,68144.0,7159.918
2026-03-06 19:00:00+00:00,68143.9,68450.0,67967.2,68101.0,4463.33
2026-03-06 20:00:00+00:00,68100.9,68259.0,67731.0,68078.2,6522.438
2026-03-06 21:00:00+00:00,68078.1,68306.6,67890.7,68258.3,3942.37
2026-03-06 22:00:00+00:00,68258.3,68406.6,68190.0,68291.2,2405.901
2026-03-06 23:00:00+00:00,68291.2,68343.4,68059.7,68083.0,2918.045
2026-03-07 00:00:00+00:00,68083.0,68372.3,68075.3,68243.2,3947.187
2026-03-07 01:00:00+00:00,68243.1,68332.0,68140.0,68222.2,2165.539
2026-03-07 02:00:00+00:00,68222.2,68346.6,68018.7,68320.1,3311.096
2026-03-07 03:00:00+00:00,68320.0,68524.9,68063.0,68063.2,4750.837
2026-03-07 04:00:00+00:00,68063.3,68130.7,67764.1,68028.0,4612.641
2026-03-07 05:00:00+00:00,68028.0,68111.2,67867.4,67990.1,3104.785
2026-03-07 06:00:00+00:00,67990.0,67998.0,67570.3,67665.7,5214.52
2026-03-07 07:00:00+00:00,67665.9,67837.4,67411.0,67809.4,7321.815
2026-03-07 08:00:00+00:00,67809.5,68035.3,67675.0,67767.6,4204.746
2026-03-07 09:00:00+00:00,67767.6,68045.3,67700.0,67970.5,2627.49
2026-03-07 10:00:00+00:00,67970.5,68078.0,67835.1,67851.6,2423.835
2026-03-07 11:00:00+00:00,67851.7,68215.6,67808.4,67975.9,4583.017
2026-03-07 12:00:00+00:00,67976.0,68050.6,67855.2,67954.6,2241.462
2026-03-07 13:00:00+00:00,67954.6,68042.3,67810.0,67891.3,2874.732
2026-03-07 14:00:00+00:00,67891.2,68061.1,67568.4,67980.1,5505.818
2026-03-07 15:00:00+00:00,67980.1,68000.0,67732.1,67844.8,2756.401
2026-03-07 16:00:00+00:00,67844.8,67859.1,67663.3,67757.5,2484.1
2026-03-07 17:00:00+00:00,67757.6,67913.6,67728.1,67749.7,1634.56
2026-03-07 18:00:00+00:00,67749.7,67749.8,67400.0,67530.8,5378.419
2026-03-07 19:00:00+00:00,67530.8,67537.4,66850.1,67042.6,10028.411
2026-03-07 20:00:00+00:00,67042.6,67397.5,67028.0,67354.4,4183.176
2026-03-07 21:00:00+00:00,67354.4,67445.9,67233.5,67416.4,2984.912
2026-03-07 22:00:00+00:00,67416.3,67434.3,67058.0,67220.0,3495.084
2026-03-07 23:00:00+00:00,67220.0,67373.9,67137.4,67232.1,2735.579
2026-03-08 00:00:00+00:00,67232.1,67459.0,67138.0,67161.0,3238.005
2026-03-08 01:00:00+00:00,67161.0,67329.7,67055.3,67266.3,3186.835
2026-03-08 02:00:00+00:00,67266.2,67399.8,66720.8,66894.8,6471.532
2026-03-08 03:00:00+00:00,66894.9,67060.5,66804.0,66974.9,3989.017
2026-03-08 04:00:00+00:00,66974.9,67059.9,66508.0,66602.7,6115.794
2026-03-08 05:00:00+00:00,66602.7,67221.1,66584.0,67115.4,5510.805
2026-03-08 06:00:00+00:00,67115.3,67202.5,67002.4,67134.3,2597.991
2026-03-08 07:00:00+00:00,67134.4,67430.0,67121.3,67277.2,4329.469
2026-03-08 08:00:00+00:00,67277.1,67565.3,67121.1,67490.9,4182.357
2026-03-08 09:00:00+00:00,67491.0,67888.0,67432.7,67662.9,7791.766
2026-03-08 10:00:00+00:00,67663.0,68171.6,67659.5,67869.1,7938.315
2026-03-08 11:00:00+00:00,67869.0,67869.0,67377.0,67490.0,7889.439
2026-03-08 12:00:00+00:00,67490.1,67623.0,66851.3,67286.0,9841.173
2026-03-08 13:00:00+00:00,67286.0,67411.3,66730.0,67196.9,9377.126
2026-03-08 14:00:00+00:00,67196.8,67399.9,67018.0,67304.1,4444.089
2026-03-08 15:00:00+00:00,67304.1,67333.1,67030.1,67174.7,3677.216
2026-03-08 16:00:00+00:00,67174.6,67232.0,66761.8,66829.9,5456.96
2026-03-08 17:00:00+00:00,66830.0,67151.7,66752.5,67017.0,4587.48
2026-03-08 18:00:00+00:00,67017.1,67047.3,66707.0,66777.5,3290.315
2026-03-08 19:00:00+00:00,66777.6,67459.2,66746.0,67299.0,5520.081
2026-03-08 20:00:00+00:00,67299.0,67496.4,67000.0,67195.7,5379.717
2026-03-08 21:00:00+00:00,67195.6,67231.9,66666.6,66977.1,4698.142
2026-03-08 22:00:00+00:00,66977.1,66978.3,65569.2,66198.4,28794.349
2026-03-08 23:00:00+00:00,66198.4,66527.2,65880.0,65934.3,7440.0
2026-03-09 00:00:00+00:00,65934.3,66730.0,65770.5,66326.9,9031.717
2026-03-09 01:00:00+00:00,66326.8,66655.5,66081.5,66150.1,8094.46
2026-03-09 02:00:00+00:00,66150.1,66678.2,65916.9,66500.0,8121.416
2026-03-09 03:00:00+00:00,66500.1,67646.0,66476.9,67165.3,16188.39
2026-03-09 04:00:00+00:00,67165.3,67593.0,67067.3,67100.3,6821.112
2026-03-09 05:00:00+00:00,67100.3,68038.4,67080.2,67869.6,19434.419
2026-03-09 06:00:00+00:00,67869.7,67894.0,67177.0,67229.8,7260.539
2026-03-09 07:00:00+00:00,67229.9,67536.9,66833.9,67504.8,9142.616
2026-03-09 08:00:00+00:00,67504.9,67885.3,67344.4,67772.4,7326.334
2026-03-09 09:00:00+00:00,67772.4,68441.5,67523.0,67946.5,12990.961
2026-03-09 10:00:00+00:00,67946.4,68058.2,67518.0,67571.2,7279.91
2026-03-09 11:00:00+00:00,67571.3,67832.6,67301.0,67723.3,5816.612
2026-03-09 12:00:00+00:00,67723.3,68311.7,67714.2,68124.1,9150.791
2026-03-09 13:00:00+00:00,68124.1,69273.9,68102.2,68939.9,25828.099
2026-03-09 14:00:00+00:00,68940.0,69449.1,68641.5,69112.8,19049.533
2026-03-09 15:00:00+00:00,69112.8,69215.0,68688.4,68832.3,10472.653
2026-03-09 16:00:00+00:00,68832.4,69188.0,68586.4,68920.5,8276.447
2026-03-09 17:00:00+00:00,68920.6,69056.1,68217.0,68570.0,9203.08
2026-03-09 18:00:00+00:00,68570.0,68673.0,68200.1,68327.4,5898.916
2026-03-09 19:00:00+00:00,68327.5,69498.0,68327.5,68951.8,16556.025
2026-03-09 20:00:00+00:00,68951.8,69100.2,68718.0,68916.3,4040.448
2026-03-09 21:00:00+00:00,68916.3,69064.1,68621.4,68882.7,4209.388
2026-03-09 22:00:00+00:00,68882.7,69000.0,68554.2,68602.2,3669.173
2026-03-09 23:00:00+00:00,68602.2,68663.0,68333.0,68394.1,3348.508
2026-03-10 00:00:00+00:00,68394.0,69259.9,68345.0,69113.1,9307.003
2026-03-10 01:00:00+00:00,69113.2,69362.9,68721.4,69229.0,6185.545
2026-03-10 02:00:00+00:00,69229.0,70555.0,69064.0,70242.0,21185.276
2026-03-10 03:00:00+00:00,70242.0,70348.1,69338.5,69391.0,14851.618
2026-03-10 04:00:00+00:00,69391.0,70094.7,69391.0,70035.8,7588.522
2026-03-10 05:00:00+00:00,70035.8,70330.4,69842.7,69938.3,5896.564
2026-03-10 06:00:00+00:00,69938.3,70160.3,69719.4,69879.6,5295.311
2026-03-10 07:00:00+00:00,69879.6,70500.0,69793.7,70374.7,9538.167
2026-03-10 08:00:00+00:00,70374.7,71067.2,70332.2,70650.9,17259.654
2026-03-10 09:00:00+00:00,70650.9,71272.4,70615.5,71030.4,9706.299
2026-03-10 10:00:00+00:00,71030.5,71049.9,70619.5,70737.6,6456.746
2026-03-10 11:00:00+00:00,70737.6,70837.1,70505.3,70570.1,5481.434
2026-03-10 12:00:00+00:00,70570.1,70602.5,70250.2,70486.8,7433.234
2026-03-10 13:00:00+00:00,70486.9,70888.0,69680.0,69883.7,21024.626
2026-03-10 14:00:00+00:00,69883.7,71499.9,69184.8,71435.7,29703.516
2026-03-10 15:00:00+00:00,71435.7,71748.1,70856.3,71296.9,21662.665
2026-03-10 16:00:00+00:00,71296.9,71665.8,70900.0,71224.5,11120.174
2026-03-10 17:00:00+00:00,71224.5,71412.3,70465.1,70827.1,10212.15
2026-03-10 18:00:00+00:00,70827.1,70871.7,69854.7,69975.2,13175.467
2026-03-10 19:00:00+00:00,69975.2,70249.1,69688.0,70005.2,8965.888
2026-03-10 20:00:00+00:00,70005.1,70311.4,69958.1,70192.9,4454.993
2026-03-10 21:00:00+00:00,70192.9,70375.4,69485.7,69712.8,8217.244
2026-03-10 22:00:00+00:00,69712.9,69830.2,69388.0,69653.9,5305.285
2026-03-10 23:00:00+00:00,69653.9,69938.2,69644.6,69901.9,5647.103
2026-03-11 00:00:00+00:00,69901.8,70139.6,69707.8,69998.1,6635.47
2026-03-11 01:00:00+00:00,69998.1,70114.2,69829.4,70027.8,3919.19
2026-03-11 02:00:00+00:00,70027.9,70087.5,69563.3,69778.2,4765.802
2026-03-11 03:00:00+00:00,69778.2,69863.0,69455.6,69517.0,4613.949
2026-03-11 04:00:00+00:00,69517.0,70249.1,69462.1,70089.7,6002.448
2026-03-11 05:00:00+00:00,70089.8,70162.4,69329.7,69463.7,6668.643
2026-03-11 06:00:00+00:00,69463.7,69970.2,69454.9,69907.0,5019.578
2026-03-11 07:00:00+00:00,69907.1,69986.8,69456.4,69622.1,4738.076
2026-03-11 08:00:00+00:00,69622.2,69750.0,69464.0,69617.4,4399.906
2026-03-11 09:00:00+00:00,69617.4,69729.0,69324.1,69431.2,5367.111
2026-03-11 10:00:00+00:00,69431.3,69689.8,69350.5,69570.5,4089.022
2026-03-11 11:00:00+00:00,69570.5,69641.6,69098.0,69144.0,5735.532
2026-03-11 12:00:00+00:00,69144.0,69767.8,68932.9,69319.0,13495.2
2026-03-11 13:00:00+00:00,69318.9,71060.7,69294.1,70134.8,30965.931
2026-03-11 14:00:00+00:00,70134.8,70938.1,69917.5,70536.6,21395.633
2026-03-11 15:00:00+00:00,70536.7,70612.5,69618.6,70186.9,15405.756
2026-03-11 16:00:00+00:00,70187.0,70799.9,70093.2,70538.9,9608.144
2026-03-11 17:00:00+00:00,70539.0,71286.0,70474.2,70745.1,16496.708
2026-03-11 18:00:00+00:00,70745.1,70866.5,70353.5,70582.2,7697.976
2026-03-11 19:00:00+00:00,70582.1,70700.0,70333.3,70600.8,3502.006
2026-03-11 20:00:00+00:00,70600.7,70692.8,70349.5,70586.1,3275.618
2026-03-11 21:00:00+00:00,70586.1,70766.7,70451.8,70702.3,2629.442
2026-03-11 22:00:00+00:00,70702.4,70931.9,70200.2,70329.1,5275.465
2026-03-11 23:00:00+00:00,70329.2,70466.0,70078.6,70150.0,3925.35
2026-03-12 00:00:00+00:00,70150.0,70314.1,70087.1,70176.9,2964.321
2026-03-12 01:00:00+00:00,70176.9,70188.1,69706.1,69800.8,7061.504
2026-03-12 02:00:00+00:00,69800.7,69851.5,69180.0,69242.9,8560.615
2026-03-12 03:00:00+00:00,69243.0,69595.9,69187.6,69402.6,6091.142
2026-03-12 04:00:00+00:00,69402.6,69640.3,69250.1,69330.1,3849.667
2026-03-12 05:00:00+00:00,69330.1,69514.6,69150.0,69429.9,4753.901
2026-03-12 06:00:00+00:00,69430.0,69526.6,69320.0,69461.5,2909.494
2026-03-12 07:00:00+00:00,69461.4,69818.8,69370.7,69782.6,6108.768
2026-03-12 08:00:00+00:00,69782.7,70079.1,69667.3,69865.1,8311.135
2026-03-12 09:00:00+00:00,69865.1,70377.7,69540.9,69914.9,9674.587
2026-03-12 10:00:00+00:00,69915.0,70477.0,69815.4,70372.3,8357.019
2026-03-12 11:00:00+00:00,70372.4,70756.5,70321.7,70388.5,8697.954
2026-03-12 12:00:00+00:00,70388.6,70584.2,70244.7,70348.6,6574.59
2026-03-12 13:00:00+00:00,70348.6,70490.0,69614.8,69930.5,15650.398
2026-03-12 14:00:00+00:00,69930.4,70625.0,69303.8,69549.4,21443.973
2026-03-12 15:00:00+00:00,69549.3,70532.0,69430.0,70282.9,16693.319
2026-03-12 16:00:00+00:00,70282.8,70530.0,69856.4,70328.3,13571.222
2026-03-12 17:00:00+00:00,70328.3,70499.9,70017.4,70167.3,6725.804
2026-03-12 18:00:00+00:00,70167.3,70256.5,69754.8,69781.0,6054.058
2026-03-12 19:00:00+00:00,69781.1,70511.2,69725.0,70393.7,6687.861
2026-03-12 20:00:00+00:00,70393.7,70508.8,70063.7,70127.0,3586.321
2026-03-12 21:00:00+00:00,70127.1,70433.4,70127.1,70244.5,2145.981
2026-03-12 22:00:00+00:00,70244.4,70281.5,69974.7,70141.1,2678.993
2026-03-12 23:00:00+00:00,70141.1,70727.9,70122.7,70480.1,7337.966
2026-03-13 00:00:00+00:00,70480.1,71979.2,70342.7,71443.3,28271.449
2026-03-13 01:00:00+00:00,71443.4,71738.6,71240.0,71629.9,8176.876
2026-03-13 02:00:00+00:00,71630.0,71665.2,71006.5,71114.6,6723.88
2026-03-13 03:00:00+00:00,71114.6,71485.6,70920.1,71366.3,5902.39
2026-03-13 04:00:00+00:00,71366.3,71469.0,71200.0,71352.5,3522.549
2026-03-13 05:00:00+00:00,71352.6,71616.0,71201.0,71515.4,5486.551
2026-03-13 06:00:00+00:00,71515.5,71568.5,71150.0,71315.9,5496.209
2026-03-13 07:00:00+00:00,71315.9,71649.7,71208.0,71585.3,8265.269
2026-03-13 08:00:00+00:00,71585.2,72156.4,71347.1,71790.0,13687.535
2026-03-13 09:00:00+00:00,71790.0,72060.0,71549.9,71960.0,8154.063
2026-03-13 10:00:00+00:00,71959.9,72547.0,71953.0,72421.2,15033.044
2026-03-13 11:00:00+00:00,72421.1,72491.0,72150.0,72189.9,6918.892
2026-03-13 12:00:00+00:00,72189.8,72882.8,72166.1,72735.3,11703.434
2026-03-13 13:00:00+00:00,72735.3,73568.0,72635.8,73344.8,25615.346
2026-03-13 14:00:00+00:00,73344.7,73870.0,72328.4,72353.4,33755.741
2026-03-13 15:00:00+00:00,72353.3,72828.2,71700.0,71800.0,24440.083
2026-03-13 16:00:00+00:00,71800.1,72090.2,71130.6,71846.0,30212.328
2026-03-13 17:00:00+00:00,71846.0,72215.1,70862.3,70999.5,20572.14
2026-03-13 18:00:00+00:00,70999.5,71318.8,70811.0,71020.1,11260.354
2026-03-13 19:00:00+00:00,71020.0,71273.1,70963.0,71148.0,5744.749
2026-03-13 20:00:00+00:00,71148.1,71447.2,71111.1,71307.4,4345.861
2026-03-13 21:00:00+00:00,71307.5,71452.1,71021.2,71063.1,3524.914
2026-03-13 22:00:00+00:00,71063.1,71150.0,70510.8,70785.8,8860.743
2026-03-13 23:00:00+00:00,70785.7,70982.9,70658.9,70895.5,4557.721
2026-03-14 00:00:00+00:00,70895.5,70920.0,70520.5,70600.0,5679.351
2026-03-14 01:00:00+00:00,70600.0,70872.5,70436.2,70790.3,5009.742
2026-03-14 02:00:00+00:00,70790.3,70870.0,70690.1,70749.2,2354.624
2026-03-14 03:00:00+00:00,70749.2,71141.7,70749.2,71034.3,4867.581
2026-03-14 04:00:00+00:00,71034.3,71272.3,70977.0,70996.3,4016.781
2026-03-14 05:00:00+00:00,70996.3,71119.0,70871.1,70980.7,2745.678
2026-03-14 06:00:00+00:00,70980.7,70980.7,70256.0,70591.9,9801.249
2026-03-14 07:00:00+00:00,70591.9,70706.0,70444.0,70565.6,4206.031
2026-03-14 08:00:00+00:00,70565.6,70672.9,70495.0,70550.6,2289.069
2026-03-14 09:00:00+00:00,70550.6,70707.0,70360.0,70474.7,4012.78
2026-03-14 10:00:00+00:00,70474.7,70550.7,70350.0,70531.8,2990.127
2026-03-14 11:00:00+00:00,70531.8,70745.1,70521.5,70705.0,2512.142
2026-03-14 12:00:00+00:00,70705.0,70800.0,70568.0,70733.4,2977.484
2026-03-14 13:00:00+00:00,70733.5,70900.0,70661.0,70813.4,3496.382
2026-03-14 14:00:00+00:00,70813.3,70914.6,70532.3,70566.8,3209.641
2026-03-14 15:00:00+00:00,70566.8,70695.7,70444.1,70554.6,3042.084
2026-03-14 16:00:00+00:00,70554.7,70674.5,70455.6,70636.7,2249.613
2026-03-14 17:00:00+00:00,70636.7,70707.9,70545.9,70586.1,1292.443
2026-03-14 18:00:00+00:00,70586.2,70662.9,70515.2,70623.5,1067.167
2026-03-14 19:00:00+00:00,70623.5,70705.7,70552.6,70664.1,1101.622
2026-03-14 20:00:00+00:00,70664.1,70835.0,70607.7,70765.3,1658.468
2026-03-14 21:00:00+00:00,70765.3,70784.6,70611.9,70769.6,1404.215
2026-03-14 22:00:00+00:00,70769.5,70772.7,70661.9,70678.5,1023.816
2026-03-14 23:00:00+00:00,70678.5,71221.9,70678.5,71174.4,6274.924
2026-03-15 00:00:00+00:00,71174.4,71186.8,70912.8,70950.4,2792.203
2026-03-15 01:00:00+00:00,70950.5,71000.0,70815.7,70960.8,2167.676
2026-03-15 02:00:00+00:00,70960.8,71599.9,70960.8,71404.4,8104.479
2026-03-15 03:00:00+00:00,71404.3,71489.6,71166.3,71314.8,4055.312
2026-03-15 04:00:00+00:00,71314.8,71629.6,71277.1,71546.3,4456.508
2026-03-15 05:00:00+00:00,71546.4,71750.0,71428.1,71448.6,5405.75
2026-03-15 06:00:00+00:00,71448.5,71549.0,71343.5,71415.2,2755.295
2026-03-15 07:00:00+00:00,71415.1,71626.1,71370.0,71420.8,3413.868
2026-03-15 08:00:00+00:00,71420.8,71679.9,71420.8,71674.8,3017.447
2026-03-15 09:00:00+00:00,71674.9,71897.9,71651.7,71751.3,6049.378
2026-03-15 10:00:00+00:00,71751.3,71878.9,71676.0,71740.6,1908.317
2026-03-15 11:00:00+00:00,71740.5,71850.0,71612.4,71800.0,3127.999
2026-03-15 12:00:00+00:00,71800.1,71800.1,71526.9,71578.8,2657.858
2026-03-15 13:00:00+00:00,71578.8,71650.0,71220.1,71575.3,10762.788
2026-03-15 14:00:00+00:00,71575.3,71600.1,71311.0,71588.0,3755.556
2026-03-15 15:00:00+00:00,71588.0,71590.0,71375.7,71444.4,2293.764
2026-03-15 16:00:00+00:00,71444.4,71556.4,71275.0,71405.5,3825.282
2026-03-15 17:00:00+00:00,71405.5,71971.8,71373.3,71788.0,5865.921
2026-03-15 18:00:00+00:00,71787.9,71856.0,71275.0,71346.8,4854.116
2026-03-15 19:00:00+00:00,71346.7,71547.7,71300.0,71515.2,2570.18
2026-03-15 20:00:00+00:00,71515.2,71899.6,71396.4,71690.1,3727.199
2026-03-15 21:00:00+00:00,71690.0,72200.0,71587.6,72074.6,6268.383
2026-03-15 22:00:00+00:00,72074.6,73130.2,71681.4,72715.6,17191.267
2026-03-15 23:00:00+00:00,72715.7,73199.9,72376.2,72778.9,15447.696
2026-03-16 00:00:00+00:00,72778.8,72980.1,72417.9,72497.4,6246.679
2026-03-16 01:00:00+00:00,72497.4,72819.2,72235.6,72724.1,5724.735
2026-03-16 02:00:00+00:00,72724.2,72823.5,72333.0,72481.1,3663.383
2026-03-16 03:00:00+00:00,72481.0,74307.3,72400.0,73539.5,35246.124
2026-03-16 04:00:00+00:00,73539.5,74444.0,73539.4,73799.5,25110.534
2026-03-16 05:00:00+00:00,73799.4,74237.0,73677.9,74176.5,15191.963
2026-03-16 06:00:00+00:00,74176.6,74181.4,73549.7,73680.7,8310.378
2026-03-16 07:00:00+00:00,73680.6,73886.0,73345.9,73427.7,7332.282
2026-03-16 08:00:00+00:00,73427.8,73755.8,72841.9,73098.3,13412.886
2026-03-16 09:00:00+00:00,73098.4,73299.7,73030.0,73219.7,4018.36
2026-03-16 10:00:00+00:00,73219.7,73762.9,73159.2,73745.5,8333.953
2026-03-16 11:00:00+00:00,73745.5,73856.6,73466.3,73515.3,5218.038
2026-03-16 12:00:00+00:00,73515.3,74043.0,73420.4,73830.0,10877.388
2026-03-16 13:00:00+00:00,73830.0,74481.5,73746.3,74075.0,16330.868
2026-03-16 14:00:00+00:00,74075.0,74450.0,72926.4,73519.8,25291.011
2026-03-16 15:00:00+00:00,73519.8,74000.0,73141.1,73240.2,12751.139
2026-03-16 16:00:00+00:00,73240.2,73887.5,73122.0,73726.3,8627.214
2026-03-16 17:00:00+00:00,73726.4,74066.0,73614.4,73911.7,6751.767
2026-03-16 18:00:00+00:00,73911.7,74330.6,73818.7,73883.0,9104.554
2026-03-16 19:00:00+00:00,73883.1,74399.9,73715.0,73928.8,7461.842
2026-03-16 20:00:00+00:00,73928.8,74200.0,73819.0,74191.5,3463.303
2026-03-16 21:00:00+00:00,74191.4,74777.7,74094.3,74360.3,12807.692
2026-03-16 22:00:00+00:00,74360.3,74875.0,74331.8,74718.9,9380.607
2026-03-16 23:00:00+00:00,74719.0,74880.0,74201.1,74846.4,8420.29
2026-03-17 00:00:00+00:00,74846.4,75488.0,74567.1,75283.9,18886.662
2026-03-17 01:00:00+00:00,75283.8,75998.9,75028.5,75584.7,17772.292
2026-03-17 02:00:00+00:00,75584.6,75641.3,75068.0,75157.3,8038.383
2026-03-17 03:00:00+00:00,75157.3,75287.9,74231.6,74424.9,13778.491
2026-03-17 04:00:00+00:00,74424.9,74652.2,73943.3,74203.3,13603.837
2026-03-17 05:00:00+00:00,74203.3,74428.7,73723.4,73996.0,10540.132
2026-03-17 06:00:00+00:00,73996.0,74242.0,73835.4,74045.1,6338.871
2026-03-17 07:00:00+00:00,74045.0,74415.7,74026.3,74212.7,4432.188
2026-03-17 08:00:00+00:00,74212.8,74418.5,74057.5,74150.0,4444.943
2026-03-17 09:00:00+00:00,74150.1,74362.0,73791.8,73890.1,6385.859
2026-03-17 10:00:00+00:00,73890.0,73922.2,73512.0,73706.1,11119.234
2026-03-17 11:00:00+00:00,73705.8,74230.7,73651.1,73997.1,7533.879
2026-03-17 12:00:00+00:00,73997.1,74150.0,73643.5,73711.1,7602.062
2026-03-17 13:00:00+00:00,73711.0,74167.2,73330.3,73580.6,16715.18
2026-03-17 14:00:00+00:00,73580.7,74388.0,73389.0,74340.2,11501.167
2026-03-17 15:00:00+00:00,74340.2,74856.2,73616.2,73878.5,15875.715
2026-03-17 16:00:00+00:00,73878.5,74314.0,73826.8,74120.0,7027.845
2026-03-17 17:00:00+00:00,74120.0,74555.0,73961.5,74480.1,7718.785
2026-03-17 18:00:00+00:00,74480.1,74723.7,74330.8,74637.0,6723.015
2026-03-17 19:00:00+00:00,74637.1,74763.6,74364.4,74460.8,5842.572
2026-03-17 20:00:00+00:00,74460.8,74648.6,74325.0,74469.9,3125.502
2026-03-17 21:00:00+00:00,74470.0,74777.0,74413.1,74650.3,3729.501
2026-03-17 22:00:00+00:00,74650.2,74739.4,73893.5,74265.8,5839.468
2026-03-17 23:00:00+00:00,74265.8,74360.0,73829.5,73872.4,3703.39
2026-03-18 00:00:00+00:00,73872.3,74027.8,73492.0,73821.3,6333.021
2026-03-18 01:00:00+00:00,73821.3,74167.5,73780.0,74035.2,3766.059
2026-03-18 02:00:00+00:00,74035.2,74437.0,73999.2,74300.0,3298.644
2026-03-18 03:00:00+00:00,74299.9,74633.0,74202.0,74414.6,4455.363
2026-03-18 04:00:00+00:00,74414.7,74455.7,74100.0,74139.6,3277.02
2026-03-18 05:00:00+00:00,74139.5,74271.0,73785.0,73911.2,4726.67
2026-03-18 06:00:00+00:00,73911.2,74190.1,73892.0,73910.0,3289.509
2026-03-18 07:00:00+00:00,73910.1,73959.4,73636.5,73840.0,4764.118
2026-03-18 08:00:00+00:00,73840.1,74080.1,73814.3,74005.8,3907.408
2026-03-18 09:00:00+00:00,74005.9,74246.2,73991.1,74136.0,3205.114
2026-03-18 10:00:00+00:00,74136.0,74220.0,73761.5,73895.0,4121.247
2026-03-18 11:00:00+00:00,73895.0,74034.8,72731.6,72906.4,23087.977
2026-03-18 12:00:00+00:00,72906.4,72947.4,72237.5,72325.1,21114.301
2026-03-18 13:00:00+00:00,72325.1,72547.5,71938.6,72104.4,22977.528
2026-03-18 14:00:00+00:00,72104.5,72194.1,70975.1,71160.3,25339.969
2026-03-18 15:00:00+00:00,71160.4,71497.0,70821.2,71436.4,24860.847
2026-03-18 16:00:00+00:00,71436.3,71536.0,71001.8,71289.5,10289.98
2026-03-18 17:00:00+00:00,71289.5,71722.2,71164.7,71556.6,7932.424
2026-03-18 18:00:00+00:00,71556.6,71980.5,70904.5,71066.5,14351.54
2026-03-18 19:00:00+00:00,71066.5,71460.3,70858.3,71030.3,8216.553
2026-03-18 20:00:00+00:00,71030.3,71298.0,70456.0,71172.3,13364.436
2026-03-18 21:00:00+00:00,71172.3,71438.1,71127.5,71219.7,3158.011
2026-03-18 22:00:00+00:00,71219.7,71233.2,70899.9,71118.0,3553.792
2026-03-18 23:00:00+00:00,71117.9,71333.1,71024.8,71202.9,3363.938
2026-03-19 00:00:00+00:00,71202.9,71283.3,70940.0,70970.1,3893.57
2026-03-19 01:00:00+00:00,70970.0,71149.9,70921.5,71078.5,2691.269
2026-03-19 02:00:00+00:00,71078.5,71226.7,70858.4,71020.6,3181.217
2026-03-19 03:00:00+00:00,71020.7,71598.3,71020.7,71180.0,7040.244
2026-03-19 04:00:00+00:00,71180.0,71180.0,70619.3,70790.7,7360.058
2026-03-19 05:00:00+00:00,70790.7,70879.0,70608.1,70792.8,3273.492
2026-03-19 06:00:00+00:00,70792.7,70945.5,70468.0,70552.4,5644.206
2026-03-19 07:00:00+00:00,70552.4,70570.0,69421.1,70145.1,29674.655
2026-03-19 08:00:00+00:00,70145.0,70255.0,69860.3,69957.4,10244.859
2026-03-19 09:00:00+00:00,69957.4,70535.0,69950.0,70463.0,9450.491
2026-03-19 10:00:00+00:00,70463.0,70499.0,70082.4,70102.0,4002.772
2026-03-19 11:00:00+00:00,70102.1,70238.7,69872.3,69926.8,5000.304
2026-03-19 12:00:00+00:00,69926.8,69926.8,69069.0,69264.6,15880.386
2026-03-19 13:00:00+00:00,69264.7,70058.0,69050.0,69866.3,17941.572
2026-03-19 14:00:00+00:00,69866.2,70144.6,69060.0,69450.1,15442.12
2026-03-19 15:00:00+00:00,69450.0,69879.1,68750.0,69372.7,23601.855
2026-03-19 16:00:00+00:00,69372.8,69611.6,69124.0,69426.3,9611.965
2026-03-19 17:00:00+00:00,69426.3,69938.1,69065.4,69820.0,8509.825
2026-03-19 18:00:00+00:00,69820.0,69900.0,69547.7,69787.5,3893.126
2026-03-19 19:00:00+00:00,69787.4,70563.5,69765.5,70233.1,14880.105
2026-03-19 20:00:00+00:00,70233.0,70655.2,70160.9,70444.3,4006.962
2026-03-19 21:00:00+00:00,70444.4,70654.4,70331.9,70376.1,3314.339
2026-03-19 22:00:00+00:00,70376.0,70475.9,69910.2,70157.0,4898.918
2026-03-19 23:00:00+00:00,70156.9,70260.0,69677.1,69887.4,5207.867
2026-03-20 00:00:00+00:00,69887.4,70280.6,69801.3,70159.9,4090.204
2026-03-20 01:00:00+00:00,70159.9,70563.8,70150.0,70370.9,4257.968
2026-03-20 02:00:00+00:00,70370.8,70485.1,70030.6,70373.8,4122.069
2026-03-20 03:00:00+00:00,70373.8,70777.0,70345.2,70696.1,5649.932
2026-03-20 04:00:00+00:00,70696.1,70944.9,70520.0,70743.4,6625.442
2026-03-20 05:00:00+00:00,70743.3,70833.8,70454.8,70570.2,3678.727
2026-03-20 06:00:00+00:00,70570.3,70623.7,70307.0,70462.0,3815.846
2026-03-20 07:00:00+00:00,70461.9,70900.0,70161.0,70811.9,7878.613
2026-03-20 08:00:00+00:00,70812.0,71342.2,70751.9,71000.4,11657.132
2026-03-20 09:00:00+00:00,71000.4,71001.0,70369.6,70544.9,9569.016
2026-03-20 10:00:00+00:00,70545.0,70651.2,70175.0,70580.9,7665.232
2026-03-20 11:00:00+00:00,70580.9,70780.8,70266.0,70439.9,6576.485
2026-03-20 12:00:00+00:00,70440.0,70647.5,70210.1,70304.6,5698.294
2026-03-20 13:00:00+00:00,70304.7,70580.0,69755.0,69831.1,17011.366
2026-03-20 14:00:00+00:00,69831.0,70240.0,69562.5,69706.0,25363.363
2026-03-20 15:00:00+00:00,69705.9,69983.0,69450.0,69829.5,13612.749
2026-03-20 16:00:00+00:00,69829.5,70080.0,69577.0,69792.1,6707.506
2026-03-20 17:00:00+00:00,69792.1,70035.0,69350.0,69970.8,8524.573
2026-03-20 18:00:00+00:00,69970.9,70048.9,69484.0,69733.3,7316.206
2026-03-20 19:00:00+00:00,69733.6,70161.0,69634.8,70141.9,5484.211
2026-03-20 20:00:00+00:00,70141.9,70225.0,69701.3,70019.7,4882.621
2026-03-20 21:00:00+00:00,70019.7,70720.6,69900.9,70498.3,8129.399
2026-03-20 22:00:00+00:00,70498.3,70888.0,70495.7,70739.2,4817.785
2026-03-20 23:00:00+00:00,70739.2,70739.3,70388.3,70472.7,3106.778
2026-03-21 00:00:00+00:00,70472.6,70803.1,70430.2,70643.9,2903.318
2026-03-21 01:00:00+00:00,70643.9,70726.8,70419.4,70430.3,1737.986
2026-03-21 02:00:00+00:00,70430.4,70758.2,70403.2,70703.7,2552.383
2026-03-21 03:00:00+00:00,70703.7,70752.6,70590.0,70638.0,1573.183
2026-03-21 04:00:00+00:00,70637.9,70798.5,70582.7,70602.7,2350.833
2026-03-21 05:00:00+00:00,70602.8,70800.0,70598.7,70673.9,1965.17
2026-03-21 06:00:00+00:00,70673.8,70786.1,70655.1,70739.2,1710.307
2026-03-21 07:00:00+00:00,70739.2,70849.2,70639.0,70687.3,2290.09
2026-03-21 08:00:00+00:00,70687.4,70721.7,70455.6,70563.3,3947.704
2026-03-21 09:00:00+00:00,70563.3,70711.5,70537.7,70633.5,2079.133
2026-03-21 10:00:00+00:00,70633.5,70666.0,70521.2,70576.0,1612.02
2026-03-21 11:00:00+00:00,70576.0,70619.9,70525.1,70618.3,1200.689
2026-03-21 12:00:00+00:00,70618.2,70769.6,70618.2,70680.0,1926.136
2026-03-21 13:00:00+00:00,70680.0,70785.1,70668.5,70700.3,1321.546
2026-03-21 14:00:00+00:00,70700.3,71077.7,70550.0,70595.0,7576.268
2026-03-21 15:00:00+00:00,70595.0,70739.0,70420.0,70599.1,4021.483
2026-03-21 16:00:00+00:00,70599.1,70620.2,70214.8,70274.9,4396.147
2026-03-21 17:00:00+00:00,70275.0,70399.0,70163.0,70280.1,2927.629
2026-03-21 18:00:00+00:00,70280.0,70504.7,70261.4,70360.6,2015.728
2026-03-21 19:00:00+00:00,70360.6,70417.7,70290.5,70365.9,938.101
2026-03-21 20:00:00+00:00,70365.8,70472.9,70332.3,70432.4,1400.832
2026-03-21 21:00:00+00:00,70432.5,70482.2,70231.7,70321.6,1334.627
2026-03-21 22:00:00+00:00,70321.5,70354.9,70226.7,70253.2,1354.826
2026-03-21 23:00:00+00:00,70253.2,70265.5,68511.3,68881.5,18948.747
2026-03-22 00:00:00+00:00,68881.5,69122.5,68189.0,68904.5,19627.927
2026-03-22 01:00:00+00:00,68904.5,69065.7,68713.5,68926.1,4491.852
2026-03-22 02:00:00+00:00,68926.0,69377.9,68899.9,69237.6,5965.106
2026-03-22 03:00:00+00:00,69237.5,69555.8,69080.3,69307.0,5639.463
2026-03-22 04:00:00+00:00,69307.1,69493.2,69167.0,69313.4,4300.958
2026-03-22 05:00:00+00:00,69313.3,69317.6,69110.0,69116.4,2453.496
2026-03-22 06:00:00+00:00,69116.3,69215.2,69025.6,69126.9,2360.808
2026-03-22 07:00:00+00:00,69126.9,69219.4,68846.4,68884.5,4043.791
2026-03-22 08:00:00+00:00,68884.5,68950.0,68500.1,68756.7,8310.042
2026-03-22 09:00:00+00:00,68756.6,68862.0,68536.7,68780.1,3327.611
2026-03-22 10:00:00+00:00,68780.1,68809.5,68539.5,68601.1,2373.528
2026-03-22 11:00:00+00:00,68601.1,68650.0,68030.0,68177.0,8390.65
2026-03-22 12:00:00+00:00,68177.0,68740.5,68153.1,68614.5,7278.973
2026-03-22 13:00:00+00:00,68614.4,68932.8,68500.9,68660.3,5691.479
2026-03-22 14:00:00+00:00,68660.4,68888.0,68501.0,68675.5,3609.015
2026-03-22 15:00:00+00:00,68675.5,69000.0,68670.0,68814.9,3931.235
2026-03-22 16:00:00+00:00,68814.9,68852.3,68627.9,68761.9,1968.113
2026-03-22 17:00:00+00:00,68761.8,68820.0,68635.0,68635.0,1692.107
2026-03-22 18:00:00+00:00,68635.0,68712.0,68300.1,68580.3,3474.251
2026-03-22 19:00:00+00:00,68580.2,68595.9,68108.0,68170.6,4201.514
2026-03-22 20:00:00+00:00,68170.6,68470.6,68044.4,68134.9,3567.592
2026-03-22 21:00:00+00:00,68135.0,68196.9,67300.0,67864.4,14801.57
2026-03-22 22:00:00+00:00,67864.5,68376.9,67528.3,68301.5,8113.744
2026-03-22 23:00:00+00:00,68301.5,68434.3,67804.1,67830.6,5265.739
2026-03-23 00:00:00+00:00,67830.7,68130.6,67400.1,67642.5,8708.507
2026-03-23 01:00:00+00:00,67642.5,68127.0,67500.0,67875.6,5750.364
2026-03-23 02:00:00+00:00,67875.6,68375.8,67764.2,68282.4,6201.781
2026-03-23 03:00:00+00:00,68282.3,68555.5,68022.6,68045.1,4838.08
2026-03-23 04:00:00+00:00,68045.2,68517.0,68011.2,68504.5,4255.38
2026-03-23 05:00:00+00:00,68504.4,68872.4,68504.4,68864.2,8866.004
2026-03-23 06:00:00+00:00,68864.1,68865.2,67653.1,67845.3,11928.68
2026-03-23 07:00:00+00:00,67845.2,68426.4,67456.7,68306.0,12967.744
2026-03-23 08:00:00+00:00,68305.9,68670.0,68281.6,68400.1,6548.073
2026-03-23 09:00:00+00:00,68400.2,68439.6,67880.0,68305.0,5950.262
2026-03-23 10:00:00+00:00,68304.9,68688.0,68261.0,68512.2,5788.214
2026-03-23 11:00:00+00:00,68512.2,71468.0,68505.7,70097.3,80533.88
2026-03-23 12:00:00+00:00,70097.2,70850.0,69644.0,70710.0,22583.079
2026-03-23 13:00:00+00:00,70710.0,71564.9,70551.3,71450.0,20003.766
2026-03-23 14:00:00+00:00,71449.9,71789.8,71080.9,71409.8,18180.731
2026-03-23 15:00:00+00:00,71409.8,71635.5,70074.7,70112.2,21463.132
2026-03-23 16:00:00+00:00,70112.2,70736.4,70100.5,70539.6,13490.929
2026-03-23 17:00:00+00:00,70539.6,71094.2,70325.6,71052.7,7996.099
2026-03-23 18:00:00+00:00,71052.6,71166.0,70836.4,71040.5,6371.552
2026-03-23 19:00:00+00:00,71040.5,71232.0,70612.5,70647.1,5709.42
2026-03-23 20:00:00+00:00,70647.1,70953.5,70509.3,70876.6,3721.269
2026-03-23 21:00:00+00:00,70876.6,70976.3,70786.1,70813.7,1745.94
2026-03-23 22:00:00+00:00,70813.9,70859.0,70477.1,70745.1,3283.294
2026-03-23 23:00:00+00:00,70745.1,70973.8,70370.0,70865.9,4213.498
2026-03-24 00:00:00+00:00,70866.0,71080.0,70377.9,70650.0,6199.428
2026-03-24 01:00:00+00:00,70650.1,70845.7,70232.0,70479.9,4958.563
2026-03-24 02:00:00+00:00,70479.9,70668.7,70329.9,70416.0,3286.238
2026-03-24 03:00:00+00:00,70416.0,70558.9,70362.6,70512.1,2460.375
2026-03-24 04:00:00+00:00,70512.1,70726.4,70214.3,70339.9,4046.127
2026-03-24 05:00:00+00:00,70340.0,70352.9,70075.5,70249.6,5168.093
2026-03-24 06:00:00+00:00,70249.6,70544.9,70220.0,70507.8,3416.96
2026-03-24 07:00:00+00:00,70507.9,71377.5,70439.8,71255.2,12633.339
2026-03-24 08:00:00+00:00,71255.2,71314.3,70823.9,70933.8,6615.475
2026-03-24 09:00:00+00:00,70933.8,71339.8,70812.7,71288.5,4817.413
2026-03-24 10:00:00+00:00,71288.5,71299.8,71050.1,71237.4,4072.22
2026-03-24 11:00:00+00:00,71237.4,71301.9,70916.9,71116.4,5395.558
2026-03-24 12:00:00+00:00,71116.4,71144.0,70822.2,70924.4,4417.19
2026-03-24 13:00:00+00:00,70924.4,71029.2,69888.0,70067.0,19945.411
2026-03-24 14:00:00+00:00,70067.0,70449.0,69467.8,69847.6,23659.283
2026-03-24 15:00:00+00:00,69847.6,70240.0,69739.5,69837.7,12541.38
2026-03-24 16:00:00+00:00,69837.6,69979.0,69281.2,69448.3,13279.255
2026-03-24 17:00:00+00:00,69448.4,69486.0,68884.5,69205.0,14034.956
2026-03-24 18:00:00+00:00,69205.0,69724.8,69127.4,69399.5,8865.94
2026-03-24 19:00:00+00:00,69399.5,69668.8,69226.0,69342.6,4274.805
2026-03-24 20:00:00+00:00,69342.6,70270.0,69257.9,70066.6,12582.894
2026-03-24 21:00:00+00:00,70066.6,70386.6,69844.3,70296.2,5844.12
2026-03-24 22:00:00+00:00,70296.2,70548.1,70084.0,70277.9,5708.524
2026-03-24 23:00:00+00:00,70278.0,70800.0,70216.7,70523.9,7968.403
2026-03-25 00:00:00+00:00,70524.0,71028.0,70422.6,70804.3,6825.485
2026-03-25 01:00:00+00:00,70804.3,70950.0,70590.6,70643.1,4999.115
2026-03-25 02:00:00+00:00,70643.1,70741.5,70460.1,70500.0,3665.029
2026-03-25 03:00:00+00:00,70500.0,70777.9,70375.0,70689.3,4678.112
2026-03-25 04:00:00+00:00,70689.2,70949.3,70659.9,70938.1,3587.173
2026-03-25 05:00:00+00:00,70938.1,71319.9,70900.2,71080.1,7548.801
2026-03-25 06:00:00+00:00,71080.1,71233.7,70928.5,70962.8,4549.668
2026-03-25 07:00:00+00:00,70962.8,71233.6,70850.0,70900.0,4490.549
2026-03-25 08:00:00+00:00,70899.9,71478.0,70752.5,71209.1,9095.11
2026-03-25 09:00:00+00:00,71209.2,71376.0,71058.4,71301.5,4503.705
2026-03-25 10:00:00+00:00,71301.4,71600.0,71250.9,71462.7,5659.848
2026-03-25 11:00:00+00:00,71462.7,71999.9,71425.0,71650.3,12351.222
2026-03-25 12:00:00+00:00,71650.3,71933.3,71085.5,71685.4,16689.829
2026-03-25 13:00:00+00:00,71685.4,71931.9,71473.3,71546.6,8415.183
2026-03-25 14:00:00+00:00,71546.6,71666.6,71190.0,71203.6,8453.325
2026-03-25 15:00:00+00:00,71203.6,71282.3,70531.4,70792.4,16505.57
2026-03-25 16:00:00+00:00,70792.4,71742.2,70671.3,71290.0,15025.604
2026-03-25 17:00:00+00:00,71290.0,71361.8,70676.8,70752.6,6405.954
2026-03-25 18:00:00+00:00,70752.6,71121.3,70623.4,70786.8,5942.276
2026-03-25 19:00:00+00:00,70786.8,71082.3,70741.8,70853.2,3149.21
2026-03-25 20:00:00+00:00,70853.3,71028.0,70603.0,70970.0,3982.23
2026-03-25 21:00:00+00:00,70970.0,71149.6,70889.6,71000.0,2495.037
2026-03-25 22:00:00+00:00,71000.0,71606.0,70907.1,71330.1,4778.789
2026-03-25 23:00:00+00:00,71330.0,71412.1,71143.5,71297.5,2719.025
2026-03-26 00:00:00+00:00,71297.5,71408.1,71088.1,71265.8,3747.894
2026-03-26 01:00:00+00:00,71265.8,71341.0,71116.9,71212.9,2453.274
2026-03-26 02:00:00+00:00,71212.9,71257.1,70640.0,70855.0,5808.408
2026-03-26 03:00:00+00:00,70855.0,70944.9,70650.0,70881.9,3359.798
2026-03-26 04:00:00+00:00,70882.0,70882.0,70680.0,70737.0,2582.728
2026-03-26 05:00:00+00:00,70737.0,70767.6,69906.2,69988.7,12385.966
2026-03-26 06:00:00+00:00,69988.6,70126.6,69815.4,70057.5,7671.515
2026-03-26 07:00:00+00:00,70057.4,70140.0,69722.6,70053.8,5530.53
2026-03-26 08:00:00+00:00,70053.8,70095.7,69769.7,69985.9,5593.527
2026-03-26 09:00:00+00:00,69986.0,70131.5,69366.0,69537.6,12236.506
2026-03-26 10:00:00+00:00,69537.6,69693.7,69417.0,69480.0,4654.052
2026-03-26 11:00:00+00:00,69480.0,69620.0,69127.2,69239.3,8815.363
2026-03-26 12:00:00+00:00,69239.3,69428.0,69187.4,69395.1,5163.581
2026-03-26 13:00:00+00:00,69395.2,69872.2,69158.9,69617.4,15536.501
2026-03-26 14:00:00+00:00,69615.8,69800.0,69217.0,69450.1,9137.728
2026-03-26 15:00:00+00:00,69450.0,69472.6,68553.4,69054.8,19276.69
2026-03-26 16:00:00+00:00,69054.9,69054.9,68797.8,68904.8,6328.572
2026-03-26 17:00:00+00:00,68904.8,69138.8,68325.2,68456.1,10124.779
2026-03-26 18:00:00+00:00,68456.2,68581.3,68115.8,68457.0,11417.16
2026-03-26 19:00:00+00:00,68457.0,68657.4,68317.9,68502.7,4550.355
2026-03-26 20:00:00+00:00,68502.7,69466.6,68378.5,68973.8,16540.148
2026-03-26 21:00:00+00:00,68973.9,69213.3,68849.8,68885.8,4792.691
2026-03-26 22:00:00+00:00,68885.8,69000.0,68542.5,68862.5,5102.573
2026-03-26 23:00:00+00:00,68862.5,68968.9,68600.0,68788.0,3663.275
2026-03-27 00:00:00+00:00,68788.1,68942.2,68458.5,68746.4,6047.978
2026-03-27 01:00:00+00:00,68746.4,69033.3,68654.8,69016.4,3407.459
2026-03-27 02:00:00+00:00,69016.5,69142.7,68815.5,68870.8,2719.084
2026-03-27 03:00:00+00:00,68870.8,68888.4,68621.5,68728.8,3607.926
2026-03-27 04:00:00+00:00,68728.8,68764.5,68257.2,68540.2,7518.881
2026-03-27 05:00:00+00:00,68540.1,68830.0,68453.6,68588.8,4033.462
2026-03-27 06:00:00+00:00,68588.8,68811.0,68530.6,68621.5,2797.227
2026-03-27 07:00:00+00:00,68621.5,68925.0,68416.5,68501.7,8267.991
2026-03-27 08:00:00+00:00,68501.8,68619.9,67560.0,67876.6,18150.811
2026-03-27 09:00:00+00:00,67876.7,67912.1,67500.2,67651.9,8934.715
2026-03-27 10:00:00+00:00,67652.0,67737.9,66257.4,66456.4,26602.953
2026-03-27 11:00:00+00:00,66456.4,66810.9,66175.4,66663.2,12567.309
2026-03-27 12:00:00+00:00,66663.3,66742.2,66388.0,66579.4,6083.774
2026-03-27 13:00:00+00:00,66579.4,66699.9,65950.0,66153.9,15382.501
2026-03-27 14:00:00+00:00,66153.9,66375.2,65681.5,66162.7,20797.151
2026-03-27 15:00:00+00:00,66162.7,66615.0,65930.3,66092.0,17540.701
2026-03-27 16:00:00+00:00,66091.9,66149.6,65731.8,65945.5,11439.941
2026-03-27 17:00:00+00:00,65945.5,66267.4,65550.0,65604.0,10726.045
2026-03-27 18:00:00+00:00,65604.0,65939.1,65501.0,65804.0,6797.913
2026-03-27 19:00:00+00:00,65804.0,66119.6,65666.6,66005.4,5796.107
2026-03-27 20:00:00+00:00,66005.5,66125.8,65766.1,65983.0,4697.996
2026-03-27 21:00:00+00:00,65983.1,66148.0,65972.6,66040.3,2232.358
2026-03-27 22:00:00+00:00,66040.4,66053.2,65874.4,65981.1,2472.071
2026-03-27 23:00:00+00:00,65981.1,66384.0,65931.5,66364.2,3728.694
2026-03-28 00:00:00+00:00,66364.1,66472.4,66239.9,66389.9,3310.686
2026-03-28 01:00:00+00:00,66389.9,66389.9,66006.1,66137.1,3788.397
2026-03-28 02:00:00+00:00,66137.2,66214.0,65888.0,66020.1,3887.024
2026-03-28 03:00:00+00:00,66020.0,66217.5,66020.0,66191.8,2461.721
2026-03-28 04:00:00+00:00,66191.8,66274.7,66068.3,66243.5,2029.542
2026-03-28 05:00:00+00:00,66243.6,66349.0,66169.0,66310.0,2222.047
2026-03-28 06:00:00+00:00,66310.0,66460.0,66270.9,66358.2,2682.148
2026-03-28 07:00:00+00:00,66358.1,66533.9,66341.3,66520.8,2427.447
2026-03-28 08:00:00+00:00,66520.9,66529.4,66352.1,66374.9,2746.771
2026-03-28 09:00:00+00:00,66374.9,66374.9,66203.5,66270.9,2795.618
2026-03-28 10:00:00+00:00,66271.0,66379.9,66087.3,66184.9,2899.948
2026-03-28 11:00:00+00:00,66184.9,66325.7,66162.0,66288.5,2252.391
2026-03-28 12:00:00+00:00,66288.4,66498.1,66191.7,66416.7,3513.902
2026-03-28 13:00:00+00:00,66416.7,67148.7,66363.6,66813.3,13186.355
2026-03-28 14:00:00+00:00,66813.4,66942.3,66631.5,66716.2,5360.55
2026-03-28 15:00:00+00:00,66716.1,67284.0,66678.1,66982.3,9848.298
2026-03-28 16:00:00+00:00,66982.4,67065.0,66821.3,66894.3,3986.863
2026-03-28 17:00:00+00:00,66894.3,66965.7,66644.0,66808.6,3473.794
2026-03-28 18:00:00+00:00,66808.6,66920.0,66801.0,66871.1,2489.409
2026-03-28 19:00:00+00:00,66871.2,66916.5,66764.7,66873.0,1312.886
2026-03-28 20:00:00+00:00,66873.0,66978.0,66868.3,66885.5,1862.549
2026-03-28 21:00:00+00:00,66885.6,66890.0,66526.8,66644.8,2392.101
2026-03-28 22:00:00+00:00,66644.9,66758.9,66562.0,66729.0,2394.618
2026-03-28 23:00:00+00:00,66729.0,66729.0,66233.6,66334.8,6048.427
2026-03-29 00:00:00+00:00,66334.8,66468.6,66235.6,66444.4,2548.004
2026-03-29 01:00:00+00:00,66444.3,66585.9,66344.2,66536.1,3135.536
2026-03-29 02:00:00+00:00,66536.0,66820.0,66500.4,66773.7,3493.131
2026-03-29 03:00:00+00:00,66773.7,67100.0,66724.0,66875.7,5860.433
2026-03-29 04:00:00+00:00,66875.7,66907.5,66683.3,66701.9,2363.996
2026-03-29 05:00:00+00:00,66701.9,66799.5,66565.0,66741.3,3093.997
2026-03-29 06:00:00+00:00,66741.3,66845.0,66601.1,66704.4,2055.614
2026-03-29 07:00:00+00:00,66704.4,66720.0,66521.4,66632.5,3044.013
2026-03-29 08:00:00+00:00,66632.4,66743.7,66560.0,66689.5,1886.205
2026-03-29 09:00:00+00:00,66689.4,66740.0,66500.9,66600.1,2076.043
2026-03-29 10:00:00+00:00,66600.0,66600.0,66375.5,66473.4,3040.43
2026-03-29 11:00:00+00:00,66473.4,66986.8,66473.3,66780.8,4790.749
2026-03-29 12:00:00+00:00,66780.8,66844.3,66668.0,66818.6,2808.839
2026-03-29 13:00:00+00:00,66818.7,66849.0,66483.9,66546.0,3973.71
2026-03-29 14:00:00+00:00,66546.1,66764.9,66420.0,66556.2,4257.793
2026-03-29 15:00:00+00:00,66556.3,66695.0,66288.1,66500.0,5548.023
2026-03-29 16:00:00+00:00,66499.9,66639.0,66400.0,66467.8,2852.833
2026-03-29 17:00:00+00:00,66467.8,66518.2,66111.0,66356.6,5384.339
2026-03-29 18:00:00+00:00,66356.6,66524.0,66291.2,66397.2,1725.593
2026-03-29 19:00:00+00:00,66397.1,66453.4,66282.1,66320.2,2175.189
2026-03-29 20:00:00+00:00,66320.3,66767.9,66312.7,66578.6,4462.303
2026-03-29 21:00:00+00:00,66578.6,66734.5,66477.5,66678.8,2390.255
2026-03-29 22:00:00+00:00,66678.8,66686.1,64918.2,65820.3,25831.762
2026-03-29 23:00:00+00:00,65820.2,66350.4,65819.0,65977.9,11479.606
2026-03-30 00:00:00+00:00,65978.0,67043.2,65754.2,66251.2,16555.213
2026-03-30 01:00:00+00:00,66251.2,66806.1,66251.1,66624.1,7416.652
2026-03-30 02:00:00+00:00,66624.2,67487.7,66538.5,67087.0,14215.662
2026-03-30 03:00:00+00:00,67087.1,67288.8,66934.7,67139.8,5264.7
2026-03-30 04:00:00+00:00,67140.0,67625.1,67129.3,67579.1,7756.25
2026-03-30 05:00:00+00:00,67579.2,67777.0,67404.0,67459.0,6598.791
2026-03-30 06:00:00+00:00,67459.0,67550.0,67238.6,67273.4,5357.868
2026-03-30 07:00:00+00:00,67273.5,67612.6,67180.5,67595.9,5275.695
2026-03-30 08:00:00+00:00,67595.9,67920.0,67574.6,67634.0,9898.419
2026-03-30 09:00:00+00:00,67633.9,67667.9,67426.0,67466.2,4284.723
2026-03-30 10:00:00+00:00,67466.2,67498.0,67333.3,67463.0,3205.103
2026-03-30 11:00:00+00:00,67463.1,67998.0,67459.7,67651.5,7852.554
2026-03-30 12:00:00+00:00,67651.5,67950.0,67627.7,67859.3,5273.29
2026-03-30 13:00:00+00:00,67859.4,68148.4,67378.7,67490.9,13074.572
2026-03-30 14:00:00+00:00,67490.8,67843.8,67055.0,67762.7,14799.32
2026-03-30 15:00:00+00:00,67762.8,67875.0,67373.7,67590.2,9621.943
2026-03-30 16:00:00+00:00,67590.2,67614.9,67188.0,67333.0,5589.669
2026-03-30 17:00:00+00:00,67332.9,67443.8,66617.3,66805.2,11208.178
2026-03-30 18:00:00+00:00,66805.1,66899.9,66456.4,66620.6,8496.874
2026-03-30 19:00:00+00:00,66620.6,66640.0,66200.1,66516.0,8875.348
2026-03-30 20:00:00+00:00,66515.9,66662.6,66488.7,66614.9,2850.822
2026-03-30 21:00:00+00:00,66614.9,66973.5,66550.0,66770.6,5139.64
2026-03-30 22:00:00+00:00,66770.6,66971.2,66650.9,66746.5,3017.686
2026-03-30 23:00:00+00:00,66746.4,66769.1,66377.1,66764.4,5430.093
2026-03-31 00:00:00+00:00,66764.4,67276.0,66498.9,67172.5,8170.125
2026-03-31 01:00:00+00:00,67172.5,68377.0,67004.2,67896.2,21388.751
2026-03-31 02:00:00+00:00,67896.1,68072.7,67726.9,67911.8,4698.842
2026-03-31 03:00:00+00:00,67911.8,67974.8,67610.5,67670.8,4526.069
2026-03-31 04:00:00+00:00,67670.8,67865.7,67441.8,67510.1,5390.717
2026-03-31 05:00:00+00:00,67510.1,67756.8,67356.4,67648.9,5254.856
2026-03-31 06:00:00+00:00,67649.0,67679.5,67300.1,67465.4,4352.913
2026-03-31 07:00:00+00:00,67465.4,67497.0,67071.9,67343.8,6776.714
2026-03-31 08:00:00+00:00,67343.9,67476.9,66655.0,66745.1,11064.148
2026-03-31 09:00:00+00:00,66745.1,66891.8,65938.0,66099.3,14984.779
2026-03-31 10:00:00+00:00,66099.3,66442.0,66067.0,66329.4,8862.329
2026-03-31 11:00:00+00:00,66329.4,66850.0,66205.0,66652.4,10995.373
2026-03-31 12:00:00+00:00,66652.4,66909.3,66480.0,66623.8,6400.174
2026-03-31 13:00:00+00:00,66623.8,67375.0,66623.8,67255.6,13271.792
2026-03-31 14:00:00+00:00,67255.6,67765.8,66374.4,66555.9,24281.881
2026-03-31 15:00:00+00:00,66556.0,67262.2,66555.9,66700.0,16438.359
2026-03-31 16:00:00+00:00,66700.0,67985.5,66695.9,67632.6,17863.811
2026-03-31 17:00:00+00:00,67632.6,68600.0,67357.1,67493.9,31074.877
2026-03-31 18:00:00+00:00,67493.8,67929.7,67488.0,67814.6,6671.407
2026-03-31 19:00:00+00:00,67814.5,67996.0,67671.3,67803.0,4561.967
2026-03-31 20:00:00+00:00,67803.0,68234.0,67794.8,68227.2,5345.004
2026-03-31 21:00:00+00:00,68227.3,68382.9,67840.4,68234.6,4214.782
2026-03-31 22:00:00+00:00,68234.7,68306.9,67919.5,68141.6,3539.41
2026-03-31 23:00:00+00:00,68141.7,68332.6,68050.0,68241.5,3204.005
2026-04-01 00:00:00+00:00,68241.4,68305.1,67808.1,68288.0,5899.344
2026-04-01 01:00:00+00:00,68288.0,68330.0,67707.5,67746.4,5867.034
2026-04-01 02:00:00+00:00,67746.4,67881.2,67534.9,67623.8,4392.19
2026-04-01 03:00:00+00:00,67623.9,68214.5,67623.9,68134.0,4893.429
2026-04-01 04:00:00+00:00,68134.0,68450.0,67965.0,68272.3,6806.107
2026-04-01 05:00:00+00:00,68272.3,68732.5,68114.5,68418.2,8388.28
2026-04-01 06:00:00+00:00,68418.3,69220.0,68418.2,69069.1,14347.278
2026-04-01 07:00:00+00:00,69069.1,69288.0,68631.1,68651.9,9948.863
2026-04-01 08:00:00+00:00,68651.9,68821.5,68425.5,68630.8,7971.803
2026-04-01 09:00:00+00:00,68630.9,68702.3,68360.0,68608.4,5165.172
2026-04-01 10:00:00+00:00,68608.4,68632.1,68370.1,68545.1,3236.913
2026-04-01 11:00:00+00:00,68545.2,68702.3,68471.5,68669.9,3332.164
2026-04-01 12:00:00+00:00,68670.0,68773.9,68220.9,68363.8,9084.82
2026-04-01 13:00:00+00:00,68364.1,68650.0,67883.7,68091.4,12785.834
2026-04-01 14:00:00+00:00,68091.4,68657.1,68020.0,68559.1,8903.706
2026-04-01 15:00:00+00:00,68559.2,68938.8,68380.3,68877.0,7696.492
2026-04-01 16:00:00+00:00,68876.9,68961.6,68570.0,68781.1,6621.467
2026-04-01 17:00:00+00:00,68781.1,69142.6,68212.1,68239.7,8742.133
2026-04-01 18:00:00+00:00,68239.7,68313.8,67900.4,68054.2,8261.383
2026-04-01 19:00:00+00:00,68054.2,68269.9,68000.0,68143.8,3616.318
2026-04-01 20:00:00+00:00,68143.7,68217.8,67927.0,68159.8,2825.356
2026-04-01 21:00:00+00:00,68159.7,68510.6,68136.5,68324.7,3518.395
2026-04-01 22:00:00+00:00,68324.8,68324.8,68032.9,68088.4,2650.481
2026-04-01 23:00:00+00:00,68088.5,68220.9,67952.2,68086.5,2321.258
2026-04-02 00:00:00+00:00,68086.4,68639.1,68013.3,68565.1,4810.862
2026-04-02 01:00:00+00:00,68565.2,68565.2,67000.3,67316.4,28476.843
2026-04-02 02:00:00+00:00,67316.4,67316.4,66590.0,66821.6,10945.857
2026-04-02 03:00:00+00:00,66821.6,66931.9,66455.9,66538.4,6817.005
2026-04-02 04:00:00+00:00,66538.4,66617.7,66171.8,66300.2,7198.698
2026-04-02 05:00:00+00:00,66300.2,66628.8,66270.0,66558.2,7378.976
2026-04-02 06:00:00+00:00,66558.2,66798.9,66506.4,66652.9,6658.861
2026-04-02 07:00:00+00:00,66653.0,66898.5,66521.4,66887.9,3805.262
2026-04-02 08:00:00+00:00,66887.8,66887.9,66372.9,66418.2,5263.115
2026-04-02 09:00:00+00:00,66418.1,66487.7,66256.0,66428.6,4756.07
2026-04-02 10:00:00+00:00,66428.7,66471.9,66188.1,66424.0,3978.965
2026-04-02 11:00:00+00:00,66424.1,66449.7,66065.1,66180.6,5811.944
2026-04-02 12:00:00+00:00,66180.6,66215.2,65919.1,66014.2,9031.717
2026-04-02 13:00:00+00:00,66014.3,66250.0,65676.1,66227.3,15856.243
2026-04-02 14:00:00+00:00,66227.3,67080.0,66123.0,66822.4,20636.572
2026-04-02 15:00:00+00:00,66822.3,66960.7,66596.2,66810.6,8566.429
2026-04-02 16:00:00+00:00,66810.6,67234.4,66707.6,67050.1,7916.796
2026-04-02 17:00:00+00:00,67050.0,67400.0,66622.4,66641.4,12264.218
2026-04-02 18:00:00+00:00,66641.4,67044.8,66550.0,66941.6,5634.322
2026-04-02 19:00:00+00:00,66941.7,67082.9,66827.8,66943.2,3699.127
2026-04-02 20:00:00+00:00,66943.2,67078.9,66755.6,66906.3,3029.761
2026-04-02 21:00:00+00:00,66906.4,66993.4,66681.3,66910.7,2094.62
2026-04-02 22:00:00+00:00,66910.7,67008.5,66782.0,66954.0,2072.862
2026-04-02 23:00:00+00:00,66954.0,67070.2,66820.6,66868.5,1653.796
2026-04-03 00:00:00+00:00,66868.6,66976.2,66671.0,66761.8,2723.057
2026-04-03 01:00:00+00:00,66761.8,66881.3,66450.0,66599.0,4087.425
2026-04-03 02:00:00+00:00,66599.1,66726.7,66240.0,66504.6,7272.397
2026-04-03 03:00:00+00:00,66504.6,66698.5,66461.0,66550.0,4129.956
2026-04-03 04:00:00+00:00,66550.1,66666.0,66468.0,66578.8,1744.992
2026-04-03 05:00:00+00:00,66578.8,66789.6,66375.1,66574.9,3463.985
2026-04-03 06:00:00+00:00,66574.9,66770.0,66523.2,66762.0,2064.989
2026-04-03 07:00:00+00:00,66762.1,67233.3,66716.4,67008.8,6199.006
2026-04-03 08:00:00+00:00,67008.8,67258.0,66864.1,66935.0,4767.938
2026-04-03 09:00:00+00:00,66935.1,66976.0,66714.3,66828.9,2763.018
2026-04-03 10:00:00+00:00,66828.9,66871.9,66644.0,66845.3,2217.705
2026-04-03 11:00:00+00:00,66845.3,67041.9,66790.6,66983.4,2737.691
2026-04-03 12:00:00+00:00,66983.5,67350.0,66605.9,66690.4,8947.233
2026-04-03 13:00:00+00:00,66690.4,66707.1,66478.5,66644.6,6171.178
2026-04-03 14:00:00+00:00,66644.6,66968.1,66600.0,66900.0,4449.791
2026-04-03 15:00:00+00:00,66899.9,66999.0,66778.9,66806.1,2790.32
2026-04-03 16:00:00+00:00,66806.0,67046.1,66800.0,66972.5,2190.628
2026-04-03 17:00:00+00:00,66972.5,67040.0,66714.1,66811.0,3190.914
2026-04-03 18:00:00+00:00,66811.0,66899.7,66746.9,66783.7,1313.064
2026-04-03 19:00:00+00:00,66783.6,66882.9,66740.6,66857.0,1227.27
2026-04-03 20:00:00+00:00,66857.0,66888.0,66800.0,66800.1,776.851
2026-04-03 21:00:00+00:00,66800.0,66946.3,66791.8,66929.5,1612.364
2026-04-03 22:00:00+00:00,66929.4,66943.0,66813.0,66860.0,1236.07
2026-04-03 23:00:00+00:00,66859.9,66930.0,66800.7,66930.0,1189.991
2026-04-04 00:00:00+00:00,66930.0,66935.3,66838.9,66863.4,939.228
2026-04-04 01:00:00+00:00,66863.4,66895.7,66795.8,66820.0,1195.529
2026-04-04 02:00:00+00:00,66820.0,66891.4,66773.3,66814.1,1049.257
2026-04-04 03:00:00+00:00,66814.0,66875.4,66798.8,66799.1,718.718
2026-04-04 04:00:00+00:00,66799.1,66840.0,66745.5,66833.5,802.699
2026-04-04 05:00:00+00:00,66833.5,66908.4,66817.8,66871.0,1487.395
2026-04-04 06:00:00+00:00,66871.0,67023.7,66871.0,66981.5,1922.566
2026-04-04 07:00:00+00:00,66981.5,67019.1,66904.0,66982.0,1794.695
2026-04-04 08:00:00+00:00,66982.1,67025.0,66874.5,66907.8,1638.621
2026-04-04 09:00:00+00:00,66907.8,66958.2,66882.1,66952.1,884.97
2026-04-04 10:00:00+00:00,66952.1,67150.3,66880.9,67139.1,2711.761
2026-04-04 11:00:00+00:00,67139.1,67223.8,67050.0,67128.9,2757.579
2026-04-04 12:00:00+00:00,67128.9,67152.5,67025.2,67062.0,1463.379
2026-04-04 13:00:00+00:00,67061.9,67245.3,67044.8,67170.0,2344.2
2026-04-04 14:00:00+00:00,67170.0,67193.3,67003.7,67177.6,4367.856
2026-04-04 15:00:00+00:00,67177.5,67554.5,67145.6,67357.3,8203.922
2026-04-04 16:00:00+00:00,67357.4,67500.0,67292.0,67335.2,5582.375
2026-04-04 17:00:00+00:00,67335.1,67386.0,67249.9,67302.3,1946.546
2026-04-04 18:00:00+00:00,67302.3,67350.0,67226.4,67265.7,1442.733
2026-04-04 19:00:00+00:00,67265.6,67523.8,67245.6,67262.7,2205.233
2026-04-04 20:00:00+00:00,67262.8,67269.4,67150.6,67240.2,1456.19
2026-04-04 21:00:00+00:00,67240.2,67452.7,67180.9,67325.0,1362.401
2026-04-04 22:00:00+00:00,67325.0,67438.7,67305.4,67368.9,1151.5
2026-04-04 23:00:00+00:00,67368.9,67371.4,67214.2,67271.0,1340.984
2026-04-05 00:00:00+00:00,67271.1,67279.2,67131.1,67177.0,1420.572
2026-04-05 01:00:00+00:00,67177.0,67200.0,67045.2,67060.6,1631.698
2026-04-05 02:00:00+00:00,67060.6,67154.0,66900.0,67144.3,3024.169
2026-04-05 03:00:00+00:00,67144.3,67166.9,67058.0,67113.5,827.213
2026-04-05 04:00:00+00:00,67113.4,67160.0,67034.8,67066.2,1007.637
2026-04-05 05:00:00+00:00,67066.3,67127.5,66822.8,66905.1,2325.371
2026-04-05 06:00:00+00:00,66905.2,66918.6,66575.5,66771.6,7701.988
2026-04-05 07:00:00+00:00,66771.6,66887.1,66685.3,66787.4,2881.334
2026-04-05 08:00:00+00:00,66787.4,66910.0,66782.1,66892.5,1538.0
2026-04-05 09:00:00+00:00,66892.6,67020.4,66862.3,66996.0,2024.531
2026-04-05 10:00:00+00:00,66996.1,67132.8,66928.1,67012.3,2032.778
2026-04-05 11:00:00+00:00,67012.4,67054.1,66934.4,66972.7,1308.905
2026-04-05 12:00:00+00:00,66972.7,66972.7,66650.0,66751.4,5228.659
2026-04-05 13:00:00+00:00,66751.5,66892.9,66666.0,66863.4,2779.283
2026-04-05 14:00:00+00:00,66863.5,66940.2,66783.1,66892.5,2313.054
2026-04-05 15:00:00+00:00,66892.6,67828.6,66792.6,67272.2,17243.801
2026-04-05 16:00:00+00:00,67272.2,67381.0,67132.2,67178.8,3833.608
2026-04-05 17:00:00+00:00,67178.9,67376.3,67150.0,67342.2,2318.157
2026-04-05 18:00:00+00:00,67342.2,67428.2,67246.6,67381.1,1759.782
2026-04-05 19:00:00+00:00,67381.2,67540.0,67250.0,67329.1,2721.463
2026-04-05 20:00:00+00:00,67329.1,67681.6,67302.4,67636.7,3902.447
2026-04-05 21:00:00+00:00,67636.7,67672.9,67377.2,67519.5,3003.776
2026-04-05 22:00:00+00:00,67519.5,68347.9,67313.6,68313.0,14605.362
2026-04-05 23:00:00+00:00,68313.0,69108.0,68232.0,68997.9,17484.581
2026-04-06 00:00:00+00:00,68997.9,69583.0,68997.9,69051.9,14169.018
2026-04-06 01:00:00+00:00,69051.9,69103.1,68761.0,68782.9,6282.17
2026-04-06 02:00:00+00:00,68782.9,69386.2,68740.2,69183.6,7133.971
2026-04-06 03:00:00+00:00,69183.6,69223.4,69026.6,69092.4,3887.373
2026-04-06 04:00:00+00:00,69092.3,69188.0,68943.3,69107.6,3311.978
2026-04-06 05:00:00+00:00,69107.6,69214.5,69052.0,69167.1,1991.853
2026-04-06 06:00:00+00:00,69167.0,69338.2,68769.6,68958.7,6473.617
2026-04-06 07:00:00+00:00,68958.8,69190.8,68800.0,69089.7,4997.301
2026-04-06 08:00:00+00:00,69089.8,69328.7,69047.7,69191.7,3993.886
2026-04-06 09:00:00+00:00,69191.7,70252.9,69180.0,69699.4,18431.974
2026-04-06 10:00:00+00:00,69699.4,69982.2,69666.0,69739.2,5348.035
2026-04-06 11:00:00+00:00,69739.2,69739.2,69524.0,69583.6,3764.749
2026-04-06 12:00:00+00:00,69583.5,69602.4,69283.0,69337.3,4709.786
2026-04-06 13:00:00+00:00,69337.4,69521.4,69200.1,69399.8,6493.035
2026-04-06 14:00:00+00:00,69399.7,69791.3,69088.0,69620.0,12807.333
2026-04-06 15:00:00+00:00,69620.0,69931.9,69490.0,69922.5,7526.043
2026-04-06 16:00:00+00:00,69922.4,70332.5,69737.6,69759.2,10741.826
2026-04-06 17:00:00+00:00,69759.2,69778.4,69240.0,69540.6,9573.939
2026-04-06 18:00:00+00:00,69540.6,69955.3,69436.4,69852.9,5050.802
2026-04-06 19:00:00+00:00,69852.8,69862.2,69543.8,69704.8,3330.826
2026-04-06 20:00:00+00:00,69704.8,69940.0,69578.0,69779.4,2833.907
2026-04-06 21:00:00+00:00,69779.5,69784.3,69400.0,69476.5,2367.163
2026-04-06 22:00:00+00:00,69476.5,69554.2,68777.0,68777.1,7405.076
2026-04-06 23:00:00+00:00,68777.0,68880.1,68227.5,68817.9,14131.575
2026-04-07 00:00:00+00:00,68817.9,69111.8,68682.7,68738.7,7076.461
2026-04-07 01:00:00+00:00,68738.6,68878.3,68291.0,68363.9,7228.844
2026-04-07 02:00:00+00:00,68363.9,68684.6,68241.9,68640.3,5150.666
2026-04-07 03:00:00+00:00,68640.3,68780.0,68586.5,68746.3,2875.385
2026-04-07 04:00:00+00:00,68746.4,68955.6,68510.5,68819.3,4248.648
2026-04-07 05:00:00+00:00,68819.2,68831.0,68577.6,68627.5,2555.837
2026-04-07 06:00:00+00:00,68627.4,68635.9,68400.6,68540.0,3505.289
2026-04-07 07:00:00+00:00,68539.9,68677.8,68470.0,68592.1,2041.225
2026-04-07 08:00:00+00:00,68592.0,68963.4,68570.7,68907.1,4642.324
2026-04-07 09:00:00+00:00,68907.1,69219.0,68900.0,69109.8,6058.021
2026-04-07 10:00:00+00:00,69109.9,69170.0,68151.8,68196.0,13660.183
2026-04-07 11:00:00+00:00,68196.1,68430.1,68033.0,68310.8,7993.096
2026-04-07 12:00:00+00:00,68310.7,68579.3,68039.8,68367.0,7657.761
2026-04-07 13:00:00+00:00,68366.9,68613.8,68168.0,68208.1,8543.123
2026-04-07 14:00:00+00:00,68208.1,68232.1,67741.0,67831.0,14376.041
2026-04-07 15:00:00+00:00,67831.1,68250.0,67711.0,68138.4,7962.196
2026-04-07 16:00:00+00:00,68138.5,68431.8,68049.9,68207.2,6229.966
2026-04-07 17:00:00+00:00,68207.2,68996.0,68164.5,68670.0,7980.601
2026-04-07 18:00:00+00:00,68670.1,68746.7,68318.1,68413.7,4727.513
2026-04-07 19:00:00+00:00,68413.7,69068.6,68315.3,68975.9,9428.713
2026-04-07 20:00:00+00:00,68975.9,69500.0,68975.9,69285.2,9691.622
2026-04-07 21:00:00+00:00,69285.3,70200.0,69273.3,69886.7,18637.709
2026-04-07 22:00:00+00:00,69886.7,71499.9,69886.6,71479.9,31964.577
2026-04-07 23:00:00+00:00,71479.9,72743.4,71155.0,71890.2,38592.446
2026-04-08 00:00:00+00:00,71890.2,72086.4,71505.2,71681.9,12154.36
2026-04-08 01:00:00+00:00,71681.9,71732.6,71416.9,71446.5,5646.636
2026-04-08 02:00:00+00:00,71446.5,71698.0,71186.0,71330.0,6209.708
2026-04-08 03:00:00+00:00,71329.9,71449.9,71231.3,71259.6,2746.993
2026-04-08 04:00:00+00:00,71259.7,71649.8,71250.0,71528.6,5039.55
2026-04-08 05:00:00+00:00,71528.6,71797.0,71516.3,71701.6,3933.249
2026-04-08 06:00:00+00:00,71701.5,71919.0,71539.2,71697.5,4019.369
2026-04-08 07:00:00+00:00,71697.4,71873.7,71551.8,71612.0,4017.693
2026-04-08 08:00:00+00:00,71612.1,71808.5,71612.0,71776.0,3116.268
2026-04-08 09:00:00+00:00,71776.0,71945.0,71555.3,71655.4,3363.095
2026-04-08 10:00:00+00:00,71655.4,71782.1,71415.3,71445.7,3263.796
2026-04-08 11:00:00+00:00,71445.7,71687.6,71367.0,71650.2,4717.931
2026-04-08 12:00:00+00:00,71650.2,72169.5,71542.6,72023.6,10583.578
2026-04-08 13:00:00+00:00,72023.6,72858.5,71460.1,71563.2,37732.505
2026-04-08 14:00:00+00:00,71563.2,71723.8,70671.6,70888.0,20733.852
2026-04-08 15:00:00+00:00,70888.0,71327.2,70796.4,71274.8,10170.443
2026-04-08 16:00:00+00:00,71274.9,71655.0,71218.9,71560.9,7730.29
2026-04-08 17:00:00+00:00,71561.0,71934.5,71447.4,71847.5,8262.334
2026-04-08 18:00:00+00:00,71847.5,71847.7,71035.8,71064.9,10227.962
2026-04-08 19:00:00+00:00,71064.9,71333.0,70980.0,71283.0,5944.079
2026-04-08 20:00:00+00:00,71283.0,71444.8,71226.0,71336.9,2304.428
2026-04-08 21:00:00+00:00,71337.0,71726.7,71293.2,71509.5,3112.217
2026-04-08 22:00:00+00:00,71509.6,71536.2,71024.2,71024.3,3942.192
2026-04-08 23:00:00+00:00,71024.2,71198.4,70850.9,71038.1,4405.964
2026-04-09 00:00:00+00:00,71038.2,71107.0,70622.9,70779.0,5843.19
2026-04-09 01:00:00+00:00,70779.0,70940.8,70428.0,70900.0,7732.073
2026-04-09 02:00:00+00:00,70899.9,71168.0,70777.0,71029.7,4609.518
2026-04-09 03:00:00+00:00,71029.6,71091.9,70818.0,70961.2,3009.072
2026-04-09 04:00:00+00:00,70961.2,70980.5,70700.0,70760.1,3066.357
2026-04-09 05:00:00+00:00,70760.1,71063.0,70666.0,70959.7,3706.321
2026-04-09 06:00:00+00:00,70959.6,71058.6,70780.1,70998.8,2557.88
2026-04-09 07:00:00+00:00,70998.8,71087.8,70913.5,70945.0,2671.884
2026-04-09 08:00:00+00:00,70945.0,71342.0,70831.9,71207.6,4857.915
2026-04-09 09:00:00+00:00,71207.5,71533.0,71060.9,71488.7,5655.474
2026-04-09 10:00:00+00:00,71488.7,71498.9,71234.7,71234.7,3102.242
2026-04-09 11:00:00+00:00,71234.7,71317.0,71007.8,71109.9,3694.561
2026-04-09 12:00:00+00:00,71109.9,71299.6,70978.8,71245.0,3685.525
2026-04-09 13:00:00+00:00,71244.9,71320.0,70590.0,70765.2,9043.698
2026-04-09 14:00:00+00:00,70765.2,71224.5,70470.2,71083.5,10350.748
2026-04-09 15:00:00+00:00,71083.4,72320.0,70887.8,72108.0,26071.831
2026-04-09 16:00:00+00:00,72108.0,72377.4,71688.8,72048.0,13698.746
2026-04-09 17:00:00+00:00,72048.1,72517.9,72028.2,72306.9,12725.975
2026-04-09 18:00:00+00:00,72307.0,72339.0,71705.0,71849.3,6911.03
2026-04-09 19:00:00+00:00,71849.3,72267.3,71701.3,72055.9,8541.443
2026-04-09 20:00:00+00:00,72055.8,72419.8,71945.0,72377.6,4197.604
2026-04-09 21:00:00+00:00,72377.6,72666.6,72102.5,72230.1,5983.887
2026-04-09 22:00:00+00:00,72230.2,73128.0,71911.1,71911.2,15253.827
2026-04-09 23:00:00+00:00,71911.1,71999.0,71539.9,71750.4,8835.656
2026-04-10 00:00:00+00:00,71750.4,71995.8,71546.0,71932.3,6397.971
2026-04-10 01:00:00+00:00,71932.3,72350.0,71620.6,72124.0,8235.607
2026-04-10 02:00:00+00:00,72124.0,72255.0,71882.3,71926.3,4051.442
2026-04-10 03:00:00+00:00,71926.2,71993.0,71770.5,71837.3,3030.935
2026-04-10 04:00:00+00:00,71837.3,72199.9,71781.9,72088.8,3096.039
2026-04-10 05:00:00+00:00,72088.8,72243.6,71973.8,72098.6,2811.713
2026-04-10 06:00:00+00:00,72098.4,72154.8,71759.0,71778.1,3516.103
2026-04-10 07:00:00+00:00,71778.1,71821.1,71382.1,71461.2,7061.726
2026-04-10 08:00:00+00:00,71461.2,71730.0,71395.0,71571.6,5531.598
2026-04-10 09:00:00+00:00,71571.6,71840.8,71555.8,71746.2,3388.617
2026-04-10 10:00:00+00:00,71746.1,71910.0,71658.8,71872.4,3363.748
2026-04-10 11:00:00+00:00,71872.5,72229.0,71861.5,72092.7,6834.269
2026-04-10 12:00:00+00:00,72092.8,72467.3,71960.5,72225.5,12107.361
2026-04-10 13:00:00+00:00,72225.4,72381.0,71868.5,72284.0,7453.352
2026-04-10 14:00:00+00:00,72283.9,73123.9,72209.8,72870.6,24555.643
2026-04-10 15:00:00+00:00,72870.6,73255.7,72309.5,72421.0,13827.109
2026-04-10 16:00:00+00:00,72421.1,73024.1,72350.0,72954.0,8170.92
2026-04-10 17:00:00+00:00,72954.0,73125.1,72750.0,73079.9,4994.395
2026-04-10 18:00:00+00:00,73079.9,73127.6,72830.7,73056.7,4415.006
2026-04-10 19:00:00+00:00,73056.7,73223.4,72850.5,73187.3,5777.684
2026-04-10 20:00:00+00:00,73187.4,73450.0,72995.8,73310.5,8258.764
2026-04-10 21:00:00+00:00,73310.5,73311.5,72883.7,73156.2,2777.08
2026-04-10 22:00:00+00:00,73156.2,73213.4,72669.1,72834.2,4476.923
2026-04-10 23:00:00+00:00,72834.2,72925.0,72744.1,72917.4,2435.661
2026-04-11 00:00:00+00:00,72917.4,72917.4,72730.8,72792.5,1856.28
2026-04-11 01:00:00+00:00,72792.5,72972.5,72615.0,72920.1,3067.207
2026-04-11 02:00:00+00:00,72920.1,73066.2,72872.6,72928.3,3039.481
2026-04-11 03:00:00+00:00,72928.2,73048.5,72769.4,72835.1,2161.031
2026-04-11 04:00:00+00:00,72835.1,72921.5,72633.5,72771.2,4560.284
2026-04-11 05:00:00+00:00,72771.3,72800.0,72631.0,72680.0,2073.16
2026-04-11 06:00:00+00:00,72680.0,72738.0,72566.4,72727.5,2678.317
2026-04-11 07:00:00+00:00,72727.5,72790.9,72630.0,72707.7,2594.582
2026-04-11 08:00:00+00:00,72707.8,72767.5,72595.0,72625.4,1952.428
2026-04-11 09:00:00+00:00,72625.4,72883.0,72580.0,72874.0,3161.384
2026-04-11 10:00:00+00:00,72874.1,72886.0,72723.2,72801.2,1747.576
2026-04-11 11:00:00+00:00,72801.3,72874.1,72781.4,72868.2,1252.593
2026-04-11 12:00:00+00:00,72868.2,72945.0,72760.3,72895.6,2157.533
2026-04-11 13:00:00+00:00,72895.6,72895.6,72451.9,72612.2,6262.79
2026-04-11 14:00:00+00:00,72612.3,72728.5,72560.4,72660.9,1953.307
2026-04-11 15:00:00+00:00,72660.8,72869.9,72638.8,72817.3,2043.715
2026-04-11 16:00:00+00:00,72817.3,73180.0,72775.3,72991.3,5048.943
2026-04-11 17:00:00+00:00,72991.3,73140.8,72900.1,73056.2,2137.239
2026-04-11 18:00:00+00:00,73056.2,73700.0,72990.2,73515.9,10134.865
2026-04-11 19:00:00+00:00,73515.9,73773.4,73400.4,73635.9,6313.742
2026-04-11 20:00:00+00:00,73635.9,73648.8,73183.5,73252.9,3776.169
2026-04-11 21:00:00+00:00,73252.8,73500.0,73155.0,73384.7,2632.347
2026-04-11 22:00:00+00:00,73384.7,73529.0,73183.4,73333.3,3102.654
2026-04-11 23:00:00+00:00,73333.3,73333.4,72861.2,73013.4,4462.043
2026-04-12 00:00:00+00:00,73013.4,73077.6,72817.4,73038.8,2584.79
2026-04-12 01:00:00+00:00,73038.7,73094.4,71259.0,71598.7,25394.345
2026-04-12 02:00:00+00:00,71598.7,72000.0,71302.0,71723.7,10553.114
2026-04-12 03:00:00+00:00,71723.7,71831.8,71556.3,71563.6,4636.933
2026-04-12 04:00:00+00:00,71563.6,71656.3,71407.7,71428.7,3979.59
2026-04-12 05:00:00+00:00,71428.7,71750.0,71369.7,71665.1,4332.298
2026-04-12 06:00:00+00:00,71665.0,71728.0,71602.0,71618.9,2011.767
2026-04-12 07:00:00+00:00,71618.8,71716.2,71541.4,71628.1,1699.934
2026-04-12 08:00:00+00:00,71628.2,71750.0,71555.0,71592.3,1973.322
2026-04-12 09:00:00+00:00,71592.4,71600.0,71461.7,71502.4,1676.216
2026-04-12 10:00:00+00:00,71502.3,71655.2,71309.7,71416.1,2947.051
2026-04-12 11:00:00+00:00,71416.1,71510.0,71384.3,71435.0,2223.504
2026-04-12 12:00:00+00:00,71435.0,71478.0,71000.0,71050.1,8813.353
2026-04-12 13:00:00+00:00,71050.0,71117.2,70818.7,70861.5,11631.888
2026-04-12 14:00:00+00:00,70861.4,71063.8,70655.6,70714.3,7906.214
2026-04-12 15:00:00+00:00,70714.3,70898.0,70566.5,70856.2,6590.007
2026-04-12 16:00:00+00:00,70856.1,70926.7,70777.0,70890.9,2601.419
2026-04-12 17:00:00+00:00,70890.8,71188.0,70853.1,71099.9,4177.012
2026-04-12 18:00:00+00:00,71100.0,71177.3,71010.0,71092.6,2607.767
2026-04-12 19:00:00+00:00,71092.5,71199.0,71034.6,71055.2,2131.614
2026-04-12 20:00:00+00:00,71055.2,71417.9,70920.4,71302.9,5128.901
2026-04-12 21:00:00+00:00,71302.8,71423.9,71110.3,71331.7,2565.008
2026-04-12 22:00:00+00:00,71331.4,71332.4,70458.2,70875.6,13082.45
2026-04-12 23:00:00+00:00,70875.5,70882.4,70533.0,70711.1,3574.492
2026-04-13 00:00:00+00:00,70711.2,71225.0,70574.0,71130.0,5326.491
2026-04-13 01:00:00+00:00,71129.9,71193.6,70990.7,71156.1,3835.131
2026-04-13 02:00:00+00:00,71156.0,71245.0,70941.4,71047.0,3419.461
2026-04-13 03:00:00+00:00,71047.0,71128.8,70874.4,70944.8,2551.518
2026-04-13 04:00:00+00:00,70944.8,71114.9,70812.7,70854.3,2218.709
2026-04-13 05:00:00+00:00,70854.4,70892.4,70627.9,70847.8,2818.291
2026-04-13 06:00:00+00:00,70847.7,71068.0,70843.7,70989.6,2518.392
2026-04-13 07:00:00+00:00,70989.7,71045.1,70640.3,70780.0,3837.005
2026-04-13 08:00:00+00:00,70780.1,70833.0,70517.3,70644.8,3558.489
2026-04-13 09:00:00+00:00,70644.9,70875.3,70634.9,70758.4,2639.981
2026-04-13 10:00:00+00:00,70758.3,70814.2,70643.5,70716.0,1970.778
2026-04-13 11:00:00+00:00,70716.0,70960.3,70700.3,70883.9,3104.39
2026-04-13 12:00:00+00:00,70883.9,71188.0,70722.3,71043.0,5697.803
2026-04-13 13:00:00+00:00,71043.0,71677.9,70780.0,71623.0,17540.464
2026-04-13 14:00:00+00:00,71623.0,72358.5,71326.3,72347.2,20806.65
2026-04-13 15:00:00+00:00,72347.1,72431.0,71600.1,71823.6,13405.348
2026-04-13 16:00:00+00:00,71823.6,72393.8,71629.5,72157.3,13649.973
2026-04-13 17:00:00+00:00,72157.4,72549.2,72015.5,72101.0,11559.413
2026-04-13 18:00:00+00:00,72100.9,72424.9,72000.0,72380.0,5777.54
2026-04-13 19:00:00+00:00,72380.1,73441.7,72248.5,73272.2,25327.444
2026-04-13 20:00:00+00:00,73272.1,73349.3,72953.3,73098.9,9281.046
2026-04-13 21:00:00+00:00,73098.8,73329.4,73026.7,73140.0,3643.338
2026-04-13 22:00:00+00:00,73140.0,74750.0,73130.0,74599.9,31775.073
2026-04-13 23:00:00+00:00,74600.0,74870.0,74367.6,74385.0,16766.791
2026-04-14 00:00:00+00:00,74384.9,74493.4,74057.7,74127.9,8218.546
2026-04-14 01:00:00+00:00,74127.9,74400.0,73946.9,74345.5,4810.747
2026-04-14 02:00:00+00:00,74345.5,74583.1,74236.1,74294.4,3853.264
2026-04-14 03:00:00+00:00,74294.5,74461.9,74212.8,74408.8,2768.526
2026-04-14 04:00:00+00:00,74408.8,74476.1,74316.9,74355.5,2265.702
2026-04-14 05:00:00+00:00,74355.5,74401.8,74112.2,74184.5,3115.487
2026-04-14 06:00:00+00:00,74184.5,74519.9,74184.5,74485.0,3312.115
2026-04-14 07:00:00+00:00,74485.1,74900.0,74395.6,74513.4,7521.321
2026-04-14 08:00:00+00:00,74513.3,74873.5,74419.1,74713.9,5411.496
2026-04-14 09:00:00+00:00,74714.0,74799.5,74403.1,74471.9,4221.747
2026-04-14 10:00:00+00:00,74471.9,74581.7,74300.0,74309.8,3610.194
2026-04-14 11:00:00+00:00,74309.8,74430.0,74267.2,74342.4,2981.975
2026-04-14 12:00:00+00:00,74342.4,74459.6,74234.0,74416.7,4585.221
2026-04-14 13:00:00+00:00,74416.7,75484.0,74366.0,75471.2,21163.234
2026-04-14 14:00:00+00:00,75471.1,76009.0,74964.7,74966.3,32074.453
2026-04-14 15:00:00+00:00,74966.3,75396.9,74514.1,75268.1,17275.135
2026-04-14 16:00:00+00:00,75268.1,75684.9,74450.0,74597.1,13496.273
2026-04-14 17:00:00+00:00,74597.2,74902.7,74200.2,74699.9,9405.722
2026-04-14 18:00:00+00:00,74699.9,74765.0,73789.7,74050.0,11823.288
2026-04-14 19:00:00+00:00,74049.9,74362.8,73833.5,74176.4,7221.741
2026-04-14 20:00:00+00:00,74176.5,74387.7,73960.0,74059.0,3417.497
2026-04-14 21:00:00+00:00,74058.9,74295.7,73903.8,74230.3,2657.168
2026-04-14 22:00:00+00:00,74230.3,74339.4,73766.8,73987.5,4679.75
2026-04-14 23:00:00+00:00,73987.6,74200.1,73961.3,74106.9,3370.888
2026-04-15 00:00:00+00:00,74106.9,74635.0,74085.0,74520.3,6386.687
2026-04-15 01:00:00+00:00,74520.3,74739.2,74450.8,74568.3,3793.236
2026-04-15 02:00:00+00:00,74568.3,74653.4,74142.7,74280.0,3803.95
2026-04-15 03:00:00+00:00,74280.0,74338.9,74123.6,74296.8,2219.931
2026-04-15 04:00:00+00:00,74296.8,74400.0,74211.3,74290.8,1828.487
2026-04-15 05:00:00+00:00,74290.7,74390.0,73822.6,73983.2,5600.465
2026-04-15 06:00:00+00:00,73983.1,74015.7,73822.0,73851.1,2724.877
2026-04-15 07:00:00+00:00,73851.0,73987.0,73449.0,73705.1,9147.153
2026-04-15 08:00:00+00:00,73705.2,74154.3,73640.1,74070.4,4910.157
2026-04-15 09:00:00+00:00,74070.4,74143.5,73868.0,73968.3,2961.195
2026-04-15 10:00:00+00:00,73968.3,74222.7,73750.0,73825.9,5354.748
2026-04-15 11:00:00+00:00,73825.9,74227.5,73825.9,74155.1,4233.263
2026-04-15 12:00:00+00:00,74155.0,74473.5,74001.1,74228.7,5486.241
2026-04-15 13:00:00+00:00,74228.8,74397.0,73769.5,74015.8,7645.902
2026-04-15 14:00:00+00:00,74015.9,74466.0,73776.5,74108.8,9303.464
2026-04-15 15:00:00+00:00,74108.8,74290.0,73540.0,73797.5,9855.922
2026-04-15 16:00:00+00:00,73797.5,74145.2,73714.9,73900.4,5052.861
2026-04-15 17:00:00+00:00,73900.3,74197.1,73873.8,74099.1,3734.784
2026-04-15 18:00:00+00:00,74099.0,74369.2,74028.0,74349.1,3731.718
2026-04-15 19:00:00+00:00,74349.1,75240.0,74311.9,74957.8,12055.2
2026-04-15 20:00:00+00:00,74957.7,74991.5,74466.5,74796.8,6702.826
2026-04-15 21:00:00+00:00,74796.7,74816.0,74498.6,74703.0,2535.824
2026-04-15 22:00:00+00:00,74703.1,75425.6,74696.0,74931.3,7850.458
2026-04-15 23:00:00+00:00,74931.3,74932.1,74579.0,74776.2,4110.422
2026-04-16 00:00:00+00:00,74776.3,74839.0,74400.0,74772.0,4289.958
2026-04-16 01:00:00+00:00,74772.1,74772.1,74415.0,74612.8,2427.54
2026-04-16 02:00:00+00:00,74612.8,75232.7,74556.7,74840.8,5925.41
2026-04-16 03:00:00+00:00,74840.7,75123.5,74825.1,74851.9,3008.342
2026-04-16 04:00:00+00:00,74851.9,75130.0,74675.4,74899.9,7685.073
2026-04-16 05:00:00+00:00,74900.0,75100.0,74852.4,75006.1,2772.243
2026-04-16 06:00:00+00:00,75006.0,75079.1,74801.8,74985.9,2797.074
2026-04-16 07:00:00+00:00,74985.9,75039.0,74590.3,74667.7,3790.884
2026-04-16 08:00:00+00:00,74667.7,74711.8,74466.9,74634.3,4804.128
2026-04-16 09:00:00+00:00,74634.2,74866.9,74550.0,74558.7,3450.627
2026-04-16 10:00:00+00:00,74558.6,74621.1,74226.2,74267.8,7078.903
2026-04-16 11:00:00+00:00,74267.7,74537.3,74234.9,74528.4,5244.012
2026-04-16 12:00:00+00:00,74528.4,74836.6,74524.7,74577.7,5712.038
2026-04-16 13:00:00+00:00,74577.8,74981.1,73256.8,73755.9,21382.008
2026-04-16 14:00:00+00:00,73756.0,74155.7,73388.0,73937.0,16481.072
2026-04-16 15:00:00+00:00,73936.8,74880.0,73900.0,74659.5,13140.692
2026-04-16 16:00:00+00:00,74659.5,74901.6,74007.6,74140.6,9530.226
2026-04-16 17:00:00+00:00,74140.6,74410.7,73873.5,74301.6,6691.907
2026-04-16 18:00:00+00:00,74301.6,75073.0,74202.0,75000.0,7853.12
2026-04-16 19:00:00+00:00,75000.1,75378.1,74711.0,75309.4,8837.111
2026-04-16 20:00:00+00:00,75309.5,75500.0,74964.6,75188.9,6256.538
2026-04-16 21:00:00+00:00,75189.0,75245.7,74736.5,74902.2,3984.835
2026-04-16 22:00:00+00:00,74902.3,75090.8,74787.7,74833.9,2612.399
2026-04-16 23:00:00+00:00,74833.9,75149.1,74800.0,75106.8,2641.585
2026-04-17 00:00:00+00:00,75106.8,75118.4,74848.4,74900.2,2958.114
2026-04-17 01:00:00+00:00,74900.2,74998.2,74532.9,74707.6,4650.303
2026-04-17 02:00:00+00:00,74707.7,74770.0,74480.0,74670.6,2338.74
2026-04-17 03:00:00+00:00,74670.5,74814.1,74558.9,74582.8,3160.293
2026-04-17 04:00:00+00:00,74582.8,74818.1,74550.0,74748.4,1846.248
2026-04-17 05:00:00+00:00,74748.3,74770.5,74508.2,74604.8,2378.041
2026-04-17 06:00:00+00:00,74604.8,74904.2,74559.7,74895.1,3090.866
2026-04-17 07:00:00+00:00,74895.2,75060.4,74892.7,75047.4,4376.71
2026-04-17 08:00:00+00:00,75047.4,75869.0,74951.6,75749.8,14296.9
2026-04-17 09:00:00+00:00,75749.8,76350.0,75463.2,75746.0,21235.691
2026-04-17 10:00:00+00:00,75746.1,75853.7,75030.2,75229.7,13662.049
2026-04-17 11:00:00+00:00,75229.6,75564.7,75195.7,75542.2,4279.613
2026-04-17 12:00:00+00:00,75542.1,76235.4,75481.8,76195.6,13125.431
2026-04-17 13:00:00+00:00,76195.7,77376.3,76006.7,77294.3,49562.355
2026-04-17 14:00:00+00:00,77294.2,77999.9,76951.1,77825.1,31429.916
2026-04-17 15:00:00+00:00,77825.1,77940.0,77389.0,77736.2,13716.929
2026-04-17 16:00:00+00:00,77736.2,78300.0,77660.0,77805.1,15584.467
2026-04-17 17:00:00+00:00,77805.1,77870.0,77042.0,77465.3,12363.466
2026-04-17 18:00:00+00:00,77465.3,77521.3,77028.4,77112.1,6498.194
2026-04-17 19:00:00+00:00,77112.0,77429.8,76921.9,77348.8,6106.231
2026-04-17 20:00:00+00:00,77349.2,77566.0,77111.0,77283.7,3754.339
2026-04-17 21:00:00+00:00,77283.7,77459.0,77228.6,77400.1,1994.375
2026-04-17 22:00:00+00:00,77400.0,77477.1,77222.1,77261.8,2677.99
2026-04-17 23:00:00+00:00,77261.9,77267.0,76854.2,77030.6,4308.654
2026-04-18 00:00:00+00:00,77030.6,77216.2,76931.0,77135.1,2853.47
2026-04-18 01:00:00+00:00,77135.2,77287.9,77072.7,77175.9,2416.708
2026-04-18 02:00:00+00:00,77175.9,77380.0,77085.6,77249.5,2121.763
2026-04-18 03:00:00+00:00,77249.6,77254.3,76903.2,76964.3,2495.093
2026-04-18 04:00:00+00:00,76964.4,77131.8,76824.1,77065.9,3532.251
2026-04-18 05:00:00+00:00,77065.8,77233.6,77063.5,77085.0,2162.711
2026-04-18 06:00:00+00:00,77085.1,77177.0,77008.0,77078.7,1684.268
2026-04-18 07:00:00+00:00,77078.7,77086.5,76826.8,76951.0,3315.779
2026-04-18 08:00:00+00:00,76951.0,77004.2,76460.0,76695.1,10953.848
2026-04-18 09:00:00+00:00,76695.1,76695.1,76357.1,76557.1,6580.507
2026-04-18 10:00:00+00:00,76557.1,76557.2,76091.8,76150.0,9595.16
2026-04-18 11:00:00+00:00,76150.0,76150.0,75710.6,76002.0,10561.507
2026-04-18 12:00:00+00:00,76002.0,76277.4,76000.0,76168.0,5429.196
2026-04-18 13:00:00+00:00,76168.0,76176.0,75738.0,76080.5,5094.502
2026-04-18 14:00:00+00:00,76080.5,76268.2,75924.4,76211.2,3696.291
2026-04-18 15:00:00+00:00,76211.2,76342.7,75931.9,76124.8,3212.335
2026-04-18 16:00:00+00:00,76124.8,76176.6,75584.1,75897.9,8581.227
2026-04-18 17:00:00+00:00,75897.9,75930.5,75724.8,75783.9,3440.03
2026-04-18 18:00:00+00:00,75783.9,75805.1,75395.9,75603.7,8666.619
2026-04-18 19:00:00+00:00,75603.7,75761.1,75532.3,75604.2,2321.47
2026-04-18 20:00:00+00:00,75604.2,75799.9,75558.6,75706.1,1982.126
2026-04-18 21:00:00+00:00,75706.1,75795.0,75551.0,75766.5,1443.332
2026-04-18 22:00:00+00:00,75766.4,75836.9,75560.0,75765.5,2228.389
2026-04-18 23:00:00+00:00,75765.5,75843.3,75653.4,75653.8,1525.809
2026-04-19 00:00:00+00:00,75653.8,75804.0,75506.1,75627.3,2629.124
2026-04-19 01:00:00+00:00,75627.4,75757.7,75408.5,75577.4,2691.631
2026-04-19 02:00:00+00:00,75577.4,75692.3,75353.0,75450.1,2887.502
2026-04-19 03:00:00+00:00,75450.0,75607.9,75314.0,75473.0,2654.256
2026-04-19 04:00:00+00:00,75472.9,75747.3,75371.6,75623.7,3516.273
2026-04-19 05:00:00+00:00,75623.7,75650.0,75466.3,75505.1,2602.877
2026-04-19 06:00:00+00:00,75505.1,75505.1,75234.2,75359.7,3342.324
2026-04-19 07:00:00+00:00,75359.6,75363.2,74824.3,75205.6,8669.567
2026-04-19 08:00:00+00:00,75205.7,75250.0,75024.3,75220.0,2655.875
2026-04-19 09:00:00+00:00,75220.1,75232.1,74863.6,74974.6,3069.234
2026-04-19 10:00:00+00:00,74974.6,75199.0,74888.0,75175.5,2776.047
2026-04-19 11:00:00+00:00,75175.5,75589.2,75170.0,75557.4,5863.313
2026-04-19 12:00:00+00:00,75557.5,75665.7,75386.4,75529.3,5131.535
2026-04-19 13:00:00+00:00,75529.2,76200.0,75505.1,75877.9,11571.736
2026-04-19 14:00:00+00:00,75878.0,76100.0,75625.9,75971.3,5966.627
2026-04-19 15:00:00+00:00,75971.4,76116.8,75342.3,75807.6,6299.713
2026-04-19 16:00:00+00:00,75807.7,75817.7,75255.7,75345.6,4713.196
2026-04-19 17:00:00+00:00,75345.5,75348.4,74560.0,74742.4,12311.531
2026-04-19 18:00:00+00:00,74742.3,74876.9,74550.0,74736.2,5348.541
2026-04-19 19:00:00+00:00,74736.2,75043.1,74736.2,74917.9,2859.308
2026-04-19 20:00:00+00:00,74918.0,74920.2,74375.0,74591.6,5630.174
2026-04-19 21:00:00+00:00,74591.7,74776.3,74304.5,74379.5,3737.525
2026-04-19 22:00:00+00:00,74379.4,74379.5,73700.2,74005.0,16669.971
2026-04-19 23:00:00+00:00,74005.0,74018.6,73746.4,73758.4,5380.331
2026-04-20 00:00:00+00:00,73758.4,74322.9,73669.0,74228.1,9071.563
2026-04-20 01:00:00+00:00,74228.1,74697.6,74167.6,74549.4,5474.771
2026-04-20 02:00:00+00:00,74549.5,74588.3,74254.9,74364.5,2909.538
2026-04-20 03:00:00+00:00,74364.5,74600.0,74309.8,74593.9,3778.122
2026-04-20 04:00:00+00:00,74593.9,74598.1,74389.1,74523.7,1990.29
2026-04-20 05:00:00+00:00,74523.7,74523.7,74061.2,74226.5,3849.183
2026-04-20 06:00:00+00:00,74226.5,74860.0,74206.7,74751.1,5500.076
2026-04-20 07:00:00+00:00,74751.2,75539.3,74618.0,74795.5,14105.339
2026-04-20 08:00:00+00:00,74795.5,74970.5,74563.2,74691.7,5466.57
2026-04-20 09:00:00+00:00,74691.7,75200.0,74660.8,75028.8,5031.636
2026-04-20 10:00:00+00:00,75028.9,75375.1,74964.8,74993.2,4324.018
2026-04-20 11:00:00+00:00,74993.3,75243.0,74907.1,75148.7,3197.964
2026-04-20 12:00:00+00:00,75148.8,75633.0,74939.1,75245.0,7621.821
2026-04-20 13:00:00+00:00,75245.1,75392.0,74811.7,75232.8,9118.652
2026-04-20 14:00:00+00:00,75232.7,75734.0,74873.1,75000.1,12377.784
2026-04-20 15:00:00+00:00,75000.1,75750.0,74639.5,75668.1,13391.763
2026-04-20 16:00:00+00:00,75668.1,75676.3,75250.0,75300.0,5228.528
2026-04-20 17:00:00+00:00,75300.0,75975.4,75242.5,75853.7,8252.788
2026-04-20 18:00:00+00:00,75853.7,76439.0,75853.7,76388.8,14061.343
2026-04-20 19:00:00+00:00,76389.3,76449.8,76105.6,76252.5,11150.177
2026-04-20 20:00:00+00:00,76252.5,76531.0,76072.9,76229.9,8890.15
2026-04-20 21:00:00+00:00,76230.0,76323.9,75721.7,75909.5,5425.27
2026-04-20 22:00:00+00:00,75909.4,76105.4,75851.1,75927.7,2157.72
2026-04-20 23:00:00+00:00,75927.7,75927.7,75556.2,75790.1,3774.601
2026-04-21 00:00:00+00:00,75790.1,76054.0,75650.0,76050.0,3649.862
2026-04-21 01:00:00+00:00,76049.9,76232.3,75798.6,75887.0,3218.622
2026-04-21 02:00:00+00:00,75887.1,75889.9,75532.0,75540.0,3920.912
2026-04-21 03:00:00+00:00,75540.0,75680.0,75433.1,75669.1,3049.0
2026-04-21 04:00:00+00:00,75669.1,75790.3,75558.8,75768.3,2636.054
2026-04-21 05:00:00+00:00,75768.2,75947.1,75732.3,75760.8,3034.91
2026-04-21 06:00:00+00:00,75760.7,76088.0,75658.3,75930.5,3253.014
2026-04-21 07:00:00+00:00,75930.4,76276.6,75770.0,76050.0,5348.542
2026-04-21 08:00:00+00:00,76050.0,76999.0,76025.0,76462.4,9688.673
2026-04-21 09:00:00+00:00,76462.4,76565.2,76103.3,76324.2,6005.276
2026-04-21 10:00:00+00:00,76324.2,76844.5,76306.3,76702.1,5702.752
2026-04-21 11:00:00+00:00,76702.2,76716.7,76281.1,76408.3,6424.41
2026-04-21 12:00:00+00:00,76408.3,76491.1,75631.2,75972.8,13349.788
2026-04-21 13:00:00+00:00,75972.9,76144.0,75688.0,75859.9,7392.452
2026-04-21 14:00:00+00:00,75860.0,76574.3,75571.7,75628.9,17784.574
2026-04-21 15:00:00+00:00,75628.9,75950.2,75355.2,75799.9,9750.346
2026-04-21 16:00:00+00:00,75800.0,76155.0,75705.4,75739.2,5816.389
2026-04-21 17:00:00+00:00,75739.3,75875.1,75017.8,75516.0,14476.413
2026-04-21 18:00:00+00:00,75515.9,75639.6,75273.0,75563.1,4921.306
2026-04-21 19:00:00+00:00,75563.1,75900.0,74777.9,74988.6,13354.564
2026-04-21 20:00:00+00:00,74988.7,75824.8,74942.2,75649.4,10187.902
2026-04-21 21:00:00+00:00,75649.3,75732.5,75402.9,75506.4,1945.077
2026-04-21 22:00:00+00:00,75506.4,75608.6,75250.0,75598.6,2856.061
2026-04-21 23:00:00+00:00,75598.6,76396.2,75570.3,76288.2,6994.088
2026-04-22 00:00:00+00:00,76288.3,76471.2,76170.0,76327.1,5396.425
2026-04-22 01:00:00+00:00,76327.1,76380.0,76078.6,76267.3,3004.863
2026-04-22 02:00:00+00:00,76267.4,77613.0,76183.7,77568.1,20988.269
2026-04-22 03:00:00+00:00,77568.0,77699.0,77366.0,77488.3,9672.167
2026-04-22 04:00:00+00:00,77488.4,77670.8,77321.7,77475.5,4496.121
2026-04-22 05:00:00+00:00,77475.4,78447.5,77406.0,77954.4,26969.743
2026-04-22 06:00:00+00:00,77954.4,78008.8,77860.0,77971.6,4519.224
2026-04-22 07:00:00+00:00,77971.5,78098.0,77774.3,77979.8,5242.797
2026-04-22 08:00:00+00:00,77979.7,78186.0,77895.3,77970.0,5187.109
2026-04-22 09:00:00+00:00,77970.0,78152.8,77912.1,77959.9,3001.63
2026-04-22 10:00:00+00:00,77959.9,78151.0,77908.6,78117.8,2672.693
2026-04-22 11:00:00+00:00,78117.8,78365.8,78054.5,78263.2,4820.256
2026-04-22 12:00:00+00:00,78263.2,78490.8,78060.0,78196.6,6410.168
2026-04-22 13:00:00+00:00,78196.6,78799.0,78120.1,78794.5,12886.624
2026-04-22 14:00:00+00:00,78794.4,79142.8,78511.1,78996.8,20184.835
2026-04-22 15:00:00+00:00,78996.7,79370.0,78800.3,79234.3,13529.874
2026-04-22 16:00:00+00:00,79234.3,79444.0,78586.7,78705.1,11368.472
2026-04-22 17:00:00+00:00,78705.1,78998.6,78660.0,78869.8,5456.211
2026-04-22 18:00:00+00:00,78869.8,79129.8,78783.7,78989.5,3353.919
2026-04-22 19:00:00+00:00,78989.5,79020.0,78654.6,78791.3,6915.525
2026-04-22 20:00:00+00:00,78791.3,78868.9,78360.0,78395.8,5886.107
2026-04-22 21:00:00+00:00,78395.8,78788.3,78361.4,78713.8,2432.296
2026-04-22 22:00:00+00:00,78713.9,78784.0,78403.2,78552.1,2555.67
2026-04-22 23:00:00+00:00,78552.1,78559.2,78111.6,78139.8,4136.098
2026-04-23 00:00:00+00:00,78139.7,78534.9,77526.8,78389.9,12884.746
2026-04-23 01:00:00+00:00,78390.0,78445.2,78015.0,78311.0,3983.736
2026-04-23 02:00:00+00:00,78310.9,78320.0,77715.0,77897.6,5149.543
2026-04-23 03:00:00+00:00,77897.6,77991.7,77410.7,77704.3,7028.582
2026-04-23 04:00:00+00:00,77704.3,77912.0,77627.4,77871.6,4028.953
2026-04-23 05:00:00+00:00,77871.5,78093.2,77724.4,77991.9,4466.369
2026-04-23 06:00:00+00:00,77992.0,78310.1,77992.0,78167.0,5625.923
2026-04-23 07:00:00+00:00,78167.0,78210.9,77925.9,78009.1,3450.478
2026-04-23 08:00:00+00:00,78009.1,78142.2,77680.0,77822.1,5585.852
2026-04-23 09:00:00+00:00,77822.1,77830.0,77400.2,77613.0,7413.85
2026-04-23 10:00:00+00:00,77613.0,77678.3,76504.6,77362.9,17017.695
2026-04-23 11:00:00+00:00,77363.0,77709.1,77321.6,77649.9,5446.003
2026-04-23 12:00:00+00:00,77650.0,77837.6,77460.4,77826.8,8226.825
2026-04-23 13:00:00+00:00,77826.8,77875.7,77322.8,77486.7,5854.6
2026-04-23 14:00:00+00:00,77486.6,78176.0,77378.4,78132.8,9478.995
2026-04-23 15:00:00+00:00,78132.8,78648.0,77929.0,78329.2,11934.225
2026-04-23 16:00:00+00:00,78329.3,78466.8,77965.8,78049.0,5475.753
2026-04-23 17:00:00+00:00,78049.1,78137.8,76900.1,77715.2,21713.346
2026-04-23 18:00:00+00:00,77715.1,78100.0,77617.8,77631.7,10340.909
2026-04-23 19:00:00+00:00,77631.5,77859.9,77543.4,77670.5,5665.343
2026-04-23 20:00:00+00:00,77670.4,78020.0,77598.4,77841.3,3884.977
2026-04-23 21:00:00+00:00,77841.3,78044.2,77743.3,77819.6,1877.423
2026-04-23 22:00:00+00:00,77819.5,78299.0,77819.5,78194.2,3629.261
2026-04-23 23:00:00+00:00,78194.1,78266.0,77983.5,78216.8,2321.625
2026-04-24 00:00:00+00:00,78217.4,78459.1,78120.0,78376.7,2948.463
2026-04-24 01:00:00+00:00,78376.7,78399.0,77901.0,78369.9,5826.227
2026-04-24 02:00:00+00:00,78369.8,78546.0,77986.0,78074.0,5936.447
2026-04-24 03:00:00+00:00,78074.0,78134.0,77500.0,77690.1,8698.496
2026-04-24 04:00:00+00:00,77690.1,77814.7,77413.0,77620.5,3937.802
2026-04-24 05:00:00+00:00,77620.5,78019.2,77401.5,77911.0,6692.759
2026-04-24 06:00:00+00:00,77911.1,77945.0,77704.0,77741.9,2572.11
2026-04-24 07:00:00+00:00,77742.0,77814.0,77500.0,77620.5,4052.743
2026-04-24 08:00:00+00:00,77620.5,77987.2,77530.1,77744.6,4542.119
2026-04-24 09:00:00+00:00,77744.6,77773.9,77355.8,77497.2,5508.841
2026-04-24 10:00:00+00:00,77497.2,77765.5,77410.0,77715.2,3019.545
2026-04-24 11:00:00+00:00,77715.2,78346.1,77715.1,78194.8,12224.384
2026-04-24 12:00:00+00:00,78194.9,78309.2,77963.6,78233.0,4968.19
2026-04-24 13:00:00+00:00,78233.0,78432.9,77870.0,78050.1,8477.317
2026-04-24 14:00:00+00:00,78050.0,78060.5,77639.0,77986.4,8895.171
2026-04-24 15:00:00+00:00,77986.3,78199.0,77521.0,78007.3,9049.207
2026-04-24 16:00:00+00:00,78007.3,78031.9,77543.4,77732.7,6053.347
2026-04-24 17:00:00+00:00,77732.6,77792.9,77414.4,77644.6,7098.563
2026-04-24 18:00:00+00:00,77644.5,77681.6,77308.0,77579.2,4310.364
2026-04-24 19:00:00+00:00,77579.2,77711.0,77485.1,77596.1,2617.26
2026-04-24 20:00:00+00:00,77596.0,77727.0,77412.8,77688.2,3057.022
2026-04-24 21:00:00+00:00,77688.2,77718.5,77490.0,77490.1,1860.883
2026-04-24 22:00:00+00:00,77490.0,77579.9,77206.8,77294.5,3447.77
2026-04-24 23:00:00+00:00,77294.6,77439.1,77288.9,77395.4,1987.975
2026-04-25 00:00:00+00:00,77395.3,77459.7,77254.7,77419.9,1878.806
2026-04-25 01:00:00+00:00,77420.0,77579.3,77392.7,77490.0,1991.297
2026-04-25 02:00:00+00:00,77490.0,77608.2,77450.0,77567.6,1315.087
2026-04-25 03:00:00+00:00,77567.6,77678.0,77500.0,77629.0,1474.251
2026-04-25 04:00:00+00:00,77629.0,77653.2,77545.0,77579.5,949.516
2026-04-25 05:00:00+00:00,77579.5,77579.5,77438.1,77475.8,1311.61
2026-04-25 06:00:00+00:00,77475.8,77547.0,77437.0,77458.8,1193.859
2026-04-25 07:00:00+00:00,77458.9,77533.2,77400.0,77449.9,1791.902
2026-04-25 08:00:00+00:00,77449.9,77615.6,77444.0,77603.3,1450.313
2026-04-25 09:00:00+00:00,77603.4,77736.8,77536.2,77672.5,1877.998
2026-04-25 10:00:00+00:00,77672.6,77847.0,77672.5,77749.3,2789.797
2026-04-25 11:00:00+00:00,77749.3,77749.3,77564.0,77638.7,2448.382
2026-04-25 12:00:00+00:00,77638.7,77673.0,77500.1,77518.3,1903.699
2026-04-25 13:00:00+00:00,77518.3,77676.5,77518.3,77650.1,1504.373
2026-04-25 14:00:00+00:00,77650.1,77719.1,77589.8,77618.2,1893.011
2026-04-25 15:00:00+00:00,77618.3,77691.1,77263.0,77289.3,4449.411
2026-04-25 16:00:00+00:00,77289.3,77411.8,77100.0,77364.0,5349.276
2026-04-25 17:00:00+00:00,77364.0,77379.7,77162.0,77213.4,1763.102
2026-04-25 18:00:00+00:00,77213.3,77353.6,77174.2,77256.8,1995.754
2026-04-25 19:00:00+00:00,77256.8,77312.6,77153.0,77285.6,1493.528
2026-04-25 20:00:00+00:00,77285.7,77450.0,77267.3,77439.1,1483.127
2026-04-25 21:00:00+00:00,77439.0,77500.0,77367.0,77492.9,1480.822
2026-04-25 22:00:00+00:00,77492.9,77599.9,77455.4,77513.2,1373.441
2026-04-25 23:00:00+00:00,77513.3,77615.7,77480.9,77585.0,1430.124
2026-04-26 00:00:00+00:00,77585.0,77607.7,77401.8,77457.4,2173.275
2026-04-26 01:00:00+00:00,77457.4,77531.6,77395.2,77417.4,1409.129
2026-04-26 02:00:00+00:00,77417.3,77553.9,77410.0,77480.1,1127.32
2026-04-26 03:00:00+00:00,77480.0,77500.0,77280.0,77349.3,1661.189
2026-04-26 04:00:00+00:00,77349.3,77777.0,77338.4,77727.0,3838.691
2026-04-26 05:00:00+00:00,77727.1,78164.7,77670.9,77949.4,7947.368
2026-04-26 06:00:00+00:00,77949.4,78012.2,77851.2,77963.2,1957.273
2026-04-26 07:00:00+00:00,77963.3,78085.0,77920.5,78061.5,1433.48
2026-04-26 08:00:00+00:00,78061.5,78182.8,77973.5,77989.0,2223.646
2026-04-26 09:00:00+00:00,77989.1,78020.0,77880.0,77971.8,1527.171
2026-04-26 10:00:00+00:00,77971.8,78017.7,77914.5,77961.4,1201.415
2026-04-26 11:00:00+00:00,77961.5,78114.5,77961.4,78050.0,1385.869
2026-04-26 12:00:00+00:00,78050.0,78063.5,77715.0,77795.5,3074.328
2026-04-26 13:00:00+00:00,77795.4,77953.2,77742.6,77940.1,2320.964
2026-04-26 14:00:00+00:00,77940.0,78136.5,77840.5,78053.4,3469.246
2026-04-26 15:00:00+00:00,78053.5,78091.3,77912.5,78007.9,2519.454
2026-04-26 16:00:00+00:00,78007.9,78055.7,77890.0,77890.0,1674.536
2026-04-26 17:00:00+00:00,77890.1,78026.9,77815.0,77976.7,1583.178
2026-04-26 18:00:00+00:00,77976.7,78326.2,77945.7,78238.1,5398.017
2026-04-26 19:00:00+00:00,78238.1,78477.9,77967.9,78183.1,6594.545
2026-04-26 20:00:00+00:00,78183.2,78355.1,78107.0,78150.1,1663.712
2026-04-26 21:00:00+00:00,78150.0,78994.8,77777.0,78369.7,9228.611
2026-04-26 22:00:00+00:00,78369.6,78821.1,77915.5,78274.7,8267.639
2026-04-26 23:00:00+00:00,78274.7,78870.3,77988.1,78613.5,6263.249
2026-04-27 00:00:00+00:00,78614.4,79338.0,78319.1,79263.7,10372.842
2026-04-27 01:00:00+00:00,79264.1,79455.0,78671.8,79245.3,10667.809
2026-04-27 02:00:00+00:00,79245.3,79268.8,78984.7,79082.9,4176.886
2026-04-27 03:00:00+00:00,79082.9,79273.4,79032.3,79065.1,3114.466
2026-04-27 04:00:00+00:00,79065.1,79128.1,78830.0,78882.6,3575.923
2026-04-27 05:00:00+00:00,78882.6,78904.1,77503.6,77730.6,28902.851
2026-04-27 06:00:00+00:00,77730.5,77834.0,77408.6,77657.9,9659.834
2026-04-27 07:00:00+00:00,77657.9,77698.2,77512.3,77556.7,3917.886
2026-04-27 08:00:00+00:00,77556.7,77775.3,77500.0,77763.5,4632.246
2026-04-27 09:00:00+00:00,77763.4,77949.9,77657.1,77856.1,5931.398
2026-04-27 10:00:00+00:00,77856.1,77903.1,77740.1,77806.7,2606.755
2026-04-27 11:00:00+00:00,77806.7,77854.2,77700.0,77804.3,1914.929
2026-04-27 12:00:00+00:00,77804.3,77835.7,77575.0,77627.4,4219.551
2026-04-27 13:00:00+00:00,77627.3,77930.3,77516.4,77700.0,7031.14
2026-04-27 14:00:00+00:00,77700.3,78232.0,77627.2,77776.0,9667.156
2026-04-27 15:00:00+00:00,77775.9,77796.3,76524.0,76760.0,24615.058
2026-04-27 16:00:00+00:00,76760.0,76829.1,76509.7,76587.9,7100.753
2026-04-27 17:00:00+00:00,76587.9,76902.7,76585.4,76702.3,5273.641
2026-04-27 18:00:00+00:00,76702.3,76858.5,76623.1,76790.7,2159.377
2026-04-27 19:00:00+00:00,76790.6,76863.0,76400.0,76844.4,5721.293
2026-04-27 20:00:00+00:00,76844.3,77037.0,76780.9,76915.8,2744.525
2026-04-27 21:00:00+00:00,76915.8,76944.5,76740.3,76741.4,1559.525
2026-04-27 22:00:00+00:00,76741.4,77037.0,76714.8,77025.8,3020.956
2026-04-27 23:00:00+00:00,77025.8,77419.7,76971.5,77331.2,6514.083
2026-04-28 00:00:00+00:00,77331.2,77450.0,77171.1,77334.9,4722.234
2026-04-28 01:00:00+00:00,77334.9,77356.8,76989.0,77047.2,3331.975
2026-04-28 02:00:00+00:00,77047.2,77187.7,76632.4,76845.0,5540.628
2026-04-28 03:00:00+00:00,76844.9,76866.5,76633.0,76770.6,2711.856
2026-04-28 04:00:00+00:00,76770.6,76921.8,76654.6,76845.2,2736.878
2026-04-28 05:00:00+00:00,76845.2,77132.4,76760.9,76848.0,4399.965
2026-04-28 06:00:00+00:00,76848.1,76985.1,76525.6,76664.9,4227.65
2026-04-28 07:00:00+00:00,76665.0,76888.0,76324.1,76828.4,6137.08
2026-04-28 08:00:00+00:00,76828.3,76956.0,76701.0,76820.1,3054.31
2026-04-28 09:00:00+00:00,76820.0,76823.6,76443.0,76557.2,2792.382
2026-04-28 10:00:00+00:00,76557.3,76657.0,76427.8,76580.1,2723.919
2026-04-28 11:00:00+00:00,76580.1,76612.3,76088.0,76198.8,7667.234
2026-04-28 12:00:00+00:00,76198.9,76403.7,76129.0,76345.6,5418.068
2026-04-28 13:00:00+00:00,76345.6,76388.0,75904.4,76158.2,10356.863
2026-04-28 14:00:00+00:00,76158.4,76175.0,75635.6,75920.0,11447.593
2026-04-28 15:00:00+00:00,75920.0,76053.0,75789.6,76027.8,5697.881
2026-04-28 16:00:00+00:00,76027.7,76224.2,75840.3,76091.7,3808.818
2026-04-28 17:00:00+00:00,76091.7,76247.0,75915.2,76154.2,3441.505
2026-04-28 18:00:00+00:00,76154.1,76251.0,76100.0,76208.2,2834.587
2026-04-28 19:00:00+00:00,76208.1,76352.0,76032.3,76293.6,2431.825
2026-04-28 20:00:00+00:00,76293.5,76432.5,76287.1,76420.0,2552.304
2026-04-28 21:00:00+00:00,76420.0,76448.0,76217.8,76321.5,2075.404
2026-04-28 22:00:00+00:00,76321.5,76409.6,76178.0,76206.2,2016.484
2026-04-28 23:00:00+00:00,76206.1,76340.8,76150.0,76298.1,1791.434
2026-04-29 00:00:00+00:00,76298.2,76519.8,76227.5,76470.9,2818.37
2026-04-29 01:00:00+00:00,76471.0,76633.3,76138.7,76534.9,4055.817
2026-04-29 02:00:00+00:00,76535.0,76633.3,76350.8,76488.1,2303.457
2026-04-29 03:00:00+00:00,76488.0,77098.8,76466.5,76955.7,8580.322
2026-04-29 04:00:00+00:00,76955.7,77432.1,76839.8,77224.2,10431.888
2026-04-29 05:00:00+00:00,77224.1,77298.9,77150.0,77254.7,3625.768
2026-04-29 06:00:00+00:00,77254.7,77294.4,76888.0,76978.5,6541.227
2026-04-29 07:00:00+00:00,76978.5,77140.0,76951.0,77003.8,3425.117
2026-04-29 08:00:00+00:00,77003.8,77113.6,76921.2,76998.5,2062.265
2026-04-29 09:00:00+00:00,76998.4,77774.0,76918.5,77605.5,10758.462
2026-04-29 10:00:00+00:00,77605.4,77873.2,77506.8,77575.3,8863.719
2026-04-29 11:00:00+00:00,77575.3,77654.7,77440.0,77552.5,4039.518
2026-04-29 12:00:00+00:00,77552.5,77563.6,76945.1,77110.0,9040.986
2026-04-29 13:00:00+00:00,77110.0,77225.7,76385.0,76748.7,14778.858
2026-04-29 14:00:00+00:00,76748.6,76850.0,76441.5,76540.3,7706.251
2026-04-29 15:00:00+00:00,76540.2,76607.5,75675.2,75889.1,15958.521
2026-04-29 16:00:00+00:00,75889.1,76115.4,75653.0,75774.7,12042.679
2026-04-29 17:00:00+00:00,75774.7,76145.8,75752.5,76139.6,6567.744
2026-04-29 18:00:00+00:00,76139.3,76220.0,74868.0,75470.1,29543.33
2026-04-29 19:00:00+00:00,75470.1,75564.0,75251.6,75518.5,6232.553
2026-04-29 20:00:00+00:00,75518.4,75826.7,75448.0,75636.0,7360.038
2026-04-29 21:00:00+00:00,75636.1,76061.2,75562.3,75883.1,3816.321
2026-04-29 22:00:00+00:00,75883.1,75966.0,75775.7,75884.5,3301.14
2026-04-29 23:00:00+00:00,75884.5,75956.8,75651.3,75749.9,2679.152
2026-04-30 00:00:00+00:00,75749.9,76300.0,75612.2,76199.1,6686.166
2026-04-30 01:00:00+00:00,76199.1,76445.0,76130.1,76193.9,4748.673
2026-04-30 02:00:00+00:00,76193.9,76311.8,75448.9,75663.6,8068.355
2026-04-30 03:00:00+00:00,75663.5,75950.0,75608.6,75882.1,2571.359
2026-04-30 04:00:00+00:00,75881.6,75931.7,75363.2,75458.3,4706.24
2026-04-30 05:00:00+00:00,75458.4,75721.0,75273.5,75569.6,3431.262
2026-04-30 06:00:00+00:00,75569.6,75835.6,75540.1,75720.6,2811.479
2026-04-30 07:00:00+00:00,75720.6,76148.0,75684.6,76129.9,4812.983
2026-04-30 08:00:00+00:00,76129.9,76180.0,75987.6,76025.7,4692.217
2026-04-30 09:00:00+00:00,76025.8,76332.6,75973.3,76062.7,3618.199
2026-04-30 10:00:00+00:00,76062.7,76136.6,75943.3,76001.6,2477.841
2026-04-30 11:00:00+00:00,76001.7,76233.0,75836.0,76032.9,4543.519
2026-04-30 12:00:00+00:00,76032.9,76375.1,76009.8,76259.0,5432.389
2026-04-30 13:00:00+00:00,76259.0,76630.3,76066.6,76370.3,8634.181
2026-04-30 14:00:00+00:00,76370.4,76546.7,76044.7,76256.0,7816.799
2026-04-30 15:00:00+00:00,76256.1,76614.9,76116.0,76423.0,5078.328
2026-04-30 16:00:00+00:00,76423.0,76446.9,76181.9,76220.1,2781.497
2026-04-30 17:00:00+00:00,76220.2,76294.2,76060.4,76209.2,3008.42
2026-04-30 18:00:00+00:00,76209.2,76440.0,76166.3,76309.1,2871.7
2026-04-30 19:00:00+00:00,76309.2,76470.5,76264.2,76366.7,3099.22
2026-04-30 20:00:00+00:00,76366.7,76536.2,76273.3,76451.1,3025.849
2026-04-30 21:00:00+00:00,76451.1,76495.4,76186.0,76202.8,1910.851
2026-04-30 22:00:00+00:00,76202.8,76409.3,76155.1,76197.9,1508.83
2026-04-30 23:00:00+00:00,76198.0,76347.0,76173.3,76305.4,1418.103
2026-05-01 00:00:00+00:00,76305.4,76557.3,76265.4,76415.1,2833.122
2026-05-01 01:00:00+00:00,76415.1,76738.3,76400.1,76644.1,3011.553
2026-05-01 02:00:00+00:00,76644.0,76703.2,76485.2,76552.9,2376.3
2026-05-01 03:00:00+00:00,76552.8,77421.2,76510.0,77082.6,13452.056
2026-05-01 04:00:00+00:00,77082.6,77177.1,76900.0,76997.4,4141.156
2026-05-01 05:00:00+00:00,76997.3,77155.0,76988.0,77135.3,1833.901
2026-05-01 06:00:00+00:00,77135.3,77143.5,76833.7,76953.9,2858.941
2026-05-01 07:00:00+00:00,76953.8,77110.0,76922.4,77100.0,3484.42
2026-05-01 08:00:00+00:00,77099.9,77480.0,77010.5,77340.0,7056.179
2026-05-01 09:00:00+00:00,77340.1,77358.5,77160.0,77239.3,3412.386
2026-05-01 10:00:00+00:00,77239.3,77408.7,77118.1,77268.9,2931.392
2026-05-01 11:00:00+00:00,77268.9,77588.4,77232.4,77429.5,4473.362
2026-05-01 12:00:00+00:00,77429.6,78145.3,77368.2,77847.2,18429.963
2026-05-01 13:00:00+00:00,77847.2,78879.9,77847.1,78691.3,22865.238
2026-05-01 14:00:00+00:00,78691.3,78860.0,78004.1,78312.9,15174.189
2026-05-01 15:00:00+00:00,78312.8,78688.0,78130.0,78395.4,10478.48
2026-05-01 16:00:00+00:00,78395.4,78642.0,78130.0,78175.4,7267.884
2026-05-01 17:00:00+00:00,78175.4,78557.4,78081.5,78509.2,4667.591
2026-05-01 18:00:00+00:00,78509.3,78597.9,78336.1,78392.1,3962.063
2026-05-01 19:00:00+00:00,78392.1,78514.2,78274.0,78316.9,3138.28
2026-05-01 20:00:00+00:00,78317.0,78402.9,77717.7,77838.2,6294.832
2026-05-01 21:00:00+00:00,77838.1,78163.8,77815.0,78163.8,3397.6
2026-05-01 22:00:00+00:00,78163.8,78368.3,78091.8,78105.9,3177.489
2026-05-01 23:00:00+00:00,78105.9,78214.5,77990.9,78192.0,2279.929
2026-05-02 00:00:00+00:00,78191.9,78358.7,78123.0,78303.3,2196.897
2026-05-02 01:00:00+00:00,78303.3,78413.4,78246.5,78295.8,1674.33
2026-05-02 02:00:00+00:00,78295.8,78480.0,78210.3,78319.2,1651.331
2026-05-02 03:00:00+00:00,78319.3,78503.9,78183.4,78377.7,2593.32
2026-05-02 04:00:00+00:00,78377.7,78416.8,78040.0,78137.4,3846.424
2026-05-02 05:00:00+00:00,78137.3,78219.6,77979.3,78140.0,3285.902
2026-05-02 06:00:00+00:00,78140.1,78322.0,78099.4,78278.3,1731.257
2026-05-02 07:00:00+00:00,78278.3,78304.2,78156.1,78181.6,1391.002
2026-05-02 08:00:00+00:00,78181.6,78318.0,78113.0,78272.2,1385.259
2026-05-02 09:00:00+00:00,78272.2,78359.2,78168.4,78252.3,1283.755
2026-05-02 10:00:00+00:00,78252.4,78273.1,78175.0,78205.4,886.618
2026-05-02 11:00:00+00:00,78205.5,78205.5,78055.7,78105.7,1999.778
2026-05-02 12:00:00+00:00,78105.7,78232.0,78056.0,78169.7,1727.077
2026-05-02 13:00:00+00:00,78169.7,78403.1,78169.6,78332.0,2617.892
2026-05-02 14:00:00+00:00,78331.9,78458.2,78271.8,78380.9,2683.317
2026-05-02 15:00:00+00:00,78380.8,78450.0,78320.0,78449.8,1206.057
2026-05-02 16:00:00+00:00,78449.8,78565.9,78390.0,78419.9,2698.317
2026-05-02 17:00:00+00:00,78419.9,78453.9,78328.1,78362.1,1005.401
2026-05-02 18:00:00+00:00,78362.1,78459.0,78277.0,78432.1,1216.117
2026-05-02 19:00:00+00:00,78432.0,78486.5,78404.8,78443.8,682.391
2026-05-02 20:00:00+00:00,78444.1,78449.0,78376.0,78415.2,551.75
2026-05-02 21:00:00+00:00,78415.3,79145.0,78401.5,78689.8,8643.996
2026-05-02 22:00:00+00:00,78689.7,78838.0,78569.2,78793.2,2889.876
2026-05-02 23:00:00+00:00,78793.2,78793.2,78588.3,78652.9,1593.044
2026-05-03 00:00:00+00:00,78652.8,78740.5,78437.8,78499.9,3340.415
2026-05-03 01:00:00+00:00,78499.9,78500.0,78100.0,78200.0,4310.343
2026-05-03 02:00:00+00:00,78200.0,78272.0,78069.0,78131.3,3527.589
2026-05-03 03:00:00+00:00,78131.4,78185.0,78075.1,78162.4,2031.354
2026-05-03 04:00:00+00:00,78162.3,78202.6,78075.8,78132.3,1381.549
2026-05-03 05:00:00+00:00,78132.3,78227.7,78121.1,78208.5,1139.456
2026-05-03 06:00:00+00:00,78208.5,78318.7,78027.0,78249.0,2139.475
2026-05-03 07:00:00+00:00,78249.0,78415.4,78248.9,78316.6,2420.464
2026-05-03 08:00:00+00:00,78316.6,78475.3,78316.5,78343.5,1313.598
2026-05-03 09:00:00+00:00,78343.5,78579.0,78295.1,78496.5,2342.27
2026-05-03 10:00:00+00:00,78496.6,78499.9,78358.3,78369.4,1126.267
2026-05-03 11:00:00+00:00,78369.3,78814.7,78340.0,78620.5,4413.802
2026-05-03 12:00:00+00:00,78620.6,78850.0,78620.6,78715.4,3638.846
2026-05-03 13:00:00+00:00,78715.3,78739.8,78522.9,78634.3,2282.92
2026-05-03 14:00:00+00:00,78634.4,78750.0,78577.0,78700.6,1937.694
2026-05-03 15:00:00+00:00,78700.6,78787.7,78584.1,78625.2,1990.431
2026-05-03 16:00:00+00:00,78625.2,78749.5,78550.0,78619.1,1400.374
2026-05-03 17:00:00+00:00,78619.2,78790.0,78514.2,78693.7,1981.687
2026-05-03 18:00:00+00:00,78693.7,78730.6,78588.2,78706.7,984.952
2026-05-03 19:00:00+00:00,78706.7,78832.2,78637.8,78729.1,1376.932
2026-05-03 20:00:00+00:00,78729.1,79266.0,78690.0,78889.0,7057.354
2026-05-03 21:00:00+00:00,78889.0,79026.0,78608.8,78794.5,3120.386
2026-05-03 22:00:00+00:00,78794.6,79428.9,78794.6,79141.4,10542.259
2026-05-03 23:00:00+00:00,79141.5,79260.3,78440.0,78529.0,6233.204
2026-05-04 00:00:00+00:00,78529.0,78538.3,78235.4,78504.9,5606.024
2026-05-04 01:00:00+00:00,78505.0,79849.8,78374.9,79755.9,18031.254
2026-05-04 02:00:00+00:00,79756.0,80400.0,79493.0,80136.6,26000.914
2026-05-04 03:00:00+00:00,80136.6,80426.0,79873.3,80278.7,9846.02
2026-05-04 04:00:00+00:00,80278.7,80590.2,80184.8,80300.0,9960.785
2026-05-04 05:00:00+00:00,80300.0,80370.0,79905.0,79983.9,8772.023
2026-05-04 06:00:00+00:00,79984.0,80005.8,79440.0,79824.7,8760.329
2026-05-04 07:00:00+00:00,79824.7,79907.6,79633.0,79663.5,3303.354
2026-05-04 08:00:00+00:00,79663.4,79768.6,79555.8,79666.5,3890.024
2026-05-04 09:00:00+00:00,79666.6,79900.0,79600.2,79800.1,3658.996
2026-05-04 10:00:00+00:00,79800.1,79851.3,78128.3,78894.8,48091.994
2026-05-04 11:00:00+00:00,78894.9,79080.0,78658.1,78753.5,9358.674
2026-05-04 12:00:00+00:00,78753.5,78993.7,78670.6,78816.1,4486.148
2026-05-04 13:00:00+00:00,78816.1,79099.7,78532.9,78747.6,10649.286
2026-05-04 14:00:00+00:00,78747.6,80528.9,78450.0,80160.1,28439.342
2026-05-04 15:00:00+00:00,80165.2,80332.8,79246.7,79976.7,32330.021
2026-05-04 16:00:00+00:00,79976.6,80352.0,79562.0,79982.4,13490.048
2026-05-04 17:00:00+00:00,79982.3,80771.7,79978.6,80339.8,13498.969
2026-05-04 18:00:00+00:00,80339.8,80395.9,80001.0,80080.9,7363.536
2026-05-04 19:00:00+00:00,80080.9,80108.0,79848.5,80018.4,4571.725
2026-05-04 20:00:00+00:00,80018.3,80124.7,79846.5,79896.5,2597.615
2026-05-04 21:00:00+00:00,79896.5,80349.6,79896.4,80216.9,2456.981
2026-05-04 22:00:00+00:00,80216.9,80363.2,80003.6,80031.9,2463.022
2026-05-04 23:00:00+00:00,80031.9,80032.0,79715.9,79826.1,3289.498
2026-05-05 00:00:00+00:00,79826.1,80150.0,79761.2,80130.9,3195.753
2026-05-05 01:00:00+00:00,80130.9,80343.0,80031.5,80310.9,3348.09
2026-05-05 02:00:00+00:00,80310.9,80871.4,80255.5,80514.4,8623.726
2026-05-05 03:00:00+00:00,80514.4,81050.0,80411.1,80836.9,8859.476
2026-05-05 04:00:00+00:00,80836.8,80941.9,80671.4,80850.8,4460.61
2026-05-05 05:00:00+00:00,80850.9,81278.2,80783.8,80924.1,13806.146
2026-05-05 06:00:00+00:00,80924.2,80973.8,80750.0,80934.6,3804.971
2026-05-05 07:00:00+00:00,80934.7,81111.0,80793.7,80815.8,4895.19
2026-05-05 08:00:00+00:00,80815.8,80837.9,80674.7,80776.0,5268.223
2026-05-05 09:00:00+00:00,80776.0,80776.0,80480.6,80551.0,4744.606
2026-05-05 10:00:00+00:00,80551.0,80789.0,80488.0,80786.8,3965.855
2026-05-05 11:00:00+00:00,80786.7,81071.0,80735.8,80973.0,7935.593
2026-05-05 12:00:00+00:00,80973.1,81258.0,80879.5,81223.3,7294.89
2026-05-05 13:00:00+00:00,81223.3,81656.6,81138.0,81278.3,23631.782
2026-05-05 14:00:00+00:00,81278.3,81458.8,80890.0,81284.1,10606.334
2026-05-05 15:00:00+00:00,81284.0,81640.7,81184.0,81488.7,7558.484
2026-05-05 16:00:00+00:00,81488.7,81578.1,81000.0,81250.7,9912.893
2026-05-05 17:00:00+00:00,81250.6,81420.0,81133.3,81223.6,3484.672
2026-05-05 18:00:00+00:00,81223.6,81577.4,81223.6,81463.6,3167.069
2026-05-05 19:00:00+00:00,81463.6,81636.4,81347.5,81554.4,3810.26
2026-05-05 20:00:00+00:00,81554.3,81729.3,81458.0,81607.2,8236.403
2026-05-05 21:00:00+00:00,81607.2,81745.4,81266.5,81363.3,4414.086
2026-05-05 22:00:00+00:00,81363.4,81564.4,80752.8,81076.7,10927.281
2026-05-05 23:00:00+00:00,81076.7,81176.9,80716.8,80861.9,4969.135
2026-05-06 00:00:00+00:00,80861.9,81228.4,80651.2,80980.5,6787.966
2026-05-06 01:00:00+00:00,80980.4,81490.0,80942.7,81390.4,4493.266
2026-05-06 02:00:00+00:00,81390.4,81400.0,81000.0,81319.5,2928.988
2026-05-06 03:00:00+00:00,81319.5,81716.3,81308.7,81535.9,5125.641
2026-05-06 04:00:00+00:00,81535.9,81599.0,81223.6,81285.1,3240.989
2026-05-06 05:00:00+00:00,81285.0,81307.3,81005.6,81277.8,3446.87
2026-05-06 06:00:00+00:00,81277.9,81474.9,81154.6,81431.7,2787.037
2026-05-06 07:00:00+00:00,81431.7,81571.4,81269.5,81333.3,3593.762
2026-05-06 08:00:00+00:00,81333.4,81945.0,81280.0,81903.6,11607.808
2026-05-06 09:00:00+00:00,81903.7,82019.2,81618.7,81959.3,12700.462
2026-05-06 10:00:00+00:00,81959.2,82360.9,81929.9,82242.1,13253.165
2026-05-06 11:00:00+00:00,82242.0,82828.7,82211.3,82485.4,15315.668
2026-05-06 12:00:00+00:00,82485.3,82508.7,82120.0,82188.0,9116.091
2026-05-06 13:00:00+00:00,82187.9,82187.9,81539.4,81621.1,14320.789
2026-05-06 14:00:00+00:00,81621.4,81934.6,81073.1,81471.6,16993.761
2026-05-06 15:00:00+00:00,81471.6,81780.0,81257.1,81656.4,6583.026
2026-05-06 16:00:00+00:00,81656.4,81855.0,81372.6,81575.3,5659.811
2026-05-06 17:00:00+00:00,81575.4,81667.3,81335.0,81401.5,3115.004
2026-05-06 18:00:00+00:00,81401.6,81520.9,81213.2,81300.0,3202.617
2026-05-06 19:00:00+00:00,81300.0,81470.4,81137.8,81416.5,2722.756
2026-05-06 20:00:00+00:00,81416.5,81655.0,81251.7,81378.5,3420.381
2026-05-06 21:00:00+00:00,81378.6,81579.0,81250.0,81494.6,1471.516
2026-05-06 22:00:00+00:00,81494.7,81502.7,81192.3,81295.8,1996.033
2026-05-06 23:00:00+00:00,81295.8,81404.0,80929.8,81390.1,4317.101
2026-05-07 00:00:00+00:00,81390.0,81450.5,80925.6,80966.9,4684.83
2026-05-07 01:00:00+00:00,80967.0,81245.9,80767.1,81121.2,6285.66
2026-05-07 02:00:00+00:00,81121.2,81134.1,80836.0,81076.8,4769.925
2026-05-07 03:00:00+00:00,81076.7,81076.7,80780.0,80797.3,2629.383
2026-05-07 04:00:00+00:00,80797.4,80961.8,80675.8,80939.9,4053.29
2026-05-07 05:00:00+00:00,80939.9,81145.7,80930.0,81047.4,2984.082
2026-05-07 06:00:00+00:00,81047.4,81400.0,80842.4,81395.3,5453.313
2026-05-07 07:00:00+00:00,81395.3,81680.6,81350.0,81480.1,7065.961
2026-05-07 08:00:00+00:00,81480.0,81564.6,81161.6,81195.9,4516.181
2026-05-07 09:00:00+00:00,81196.0,81196.0,80803.0,80888.9,5990.831
2026-05-07 10:00:00+00:00,80888.8,80970.7,80521.8,80800.0,6040.833
2026-05-07 11:00:00+00:00,80800.1,81028.7,80738.0,80827.9,3470.722
2026-05-07 12:00:00+00:00,80827.9,81158.7,80800.0,81118.5,3425.996
2026-05-07 13:00:00+00:00,81118.4,81123.9,80187.9,80457.5,11703.803
2026-05-07 14:00:00+00:00,80457.6,80656.2,80000.1,80130.1,12818.532
2026-05-07 15:00:00+00:00,80130.2,80242.3,79605.0,79861.6,13029.125
2026-05-07 16:00:00+00:00,79861.5,79991.7,79667.4,79763.3,6606.246
2026-05-07 17:00:00+00:00,79763.3,80094.7,79461.5,80053.3,7873.508
2026-05-07 18:00:00+00:00,80053.3,80235.0,79952.7,80160.1,5178.866
2026-05-07 19:00:00+00:00,80160.1,80175.6,79885.9,80103.1,3311.416
2026-05-07 20:00:00+00:00,80103.1,80331.6,79809.3,79838.2,3633.55
2026-05-07 21:00:00+00:00,79838.3,79888.0,79576.3,79683.7,3777.471
2026-05-07 22:00:00+00:00,79683.7,79946.3,79531.1,79872.1,3732.548
2026-05-07 23:00:00+00:00,79872.1,80026.4,79820.0,79969.4,1691.58
2026-05-08 00:00:00+00:00,79969.5,80106.3,79671.0,79796.1,3436.384
2026-05-08 01:00:00+00:00,79796.2,79871.0,79566.0,79699.9,2388.101
2026-05-08 02:00:00+00:00,79700.0,79715.2,79288.0,79449.7,6526.98
2026-05-08 03:00:00+00:00,79449.7,79634.6,79137.4,79540.0,5128.074
2026-05-08 04:00:00+00:00,79539.9,79723.3,79506.4,79619.0,2337.291
2026-05-08 05:00:00+00:00,79618.9,79743.8,79557.0,79560.2,1893.804
2026-05-08 06:00:00+00:00,79560.2,79616.0,79370.0,79484.1,2652.384
2026-05-08 07:00:00+00:00,79484.1,79690.0,79208.0,79635.0,5630.974
2026-05-08 08:00:00+00:00,79635.0,79951.5,79626.0,79849.3,4927.268
2026-05-08 09:00:00+00:00,79849.2,80044.6,79743.3,79826.3,4308.926
2026-05-08 10:00:00+00:00,79826.2,80252.9,79729.5,80162.3,5670.134
2026-05-08 11:00:00+00:00,80162.3,80287.0,80080.3,80181.9,4339.445
2026-05-08 12:00:00+00:00,80181.8,80478.0,79922.0,79987.6,6909.317
2026-05-08 13:00:00+00:00,79987.7,80053.9,79507.6,79612.4,10296.964
2026-05-08 14:00:00+00:00,79612.3,80424.4,79612.3,80114.4,10748.764
2026-05-08 15:00:00+00:00,80114.3,80173.2,79585.0,80119.1,7570.867
2026-05-08 16:00:00+00:00,80119.1,80164.6,79706.0,79768.7,4154.568
2026-05-08 17:00:00+00:00,79768.7,80230.0,79692.4,80030.5,5374.958
2026-05-08 18:00:00+00:00,80030.4,80266.6,80024.1,80044.4,3460.621
2026-05-08 19:00:00+00:00,80044.4,80152.1,79903.8,80147.7,2214.693
2026-05-08 20:00:00+00:00,80147.9,80260.9,80044.7,80104.0,1607.586
2026-05-08 21:00:00+00:00,80104.0,80225.0,80072.9,80222.1,1014.531
2026-05-08 22:00:00+00:00,80222.2,80376.0,80187.4,80234.1,2472.108
2026-05-08 23:00:00+00:00,80234.2,80254.5,80063.8,80155.2,1698.171
2026-05-09 00:00:00+00:00,80155.2,80200.0,80080.0,80193.3,1134.298
2026-05-09 01:00:00+00:00,80193.3,80405.0,80177.4,80280.0,2050.67
2026-05-09 02:00:00+00:00,80280.1,80448.2,80280.0,80379.2,1892.314
2026-05-09 03:00:00+00:00,80379.2,80542.0,80261.2,80340.6,2345.466
2026-05-09 04:00:00+00:00,80340.7,80641.8,80325.7,80345.0,3766.222
2026-05-09 05:00:00+00:00,80345.0,80445.0,80303.1,80331.4,1474.842
2026-05-09 06:00:00+00:00,80331.4,80393.4,80154.5,80214.9,3218.227
2026-05-09 07:00:00+00:00,80215.0,80268.4,80084.3,80181.7,2522.361
2026-05-09 08:00:00+00:00,80181.6,80422.3,80171.6,80378.1,2869.702
2026-05-09 09:00:00+00:00,80378.0,80383.0,80166.1,80199.9,1828.419
2026-05-09 10:00:00+00:00,80199.9,80317.6,80124.8,80232.7,1662.459
2026-05-09 11:00:00+00:00,80232.8,80349.9,80220.0,80310.4,997.632
2026-05-09 12:00:00+00:00,80310.4,80388.0,80235.3,80367.2,1275.419
2026-05-09 13:00:00+00:00,80367.2,80382.0,80274.7,80359.4,978.258
2026-05-09 14:00:00+00:00,80359.4,80395.0,80200.2,80292.4,2838.423
2026-05-09 15:00:00+00:00,80292.3,80566.0,80190.0,80488.3,4497.106
2026-05-09 16:00:00+00:00,80488.3,80796.9,80440.0,80576.1,4825.568
2026-05-09 17:00:00+00:00,80576.1,80891.0,80576.1,80766.0,4922.273
2026-05-09 18:00:00+00:00,80765.8,81043.2,80744.3,80865.1,4483.974
2026-05-09 19:00:00+00:00,80865.1,80928.3,80733.3,80896.9,1733.971
2026-05-09 20:00:00+00:00,80897.1,80900.0,80688.0,80764.6,1305.423
2026-05-09 21:00:00+00:00,80764.6,80856.9,80700.0,80735.8,849.114
2026-05-09 22:00:00+00:00,80735.9,80788.0,80632.2,80731.0,1247.104
2026-05-09 23:00:00+00:00,80730.9,80817.0,80569.0,80634.0,1238.089
2026-05-10 00:00:00+00:00,80634.0,80739.9,80588.1,80634.9,2017.527
2026-05-10 01:00:00+00:00,80635.0,80660.2,80533.7,80654.0,1816.55
2026-05-10 02:00:00+00:00,80653.9,80760.8,80576.0,80748.6,1153.086
2026-05-10 03:00:00+00:00,80748.9,80859.9,80667.0,80735.1,1252.522
2026-05-10 04:00:00+00:00,80735.2,80809.4,80688.5,80717.8,751.361
2026-05-10 05:00:00+00:00,80717.7,80778.4,80631.0,80660.8,950.52
2026-05-10 06:00:00+00:00,80660.9,80725.0,80619.6,80700.0,1259.232
2026-05-10 07:00:00+00:00,80700.0,80766.0,80680.1,80695.9,957.256
2026-05-10 08:00:00+00:00,80695.9,80873.6,80671.0,80797.1,1549.874
2026-05-10 09:00:00+00:00,80797.1,80880.0,80713.0,80766.9,927.115
2026-05-10 10:00:00+00:00,80766.8,80857.9,80641.5,80836.5,2767.29
2026-05-10 11:00:00+00:00,80836.5,80939.5,80711.8,80782.1,1929.416
2026-05-10 12:00:00+00:00,80782.1,80918.0,80743.2,80891.1,1263.623
2026-05-10 13:00:00+00:00,80891.0,80970.0,80825.0,80932.2,1459.079
2026-05-10 14:00:00+00:00,80932.3,80980.0,80771.0,80944.2,2282.117
2026-05-10 15:00:00+00:00,80944.3,81423.2,80893.0,81381.4,10734.822
2026-05-10 16:00:00+00:00,81381.5,81475.0,81151.0,81338.7,6334.735
2026-05-10 17:00:00+00:00,81338.8,81587.9,81179.8,81441.5,4353.713
2026-05-10 18:00:00+00:00,81441.4,81472.7,81194.8,81235.1,2318.995
2026-05-10 19:00:00+00:00,81235.2,81467.2,81105.6,81398.0,2373.468
2026-05-10 20:00:00+00:00,81398.0,81432.2,80225.1,80691.2,12943.246
2026-05-10 21:00:00+00:00,80691.1,80911.0,80528.9,80674.0,5670.107
2026-05-10 22:00:00+00:00,80674.0,82138.9,80614.0,82013.3,17281.489
2026-05-10 23:00:00+00:00,82013.2,82460.5,82009.4,82177.7,10603.66
2026-05-11 00:00:00+00:00,82177.7,82350.0,81230.0,81430.3,12936.41
2026-05-11 01:00:00+00:00,81430.5,81724.5,81242.9,81463.2,4976.807
2026-05-11 02:00:00+00:00,81463.2,81527.2,81067.2,81136.6,4701.696
2026-05-11 03:00:00+00:00,81136.6,81152.3,80470.1,80693.4,11522.22
2026-05-11 04:00:00+00:00,80693.4,80848.0,80597.8,80782.3,3122.216
2026-05-11 05:00:00+00:00,80782.2,80948.4,80708.1,80799.9,2892.382
2026-05-11 06:00:00+00:00,80799.9,81033.3,80713.8,80790.7,2579.719
2026-05-11 07:00:00+00:00,80790.8,80803.4,80614.9,80708.9,2667.858
2026-05-11 08:00:00+00:00,80708.8,80829.9,80580.0,80723.7,2639.153
2026-05-11 09:00:00+00:00,80723.6,80965.4,80716.6,80923.3,1865.061
2026-05-11 10:00:00+00:00,80923.3,81162.4,80889.9,80900.8,3424.195
2026-05-11 11:00:00+00:00,80900.8,81172.6,80860.0,81167.1,2745.014
2026-05-11 12:00:00+00:00,81167.1,81320.0,80983.5,81013.5,5130.927
2026-05-11 13:00:00+00:00,81013.5,81299.7,80716.0,81032.9,7340.647
2026-05-11 14:00:00+00:00,81032.8,81221.0,80394.0,80917.5,10192.16
2026-05-11 15:00:00+00:00,80917.4,81434.8,80796.4,81403.4,6794.771
2026-05-11 16:00:00+00:00,81403.4,81880.0,81297.5,81526.8,10551.693
2026-05-11 17:00:00+00:00,81526.9,82033.8,81322.3,81894.0,6762.573
2026-05-11 18:00:00+00:00,81894.1,82098.9,81784.3,81819.2,5085.299
2026-05-11 19:00:00+00:00,81819.3,82055.0,81691.7,81917.1,5030.178
2026-05-11 20:00:00+00:00,81917.8,82051.1,81707.6,81778.5,2841.064
2026-05-11 21:00:00+00:00,81778.5,81885.5,81555.0,81784.6,2099.166
2026-05-11 22:00:00+00:00,81784.6,81937.3,81689.0,81788.4,2227.72
2026-05-11 23:00:00+00:00,81788.4,81788.4,81521.5,81699.1,1861.492
2026-05-12 00:00:00+00:00,81699.1,81757.3,81429.9,81508.7,3316.101
2026-05-12 01:00:00+00:00,81508.7,81581.5,80661.2,81148.4,11795.954
2026-05-12 02:00:00+00:00,81148.4,81298.9,81030.1,81223.5,3004.215
2026-05-12 03:00:00+00:00,81223.5,81255.2,80988.9,81028.3,2840.74
2026-05-12 04:00:00+00:00,81028.3,81270.2,80964.4,81194.9,3436.103
2026-05-12 05:00:00+00:00,81194.9,81270.2,81140.4,81186.8,1928.061
2026-05-12 06:00:00+00:00,81186.8,81269.5,80979.8,80989.9,2977.394
2026-05-12 07:00:00+00:00,80989.9,81101.9,80756.0,80809.2,6380.894
2026-05-12 08:00:00+00:00,80809.2,80930.7,80719.3,80797.5,3827.0
2026-05-12 09:00:00+00:00,80797.5,80925.0,80670.0,80799.1,4292.249
2026-05-12 10:00:00+00:00,80799.1,80806.5,80560.0,80634.0,3443.489
2026-05-12 11:00:00+00:00,80634.0,80754.6,80444.0,80742.7,4833.637
2026-05-12 12:00:00+00:00,80742.7,80968.6,80577.8,80846.3,7670.628
2026-05-12 13:00:00+00:00,80846.4,80897.3,80360.9,80433.6,8491.521
2026-05-12 14:00:00+00:00,80433.6,80859.9,80360.0,80511.0,9825.647
2026-05-12 15:00:00+00:00,80511.0,80639.8,80143.0,80301.6,10196.046
2026-05-12 16:00:00+00:00,80301.6,80400.0,79801.0,79967.1,11633.264
2026-05-12 17:00:00+00:00,79967.1,80588.3,79907.6,80492.9,7443.427
2026-05-12 18:00:00+00:00,80493.0,80733.3,80385.9,80641.2,3966.691
2026-05-12 19:00:00+00:00,80641.3,80836.5,80639.0,80799.5,2563.775
2026-05-12 20:00:00+00:00,80799.6,80848.6,80601.0,80656.8,1861.8
2026-05-12 21:00:00+00:00,80656.9,80700.0,80454.3,80550.0,1798.247
2026-05-12 22:00:00+00:00,80549.9,80763.0,80549.9,80613.4,1516.763
2026-05-12 23:00:00+00:00,80613.5,80679.3,80393.9,80461.0,2270.31
2026-05-13 00:00:00+00:00,80461.0,80735.1,80364.5,80673.4,2549.773
2026-05-13 01:00:00+00:00,80673.4,81168.4,80635.1,80960.1,5772.717
2026-05-13 02:00:00+00:00,80960.1,81239.1,80882.7,81018.1,3027.334
2026-05-13 03:00:00+00:00,81018.1,81268.0,80941.9,81217.1,2831.866
2026-05-13 04:00:00+00:00,81217.0,81253.5,81078.0,81199.9,2398.252
2026-05-13 05:00:00+00:00,81200.0,81203.4,80958.1,80985.5,2698.326
2026-05-13 06:00:00+00:00,80985.6,81126.0,80929.0,80945.6,2231.558
2026-05-13 07:00:00+00:00,80945.6,81015.7,80847.0,80981.9,2309.579
2026-05-13 08:00:00+00:00,80981.9,81166.7,80903.8,81161.0,2553.111
2026-05-13 09:00:00+00:00,81160.9,81270.2,81094.0,81255.5,4233.662
2026-05-13 10:00:00+00:00,81255.4,81266.6,80763.8,80766.2,4637.605
2026-05-13 11:00:00+00:00,80766.2,80809.7,80444.0,80460.1,6288.426
2026-05-13 12:00:00+00:00,80460.0,80558.0,79801.1,80160.1,15655.334
2026-05-13 13:00:00+00:00,80160.0,80316.6,79540.0,79617.9,13369.333
2026-05-13 14:00:00+00:00,79617.8,79868.0,79431.7,79727.3,9456.011
2026-05-13 15:00:00+00:00,79727.3,79832.4,78753.1,78794.7,19297.477
2026-05-13 16:00:00+00:00,78794.7,79199.1,78713.8,79069.5,13331.653
2026-05-13 17:00:00+00:00,79069.5,79541.2,79043.2,79470.1,6341.514
2026-05-13 18:00:00+00:00,79470.1,79776.2,79470.1,79554.9,5474.637
2026-05-13 19:00:00+00:00,79554.9,79610.1,79353.9,79604.8,3983.766
2026-05-13 20:00:00+00:00,79604.8,79729.1,79575.9,79671.4,2261.986
2026-05-13 21:00:00+00:00,79671.4,79675.0,79279.6,79363.2,3106.53
2026-05-13 22:00:00+00:00,79363.1,79442.1,79188.0,79395.1,3208.323
2026-05-13 23:00:00+00:00,79395.1,79464.2,79191.0,79288.3,2681.872
2026-05-14 00:00:00+00:00,79288.2,79656.7,79272.9,79540.0,3463.788
2026-05-14 01:00:00+00:00,79540.1,79659.9,79370.1,79565.9,2787.076
2026-05-14 02:00:00+00:00,79565.8,79648.0,79171.1,79329.0,4764.253
2026-05-14 03:00:00+00:00,79328.9,79427.8,78869.4,79005.3,7656.568
2026-05-14 04:00:00+00:00,79005.4,79440.0,78934.8,79403.7,3677.318
2026-05-14 05:00:00+00:00,79403.6,79962.5,79333.3,79771.5,7732.266
2026-05-14 06:00:00+00:00,79771.6,79909.9,79723.5,79769.7,3623.461
2026-05-14 07:00:00+00:00,79769.7,79900.0,79659.8,79699.9,3718.552
2026-05-14 08:00:00+00:00,79700.0,79900.0,79592.2,79776.8,3773.214
2026-05-14 09:00:00+00:00,79776.8,79872.0,79530.0,79594.9,2754.342
2026-05-14 10:00:00+00:00,79594.8,79727.9,79369.0,79530.0,3250.538
2026-05-14 11:00:00+00:00,79529.9,79571.7,79188.0,79216.6,3799.256
2026-05-14 12:00:00+00:00,79216.7,79729.2,79196.4,79719.4,5129.31
2026-05-14 13:00:00+00:00,79719.4,80042.0,79624.0,79660.9,12588.827
2026-05-14 14:00:00+00:00,79660.9,81000.0,79514.5,80929.5,23977.504
2026-05-14 15:00:00+00:00,80929.6,81270.2,80743.5,81245.5,18477.567
2026-05-14 16:00:00+00:00,81245.6,81877.9,81020.5,81839.3,22939.351
2026-05-14 17:00:00+00:00,81839.2,81999.0,81211.6,81620.0,18599.469
2026-05-14 18:00:00+00:00,81620.0,81912.0,81386.0,81529.9,7752.742
2026-05-14 19:00:00+00:00,81530.0,81677.9,81257.3,81373.7,5264.72
2026-05-14 20:00:00+00:00,81373.8,81540.0,81114.8,81371.9,3424.525
2026-05-14 21:00:00+00:00,81372.0,81490.1,81222.0,81352.0,1750.907
2026-05-14 22:00:00+00:00,81352.0,81530.0,81286.5,81418.9,1770.961
2026-05-14 23:00:00+00:00,81418.8,81418.9,81007.9,81048.9,3207.11
2026-05-15 00:00:00+00:00,81048.8,81623.8,81018.8,81468.7,5036.89
2026-05-15 01:00:00+00:00,81468.7,81570.1,81066.0,81092.1,3464.623
2026-05-15 02:00:00+00:00,81092.1,81328.9,80706.9,81262.0,8962.24
2026-05-15 03:00:00+00:00,81262.0,81305.7,80886.7,81022.7,4189.866
2026-05-15 04:00:00+00:00,81022.7,81073.2,80650.4,80682.2,3302.164
2026-05-15 05:00:00+00:00,80682.1,80846.0,80266.8,80320.1,11578.932
2026-05-15 06:00:00+00:00,80320.0,80597.0,80266.9,80541.8,5427.57
2026-05-15 07:00:00+00:00,80541.9,80971.3,80519.1,80782.8,6574.767
2026-05-15 08:00:00+00:00,80782.9,80793.0,80368.9,80606.3,4188.012
2026-05-15 09:00:00+00:00,80606.2,80638.0,80323.0,80449.8,3441.505
2026-05-15 10:00:00+00:00,80449.9,80730.0,80364.6,80670.1,4295.626
2026-05-15 11:00:00+00:00,80670.2,80716.9,80545.0,80582.1,2072.82
2026-05-15 12:00:00+00:00,80582.0,80596.7,80280.0,80349.9,6901.952
2026-05-15 13:00:00+00:00,80349.8,80349.8,78638.8,78727.8,37417.044
2026-05-15 14:00:00+00:00,78727.8,79325.3,78610.0,79120.6,18928.541
2026-05-15 15:00:00+00:00,79120.6,79337.9,78980.3,79118.0,6193.98
2026-05-15 16:00:00+00:00,79118.1,79363.7,79098.7,79264.7,3964.471
2026-05-15 17:00:00+00:00,79264.7,79475.8,79188.8,79432.1,3785.646
2026-05-15 18:00:00+00:00,79432.2,79532.1,79135.4,79241.2,3660.491
2026-05-15 19:00:00+00:00,79241.1,79257.9,79012.5,79104.2,3297.179
2026-05-15 20:00:00+00:00,79104.3,79185.0,78955.0,79081.1,2297.386
2026-05-15 21:00:00+00:00,79081.0,79168.0,78861.6,78931.3,2254.988
2026-05-15 22:00:00+00:00,78931.4,79113.7,78931.3,79070.1,1362.084
2026-05-15 23:00:00+00:00,79070.0,79135.3,79035.1,79074.0,1224.728
2026-05-16 00:00:00+00:00,79074.0,79199.7,79031.7,79075.6,1866.35
2026-05-16 01:00:00+00:00,79075.6,79155.9,78970.4,79128.5,1948.608
2026-05-16 02:00:00+00:00,79128.4,79178.0,79040.7,79113.9,1461.703
2026-05-16 03:00:00+00:00,79113.9,79153.7,79017.6,79041.7,1343.056
2026-05-16 04:00:00+00:00,79041.7,79096.8,78811.0,78999.9,3080.363
2026-05-16 05:00:00+00:00,78999.9,79001.0,78889.7,78989.9,1488.42
2026-05-16 06:00:00+00:00,78989.9,79012.9,78393.9,78610.2,9244.159
2026-05-16 07:00:00+00:00,78610.2,78610.3,78000.4,78334.3,13808.169
2026-05-16 08:00:00+00:00,78334.3,78527.8,78291.0,78389.5,3590.485
2026-05-16 09:00:00+00:00,78389.5,78410.1,77850.0,78052.1,10664.7
2026-05-16 10:00:00+00:00,78052.1,78071.9,77601.8,77937.6,10160.386
2026-05-16 11:00:00+00:00,77937.5,78163.3,77937.5,78042.5,3897.654
2026-05-16 12:00:00+00:00,78042.5,78100.0,77889.0,77980.0,2627.039
2026-05-16 13:00:00+00:00,77980.0,77987.9,77800.0,77987.9,2790.145
2026-05-16 14:00:00+00:00,77987.9,78327.0,77850.5,78090.3,4921.309
2026-05-16 15:00:00+00:00,78090.3,78254.0,78034.0,78194.1,2455.911
2026-05-16 16:00:00+00:00,78194.0,78337.4,78069.1,78167.7,2931.052
2026-05-16 17:00:00+00:00,78167.7,78285.1,78159.1,78159.2,1043.525
2026-05-16 18:00:00+00:00,78159.1,78306.6,78113.1,78200.0,1625.933
2026-05-16 19:00:00+00:00,78200.0,78270.9,78166.8,78223.8,984.661
2026-05-16 20:00:00+00:00,78223.8,78287.8,78160.0,78214.7,767.876
2026-05-16 21:00:00+00:00,78214.7,78274.6,78167.5,78229.2,1283.883
2026-05-16 22:00:00+00:00,78229.2,78248.7,78133.3,78143.5,923.596
2026-05-16 23:00:00+00:00,78143.5,78240.0,78085.2,78104.2,1241.468
2026-05-17 00:00:00+00:00,78104.3,78213.9,77760.0,77915.4,3840.451
2026-05-17 01:00:00+00:00,77915.3,78085.4,77675.4,77688.1,5411.676
2026-05-17 02:00:00+00:00,77688.0,77913.6,77688.0,77856.3,2548.06
2026-05-17 03:00:00+00:00,77856.3,78050.0,77845.6,77990.2,1809.776
2026-05-17 04:00:00+00:00,77990.2,78179.1,77957.2,78117.4,1965.339
2026-05-17 05:00:00+00:00,78117.4,78300.0,78064.8,78087.7,2299.316
2026-05-17 06:00:00+00:00,78087.6,78172.7,77970.0,78071.6,1561.292
2026-05-17 07:00:00+00:00,78071.6,78175.3,78015.0,78137.2,1336.456
2026-05-17 08:00:00+00:00,78137.3,78157.9,77992.1,78050.7,1306.842
2026-05-17 09:00:00+00:00,78050.7,78266.6,78041.8,78214.3,1740.301
2026-05-17 10:00:00+00:00,78214.3,78564.3,78208.2,78423.0,5786.248
2026-05-17 11:00:00+00:00,78423.0,78436.0,78245.7,78371.5,2147.004
2026-05-17 12:00:00+00:00,78371.4,78515.7,78280.1,78326.9,2107.738
2026-05-17 13:00:00+00:00,78326.9,78331.2,78128.5,78165.0,2499.13
2026-05-17 14:00:00+00:00,78165.0,78177.8,77800.0,78009.6,5105.45
2026-05-17 15:00:00+00:00,78009.7,78087.0,77875.0,78006.9,2191.933
2026-05-17 16:00:00+00:00,78006.9,78165.3,77979.8,77995.0,1737.293
2026-05-17 17:00:00+00:00,77995.1,78054.3,77811.5,78044.8,2930.67
2026-05-17 18:00:00+00:00,78044.8,78235.2,77960.7,78226.2,1824.56
2026-05-17 19:00:00+00:00,78226.2,78432.0,78172.2,78369.0,2074.009
2026-05-17 20:00:00+00:00,78368.9,78393.9,78208.9,78230.0,1173.721
2026-05-17 21:00:00+00:00,78230.1,78453.0,78190.6,78365.4,2194.705
2026-05-17 22:00:00+00:00,78365.4,78372.8,77777.0,77961.6,5643.159
2026-05-17 23:00:00+00:00,77961.7,77970.0,76666.0,77430.4,24982.54
2026-05-18 00:00:00+00:00,77430.4,77452.7,76875.0,77175.7,10777.547
2026-05-18 01:00:00+00:00,77175.7,77274.8,76700.0,77084.5,10313.877
2026-05-18 02:00:00+00:00,77084.5,77190.0,76668.8,76809.4,5970.755
2026-05-18 03:00:00+00:00,76809.4,76999.2,76777.0,76900.0,3091.878
2026-05-18 04:00:00+00:00,76900.1,77045.9,76740.0,77000.2,3443.145
2026-05-18 05:00:00+00:00,77000.2,77059.6,76850.0,76886.5,3158.444
2026-05-18 06:00:00+00:00,76886.5,76942.0,76534.5,76881.3,7189.696
2026-05-18 07:00:00+00:00,76881.4,77054.6,76728.7,77039.4,4449.391
2026-05-18 08:00:00+00:00,77039.5,77193.5,76850.0,77001.0,3716.68
2026-05-18 09:00:00+00:00,77001.0,77025.1,76840.1,76901.4,1667.379
2026-05-18 10:00:00+00:00,76901.4,76923.4,76670.1,76733.2,4468.687
2026-05-18 11:00:00+00:00,76733.3,77375.0,76627.0,77255.0,7756.521
2026-05-18 12:00:00+00:00,77255.1,77757.5,77241.5,77599.9,12046.144
2026-05-18 13:00:00+00:00,77599.9,77601.9,76650.0,76914.0,14647.288
2026-05-18 14:00:00+00:00,76913.9,76927.5,76200.0,76369.8,19478.281
2026-05-18 15:00:00+00:00,76369.7,76463.6,76014.2,76393.5,15564.299
2026-05-18 16:00:00+00:00,76393.6,76657.1,76174.1,76377.3,11404.463
2026-05-18 17:00:00+00:00,76377.3,76725.7,76332.1,76671.1,4384.489
2026-05-18 18:00:00+00:00,76671.0,76674.4,76107.7,76221.6,6729.802
2026-05-18 19:00:00+00:00,76221.6,76963.7,76200.0,76898.5,11367.93
2026-05-18 20:00:00+00:00,76898.5,77160.3,76829.3,76868.1,6224.955
2026-05-18 21:00:00+00:00,76868.1,77149.7,76753.6,77063.1,3535.747
2026-05-18 22:00:00+00:00,77063.1,77187.3,76894.6,77045.1,4653.374
2026-05-18 23:00:00+00:00,77045.0,77133.4,76900.1,76963.2,2322.727
2026-05-19 00:00:00+00:00,76963.2,77384.6,76913.8,77102.6,4592.602
2026-05-19 01:00:00+00:00,77102.6,77122.7,76634.0,76635.4,5818.494
2026-05-19 02:00:00+00:00,76635.4,76973.7,76451.3,76586.2,4745.72
2026-05-19 03:00:00+00:00,76586.2,76837.0,76550.0,76749.9,2677.159
2026-05-19 04:00:00+00:00,76750.0,76916.5,76658.0,76889.4,2587.324
2026-05-19 05:00:00+00:00,76889.4,76978.0,76595.7,76872.8,2806.705
2026-05-19 06:00:00+00:00,76872.8,77070.4,76846.9,76985.2,2999.916
2026-05-19 07:00:00+00:00,76985.1,77247.7,76929.5,77200.4,4023.829
2026-05-19 08:00:00+00:00,77200.4,77291.3,76932.0,77015.8,3821.06
2026-05-19 09:00:00+00:00,77015.9,77047.4,76671.1,76787.4,4536.807
2026-05-19 10:00:00+00:00,76787.3,77070.0,76666.0,77005.8,3518.738
2026-05-19 11:00:00+00:00,77005.8,77039.1,76576.8,76677.1,3674.566
2026-05-19 12:00:00+00:00,76677.0,76947.5,76609.5,76901.3,2310.159
2026-05-19 13:00:00+00:00,76901.2,77033.9,76556.0,76846.1,7623.165
2026-05-19 14:00:00+00:00,76846.1,76981.4,76107.1,76365.7,14484.518
2026-05-19 15:00:00+00:00,76365.6,76650.0,76302.7,76487.9,7036.931
2026-05-19 16:00:00+00:00,76488.0,76888.0,76377.0,76858.3,6217.088
2026-05-19 17:00:00+00:00,76858.4,76992.6,76720.5,76821.2,4679.182
2026-05-19 18:00:00+00:00,76821.1,76916.1,76704.8,76764.2,2165.322
2026-05-19 19:00:00+00:00,76764.2,77042.3,76720.9,76780.0,2209.798
2026-05-19 20:00:00+00:00,76780.0,77000.0,76780.0,76976.3,1046.262
2026-05-19 21:00:00+00:00,76976.4,77003.1,76929.6,76942.4,1005.069
2026-05-19 22:00:00+00:00,76942.4,76942.5,76610.4,76676.1,2919.944
2026-05-19 23:00:00+00:00,76676.0,76948.1,76633.0,76799.9,1546.281
2026-05-20 00:00:00+00:00,76800.0,76863.4,76485.0,76760.9,3965.277
2026-05-20 01:00:00+00:00,76761.0,76900.0,76501.8,76787.5,5182.516
2026-05-20 02:00:00+00:00,76787.5,76880.0,76563.1,76654.5,3578.599
2026-05-20 03:00:00+00:00,76654.5,76795.0,76573.9,76689.6,1991.117
2026-05-20 04:00:00+00:00,76689.6,76814.6,76650.0,76748.1,1955.352
2026-05-20 05:00:00+00:00,76748.1,77300.0,76748.0,77170.4,8685.078
2026-05-20 06:00:00+00:00,77170.3,77387.9,77153.4,77379.8,3653.484
2026-05-20 07:00:00+00:00,77379.9,77444.0,77208.3,77249.9,4258.277
2026-05-20 08:00:00+00:00,77250.0,77612.0,77170.3,77430.0,6800.627
2026-05-20 09:00:00+00:00,77430.1,77516.0,77333.9,77449.9,4113.947
2026-05-20 10:00:00+00:00,77450.0,77639.3,77450.0,77475.8,2665.45
2026-05-20 11:00:00+00:00,77475.8,77530.0,77286.1,77351.2,2758.672
2026-05-20 12:00:00+00:00,77351.2,77733.0,77329.7,77590.2,3699.957
2026-05-20 13:00:00+00:00,77590.2,77617.2,76925.6,77175.3,10364.743
2026-05-20 14:00:00+00:00,77175.2,77545.0,76855.0,77410.0,9811.109
2026-05-20 15:00:00+00:00,77410.0,77825.8,77266.6,77423.0,9366.432
2026-05-20 16:00:00+00:00,77423.0,77527.2,76975.0,77301.0,5465.178
2026-05-20 17:00:00+00:00,77300.9,77685.4,77191.6,77537.1,4298.01
2026-05-20 18:00:00+00:00,77537.1,77600.0,77350.2,77375.5,2425.662
2026-05-20 19:00:00+00:00,77375.5,77677.2,77304.3,77630.6,3152.964
2026-05-20 20:00:00+00:00,77630.5,77735.2,77433.4,77679.6,3278.975
2026-05-20 21:00:00+00:00,77678.9,77735.6,77464.5,77464.5,1496.545
2026-05-20 22:00:00+00:00,77464.5,77472.7,77183.7,77468.2,3045.356
2026-05-20 23:00:00+00:00,77468.1,77520.0,77339.9,77510.3,1594.079
2026-05-21 00:00:00+00:00,77510.3,78051.0,77472.5,77929.1,6591.019
2026-05-21 01:00:00+00:00,77929.1,78150.0,77759.8,77818.1,5435.164
2026-05-21 02:00:00+00:00,77818.1,78071.2,77778.5,77915.5,3066.939
2026-05-21 03:00:00+00:00,77915.5,78066.0,77867.4,78039.1,1946.099
2026-05-21 04:00:00+00:00,78039.2,78143.2,77922.9,77993.5,2561.402
2026-05-21 05:00:00+00:00,77993.5,78106.8,77651.7,77795.0,3182.763
2026-05-21 06:00:00+00:00,77795.1,77845.4,77501.3,77591.7,3558.168
2026-05-21 07:00:00+00:00,77591.6,77870.0,77485.1,77846.2,3716.381
2026-05-21 08:00:00+00:00,77846.1,78180.0,77846.1,77888.1,5550.024
2026-05-21 09:00:00+00:00,77888.0,77950.0,77590.0,77596.8,3170.098
2026-05-21 10:00:00+00:00,77596.8,77651.7,77140.7,77172.6,10146.961
2026-05-21 11:00:00+00:00,77172.6,77342.8,77111.0,77157.4,4288.535
2026-05-21 12:00:00+00:00,77157.3,77328.9,77024.4,77244.0,4246.594
2026-05-21 13:00:00+00:00,77244.1,77322.0,76696.7,77090.1,10674.629
2026-05-21 14:00:00+00:00,77090.0,77220.0,76744.1,76944.0,5882.902
2026-05-21 15:00:00+00:00,76944.0,77379.1,76861.7,77224.3,4754.63
2026-05-21 16:00:00+00:00,77224.3,77318.3,76970.0,77166.7,3670.982
2026-05-21 17:00:00+00:00,77166.8,78063.8,77140.0,77831.1,16086.78
2026-05-21 18:00:00+00:00,77831.0,77890.0,77209.3,77354.5,8725.868
2026-05-21 19:00:00+00:00,77354.4,77768.0,77333.0,77657.1,3675.524
2026-05-21 20:00:00+00:00,77657.1,77772.2,77602.7,77671.4,1433.181
2026-05-21 21:00:00+00:00,77671.5,77777.2,77604.3,77636.2,1339.524
2026-05-21 22:00:00+00:00,77636.2,77721.8,77513.2,77589.6,1895.354
2026-05-21 23:00:00+00:00,77589.6,77714.2,77490.8,77586.2,1495.64
2026-05-22 00:00:00+00:00,77586.3,77602.5,77333.3,77344.7,2082.007
2026-05-22 01:00:00+00:00,77344.8,77634.8,77288.0,77580.0,2163.772
2026-05-22 02:00:00+00:00,77579.9,77697.9,77557.0,77638.2,1697.063
2026-05-22 03:00:00+00:00,77638.2,77775.9,77638.1,77740.0,1766.581
2026-05-22 04:00:00+00:00,77739.9,77862.7,77600.0,77619.9,2451.568
2026-05-22 05:00:00+00:00,77620.0,77691.8,77418.3,77450.0,2444.911
2026-05-22 06:00:00+00:00,77450.0,77494.0,77324.2,77386.0,3827.195
2026-05-22 07:00:00+00:00,77386.0,77514.5,77237.1,77366.9,3924.108
2026-05-22 08:00:00+00:00,77366.8,77505.7,77170.0,77237.6,2961.84
2026-05-22 09:00:00+00:00,77237.6,77329.4,77160.8,77269.8,2244.446
2026-05-22 10:00:00+00:00,77269.9,77335.8,77222.4,77282.0,1442.07
2026-05-22 11:00:00+00:00,77282.0,77397.4,77138.3,77394.8,1905.227
2026-05-22 12:00:00+00:00,77394.8,77548.5,77353.6,77491.3,3130.076
2026-05-22 13:00:00+00:00,77491.4,77517.2,77085.5,77255.6,5449.535
2026-05-22 14:00:00+00:00,77255.5,77255.5,76701.3,76734.6,14182.806
2026-05-22 15:00:00+00:00,76734.7,76994.9,76528.0,76756.5,10355.079
2026-05-22 16:00:00+00:00,76756.5,76967.7,76730.0,76913.8,2972.973
2026-05-22 17:00:00+00:00,76913.8,77070.1,76714.2,76714.5,4149.934
2026-05-22 18:00:00+00:00,76714.5,76870.0,76049.9,76498.6,11242.276
2026-05-22 19:00:00+00:00,76498.6,76554.1,75620.0,75827.1,17912.083
2026-05-22 20:00:00+00:00,75827.1,76047.4,75778.6,75939.4,5416.15
2026-05-22 21:00:00+00:00,75939.5,76054.1,75888.0,75940.0,1867.463
2026-05-22 22:00:00+00:00,75940.1,75949.8,75500.0,75704.0,5125.544
2026-05-22 23:00:00+00:00,75704.1,75850.0,75322.0,75513.1,5491.506
2026-05-23 00:00:00+00:00,75513.1,75615.7,75184.9,75329.2,8179.709
2026-05-23 01:00:00+00:00,75329.3,75482.8,75316.6,75460.9,2849.403
2026-05-23 02:00:00+00:00,75461.0,75558.2,75381.7,75542.9,2608.116
2026-05-23 03:00:00+00:00,75543.0,75633.7,75530.0,75599.1,1799.29
2026-05-23 04:00:00+00:00,75599.0,75620.0,75475.3,75506.0,1814.964
2026-05-23 05:00:00+00:00,75505.9,75527.9,75435.0,75448.0,1899.022
2026-05-23 06:00:00+00:00,75448.0,75463.4,75350.0,75368.0,2208.532
2026-05-23 07:00:00+00:00,75368.0,75407.8,74203.6,74573.1,25592.607
2026-05-23 08:00:00+00:00,74573.2,74718.7,74307.0,74655.0,12107.617
2026-05-23 09:00:00+00:00,74655.0,74740.4,74591.4,74630.2,3579.382
2026-05-23 10:00:00+00:00,74630.3,74759.5,74630.3,74687.7,2548.908
2026-05-23 11:00:00+00:00,74687.7,74839.1,74680.6,74763.3,2185.752
2026-05-23 12:00:00+00:00,74763.3,74766.9,74620.9,74726.0,2226.204
2026-05-23 13:00:00+00:00,74726.0,75226.1,74721.0,75180.7,10266.113
2026-05-23 14:00:00+00:00,75180.8,75670.8,75065.9,75500.4,10950.928
2026-05-23 15:00:00+00:00,75500.5,75641.4,75363.3,75486.9,5790.604
2026-05-23 16:00:00+00:00,75487.0,75606.6,75372.1,75406.4,3515.661
2026-05-23 17:00:00+00:00,75406.6,75494.0,75333.3,75457.1,2207.582
2026-05-23 18:00:00+00:00,75457.1,75985.3,75429.5,75812.4,6282.486
2026-05-23 19:00:00+00:00,75812.4,76000.2,75737.7,75949.5,3412.532
2026-05-23 20:00:00+00:00,75949.5,77284.2,75913.9,77246.9,20428.29
2026-05-23 21:00:00+00:00,77246.9,77427.0,76505.7,76778.0,11701.129
2026-05-23 22:00:00+00:00,76778.0,76864.1,76362.9,76553.0,5535.193
2026-05-23 23:00:00+00:00,76553.0,76799.0,76501.1,76715.2,4137.729
2026-05-24 00:00:00+00:00,76715.3,76920.4,76596.9,76812.5,3293.468
2026-05-24 01:00:00+00:00,76812.6,76899.7,76720.8,76855.9,2375.273
2026-05-24 02:00:00+00:00,76855.9,76936.0,76665.5,76790.0,2239.859
2026-05-24 03:00:00+00:00,76790.1,76983.1,76672.3,76702.8,2969.001
2026-05-24 04:00:00+00:00,76702.8,76823.9,76685.1,76748.0,1681.603
2026-05-24 05:00:00+00:00,76747.9,76831.2,76611.0,76780.4,2226.391
2026-05-24 06:00:00+00:00,76780.3,77040.0,76684.4,76956.1,2788.319
2026-05-24 07:00:00+00:00,76956.0,76985.7,76749.9,76771.3,2471.327
2026-05-24 08:00:00+00:00,76771.4,76824.0,76691.4,76800.7,2179.17
2026-05-24 09:00:00+00:00,76800.7,77025.6,76784.3,76991.8,2496.026
2026-05-24 10:00:00+00:00,76991.8,77600.0,76888.0,77163.4,9533.591
2026-05-24 11:00:00+00:00,77163.3,77327.7,77150.0,77289.5,3013.851
2026-05-24 12:00:00+00:00,77289.5,77294.4,77005.4,77077.9,3308.068
2026-05-24 13:00:00+00:00,77077.9,77094.9,76650.0,76765.0,5478.682
2026-05-24 14:00:00+00:00,76764.9,76811.0,76159.7,76428.2,12558.112
2026-05-24 15:00:00+00:00,76428.1,76514.1,76317.8,76343.7,2743.36
2026-05-24 16:00:00+00:00,76343.8,76722.2,76343.7,76645.1,4555.406
2026-05-24 17:00:00+00:00,76645.1,76777.0,76531.8,76661.6,1846.578
2026-05-24 18:00:00+00:00,76661.6,76763.0,76554.1,76632.4,1585.016
2026-05-24 19:00:00+00:00,76632.5,76753.3,76574.8,76738.5,1120.609
2026-05-24 20:00:00+00:00,76738.5,76768.4,76567.2,76639.1,1796.01
2026-05-24 21:00:00+00:00,76639.1,76718.2,76056.0,76106.0,6222.431
2026-05-24 22:00:00+00:00,76105.9,76983.8,76086.3,76771.2,8877.384
2026-05-24 23:00:00+00:00,76771.2,77193.4,76771.1,77030.3,3774.742
2026-05-25 00:00:00+00:00,77030.3,77253.9,77030.3,77120.0,3113.027
2026-05-25 01:00:00+00:00,77119.9,77213.2,76871.4,76905.6,3940.46
2026-05-25 02:00:00+00:00,76905.5,77450.6,76905.5,77064.1,5679.911
2026-05-25 03:00:00+00:00,77064.2,77127.7,76951.7,76989.0,1915.903
2026-05-25 04:00:00+00:00,76989.0,77418.1,76950.0,77357.0,3207.912
2026-05-25 05:00:00+00:00,77357.1,77469.3,77285.7,77370.0,3238.872
2026-05-25 06:00:00+00:00,77369.9,77677.6,77182.4,77386.1,5357.844
2026-05-25 07:00:00+00:00,77386.1,77486.3,77135.8,77377.0,2779.619
2026-05-25 08:00:00+00:00,77376.9,77433.0,77241.7,77422.3,2571.397
2026-05-25 09:00:00+00:00,77422.3,77699.0,77383.0,77565.0,5700.73
2026-05-25 10:00:00+00:00,77565.1,77650.0,77448.4,77500.0,2914.677
2026-05-25 11:00:00+00:00,77500.0,77500.1,77281.1,77318.2,2454.081
2026-05-25 12:00:00+00:00,77318.2,77405.8,77244.8,77325.7,2554.033
2026-05-25 13:00:00+00:00,77325.7,77419.2,77244.8,77302.1,2190.977
2026-05-25 14:00:00+00:00,77302.0,77743.4,77273.2,77676.4,5263.778
2026-05-25 15:00:00+00:00,77676.4,77887.9,77515.5,77587.2,5225.847
2026-05-25 16:00:00+00:00,77587.2,77784.9,77471.5,77694.5,2952.467
2026-05-25 17:00:00+00:00,77694.5,77770.0,77511.1,77523.2,2774.683
2026-05-25 18:00:00+00:00,77523.3,77629.8,77502.9,77511.7,1224.041
2026-05-25 19:00:00+00:00,77511.7,77515.8,77313.0,77403.3,2057.725
2026-05-25 20:00:00+00:00,77403.4,77472.0,77172.0,77243.7,2621.954
2026-05-25 21:00:00+00:00,77243.7,77366.7,77240.5,77340.8,1674.347
2026-05-25 22:00:00+00:00,77340.9,77430.0,77011.3,77084.7,3533.606
2026-05-25 23:00:00+00:00,77084.7,77338.0,77040.2,77281.5,1760.517
2026-05-26 00:00:00+00:00,77281.5,77319.6,76532.1,76750.1,7837.287
2026-05-26 01:00:00+00:00,76750.1,76879.2,76550.0,76717.8,4014.825
2026-05-26 02:00:00+00:00,76717.8,76790.0,76472.6,76630.7,3663.677
2026-05-26 03:00:00+00:00,76630.8,76685.0,76434.0,76629.0,2990.608
2026-05-26 04:00:00+00:00,76629.0,76784.4,76569.8,76713.9,2832.751
2026-05-26 05:00:00+00:00,76713.9,76950.0,76668.2,76887.3,2859.933
2026-05-26 06:00:00+00:00,76887.4,77045.9,76735.2,76869.8,3362.296
2026-05-26 07:00:00+00:00,76869.9,76886.6,76556.9,76685.1,3492.107
2026-05-26 08:00:00+00:00,76685.0,76819.7,76652.4,76687.9,1834.031
2026-05-26 09:00:00+00:00,76687.8,76779.2,76606.0,76641.0,2007.84
2026-05-26 10:00:00+00:00,76640.9,77600.0,76543.8,77398.6,12291.589
2026-05-26 11:00:00+00:00,77398.7,77477.7,77136.2,77153.9,4704.8
2026-05-26 12:00:00+00:00,77153.8,77200.0,76847.8,77098.9,5875.831
2026-05-26 13:00:00+00:00,77098.9,77432.6,76641.7,77199.2,10219.396
2026-05-26 14:00:00+00:00,77199.2,78077.1,76682.3,76873.6,32872.397
2026-05-26 15:00:00+00:00,76873.6,76983.4,76234.7,76478.2,17760.011
2026-05-26 16:00:00+00:00,76478.2,76678.7,76171.0,76534.6,8964.023
2026-05-26 17:00:00+00:00,76534.7,76624.9,75809.5,75909.6,15095.075
2026-05-26 18:00:00+00:00,75909.6,76296.7,75711.0,75822.6,7810.546
2026-05-26 19:00:00+00:00,75822.6,76080.0,75782.0,76028.3,3462.471
2026-05-26 20:00:00+00:00,76028.4,76157.8,75960.2,76082.0,2352.054
2026-05-26 21:00:00+00:00,76081.9,76092.3,75822.6,75864.0,1938.109
2026-05-26 22:00:00+00:00,75864.0,75975.6,75641.2,75729.6,4011.581
2026-05-26 23:00:00+00:00,75729.7,75962.0,75729.7,75905.5,2666.844
2026-05-27 00:00:00+00:00,75905.6,76069.0,75854.9,76055.3,3043.727
2026-05-27 01:00:00+00:00,76055.3,76083.9,75794.9,75846.6,2849.437
2026-05-27 02:00:00+00:00,75846.6,75868.1,75654.8,75850.9,2802.311
2026-05-27 03:00:00+00:00,75850.9,75940.0,75555.1,75635.6,3565.669
2026-05-27 04:00:00+00:00,75635.6,75680.1,75277.8,75542.9,8840.36
2026-05-27 05:00:00+00:00,75543.0,75708.6,75539.9,75676.4,3364.243
2026-05-27 06:00:00+00:00,75676.4,75864.4,75649.1,75800.0,2659.38
2026-05-27 07:00:00+00:00,75800.0,75940.0,75721.4,75935.0,3278.243
2026-05-27 08:00:00+00:00,75935.0,76038.0,75800.0,75838.4,3812.843
2026-05-27 09:00:00+00:00,75838.5,75943.7,75666.0,75875.6,3099.093
2026-05-27 10:00:00+00:00,75875.7,76010.2,75835.0,75863.7,2498.476
2026-05-27 11:00:00+00:00,75863.8,75992.2,75723.6,75737.9,2781.79
2026-05-27 12:00:00+00:00,75737.9,76155.5,75541.0,75655.0,8053.742
2026-05-27 13:00:00+00:00,75654.9,75735.6,74835.0,75054.3,20743.151
2026-05-27 14:00:00+00:00,75054.3,75250.0,74735.7,75000.7,13749.777
2026-05-27 15:00:00+00:00,75000.7,75485.9,74950.1,75300.0,8717.531
2026-05-27 16:00:00+00:00,75300.0,75382.6,74961.0,75273.9,5753.912
2026-05-27 17:00:00+00:00,75273.9,75316.8,74645.0,74838.2,8594.176
2026-05-27 18:00:00+00:00,74838.2,75007.9,74632.0,75000.0,4699.102
2026-05-27 19:00:00+00:00,75000.0,75077.6,74920.0,75039.9,3599.445
2026-05-27 20:00:00+00:00,75039.8,75391.0,75022.4,75237.6,3476.208
2026-05-27 21:00:00+00:00,75237.6,75237.6,74300.1,74439.9,10168.63
2026-05-27 22:00:00+00:00,74440.0,74742.7,74218.2,74390.0,8980.344
2026-05-27 23:00:00+00:00,74389.9,74545.8,74210.0,74418.1,5583.871
2026-05-28 00:00:00+00:00,74418.0,74555.5,74336.7,74541.6,3138.599
2026-05-28 01:00:00+00:00,74541.7,74565.3,74100.0,74313.0,5741.343
2026-05-28 02:00:00+00:00,74313.0,74373.6,74081.9,74256.6,3652.024
2026-05-28 03:00:00+00:00,74256.6,74355.6,73036.0,73224.5,31055.812
2026-05-28 04:00:00+00:00,73224.4,73240.0,72667.9,73145.1,15398.619
2026-05-28 05:00:00+00:00,73145.1,73145.1,72872.5,72959.9,5389.586
2026-05-28 06:00:00+00:00,72960.0,73182.2,72729.2,73170.9,7675.794
2026-05-28 07:00:00+00:00,73171.0,73485.0,73113.2,73467.0,6114.88
2026-05-28 08:00:00+00:00,73467.0,73474.8,73167.4,73294.0,3701.156
2026-05-28 09:00:00+00:00,73293.9,73535.7,73230.0,73514.1,3180.086
2026-05-28 10:00:00+00:00,73514.0,73592.1,73316.5,73375.2,4263.274
2026-05-28 11:00:00+00:00,73375.3,73510.0,73280.7,73479.1,2762.54
2026-05-28 12:00:00+00:00,73479.0,73555.0,73221.6,73496.5,4128.714
2026-05-28 13:00:00+00:00,73496.4,73549.9,72739.2,72988.5,13507.443
2026-05-28 14:00:00+00:00,72988.5,73557.3,72556.0,72997.5,27209.387
2026-05-28 15:00:00+00:00,72997.4,73155.4,72662.2,72899.1,6242.022
2026-05-28 16:00:00+00:00,72899.0,73415.0,72704.0,73415.0,7672.331
2026-05-28 17:00:00+00:00,73414.9,73722.5,73280.0,73518.2,7308.713
2026-05-28 18:00:00+00:00,73518.2,73723.0,73474.9,73626.4,3740.6
2026-05-28 19:00:00+00:00,73626.4,73626.5,73336.0,73393.5,3831.301
2026-05-28 20:00:00+00:00,73393.4,73698.6,73212.3,73553.5,4473.723
2026-05-28 21:00:00+00:00,73553.5,73900.0,73535.0,73796.3,3755.034
2026-05-28 22:00:00+00:00,73796.3,73932.2,73423.4,73448.7,3684.541
2026-05-28 23:00:00+00:00,73448.7,73695.0,73448.7,73591.4,1818.155
2026-05-29 00:00:00+00:00,73591.4,73834.6,73591.4,73693.8,2940.584
2026-05-29 01:00:00+00:00,73693.9,73844.0,73430.5,73558.5,3074.38
2026-05-29 02:00:00+00:00,73558.5,73616.9,73158.8,73201.9,3531.777
2026-05-29 03:00:00+00:00,73201.9,73434.2,73201.9,73269.2,2273.527
2026-05-29 04:00:00+00:00,73269.1,73485.7,73171.8,73466.4,2687.266
2026-05-29 05:00:00+00:00,73466.3,73682.3,73459.1,73663.0,2586.277
2026-05-29 06:00:00+00:00,73663.0,73908.6,73599.6,73752.5,3791.082
2026-05-29 07:00:00+00:00,73752.5,73797.3,73333.0,73488.0,6589.026
2026-05-29 08:00:00+00:00,73488.1,73799.8,73480.1,73625.2,3720.672
2026-05-29 09:00:00+00:00,73625.1,73866.8,73615.0,73707.8,3377.656
2026-05-29 10:00:00+00:00,73707.8,73709.3,73556.1,73601.9,2012.414
2026-05-29 11:00:00+00:00,73601.9,73662.3,73305.1,73447.6,2660.912
2026-05-29 12:00:00+00:00,73447.5,73447.5,73166.0,73260.0,4671.173
2026-05-29 13:00:00+00:00,73260.1,73320.0,72866.0,73114.6,10431.33
2026-05-29 14:00:00+00:00,73114.6,73206.8,72436.0,73065.8,17958.003
2026-05-29 15:00:00+00:00,73065.8,74177.0,72970.1,73775.4,26414.41
2026-05-29 16:00:00+00:00,73775.4,74124.0,73528.5,74022.0,10671.356
2026-05-29 17:00:00+00:00,74022.1,74293.1,73876.1,73954.3,9236.416
2026-05-29 18:00:00+00:00,73954.7,74040.3,73057.8,73343.0,11357.399
2026-05-29 19:00:00+00:00,73342.9,73693.6,73207.3,73489.0,5063.897
2026-05-29 20:00:00+00:00,73489.0,73735.2,73474.2,73644.9,2733.462
2026-05-29 21:00:00+00:00,73644.9,73829.2,73369.9,73385.3,2960.778
2026-05-29 22:00:00+00:00,73385.2,73537.6,73344.6,73446.5,2819.48
2026-05-29 23:00:00+00:00,73446.5,73478.3,73279.3,73428.2,2593.905
2026-05-30 00:00:00+00:00,73428.2,73545.3,73367.3,73463.3,2044.48
2026-05-30 01:00:00+00:00,73463.3,73625.9,73430.9,73623.6,1904.226
2026-05-30 02:00:00+00:00,73623.6,73747.6,73575.0,73747.4,1656.896
2026-05-30 03:00:00+00:00,73747.4,73757.9,73485.0,73492.4,2342.889
2026-05-30 04:00:00+00:00,73492.4,73549.7,73130.1,73365.9,5392.981
2026-05-30 05:00:00+00:00,73365.9,73671.2,73309.4,73567.5,3787.971
2026-05-30 06:00:00+00:00,73567.5,73685.0,73492.0,73550.7,1817.693
2026-05-30 07:00:00+00:00,73550.7,73555.0,73448.4,73513.9,1146.127
2026-05-30 08:00:00+00:00,73514.0,73527.7,73471.0,73491.6,936.345
2026-05-30 09:00:00+00:00,73491.7,73590.3,73470.5,73576.8,1025.741
2026-05-30 10:00:00+00:00,73576.8,73648.0,73558.0,73615.4,1539.798
2026-05-30 11:00:00+00:00,73615.4,73619.8,73529.1,73567.9,983.089
2026-05-30 12:00:00+00:00,73568.0,73697.2,73556.4,73661.5,1208.698
2026-05-30 13:00:00+00:00,73661.5,73814.2,73638.2,73805.0,3299.249
2026-05-30 14:00:00+00:00,73804.9,74078.6,73783.5,73901.0,6239.784
2026-05-30 15:00:00+00:00,73901.0,74011.2,73803.1,73888.0,2752.922
2026-05-30 16:00:00+00:00,73888.0,73949.4,73844.3,73899.9,1681.044
2026-05-30 17:00:00+00:00,73900.0,73989.9,73772.5,73982.0,2549.851
2026-05-30 18:00:00+00:00,73982.0,74108.8,73899.0,74007.5,2577.946
2026-05-30 19:00:00+00:00,74007.5,74045.0,73934.9,73980.1,1515.724
2026-05-30 20:00:00+00:00,73980.0,73986.2,73888.5,73944.5,1402.262
2026-05-30 21:00:00+00:00,73944.4,74028.3,73888.1,73954.8,1396.51
2026-05-30 22:00:00+00:00,73954.8,73954.8,73755.6,73849.8,1581.454
2026-05-30 23:00:00+00:00,73849.8,73971.5,73750.0,73856.8,1760.006
2026-05-31 00:00:00+00:00,73856.9,74013.8,73821.4,74003.7,1656.714
2026-05-31 01:00:00+00:00,74003.7,74250.0,73991.1,74021.1,3923.269
2026-05-31 02:00:00+00:00,74021.2,74211.4,73839.0,74060.9,3386.507
2026-05-31 03:00:00+00:00,74061.0,74200.0,74030.7,74107.6,1568.561
2026-05-31 04:00:00+00:00,74107.5,74194.6,74061.8,74144.3,1527.358
2026-05-31 05:00:00+00:00,74144.3,74180.1,74018.1,74027.9,1185.69
2026-05-31 06:00:00+00:00,74027.8,74077.5,73958.1,74020.0,1375.184
2026-05-31 07:00:00+00:00,74020.1,74020.1,73793.2,73833.3,2630.692
2026-05-31 08:00:00+00:00,73833.2,73952.9,73816.8,73913.4,2101.272
2026-05-31 09:00:00+00:00,73913.4,73998.9,73779.8,73814.5,1278.977
2026-05-31 10:00:00+00:00,73814.6,73875.6,73701.0,73871.5,1881.903
2026-05-31 11:00:00+00:00,73871.5,73949.0,73868.4,73913.6,1037.673
2026-05-31 12:00:00+00:00,73913.6,73975.1,73841.6,73892.1,1075.096
2026-05-31 13:00:00+00:00,73892.2,73997.8,73770.1,73841.0,1208.222
2026-05-31 14:00:00+00:00,73841.0,73841.1,73388.0,73570.3,10243.792
2026-05-31 15:00:00+00:00,73570.2,73745.6,73550.2,73613.5,1798.301
2026-05-31 16:00:00+00:00,73613.4,73697.3,73340.7,73499.9,3882.979
2026-05-31 17:00:00+00:00,73500.0,73704.0,73431.3,73681.3,1743.969
2026-05-31 18:00:00+00:00,73681.3,73681.3,73540.2,73573.8,1074.422
2026-05-31 19:00:00+00:00,73573.7,73623.4,73417.2,73521.9,1267.919
2026-05-31 20:00:00+00:00,73521.9,73732.7,73521.9,73710.9,1887.159
2026-05-31 21:00:00+00:00,73710.9,73897.6,73590.2,73860.6,2408.604
2026-05-31 22:00:00+00:00,73860.5,73975.0,73645.6,73918.5,2766.503
2026-05-31 23:00:00+00:00,73918.6,74179.9,73470.8,73653.2,5330.693
2026-06-01 00:00:00+00:00,73653.2,74070.5,73620.0,73855.0,3770.449
2026-06-01 01:00:00+00:00,73854.9,73890.0,73235.0,73257.8,5614.578
2026-06-01 02:00:00+00:00,73257.9,73865.0,73171.0,73766.3,5651.739
2026-06-01 03:00:00+00:00,73766.2,73998.8,73692.9,73731.3,3361.378
2026-06-01 04:00:00+00:00,73731.4,73815.9,73307.7,73497.6,4968.162
2026-06-01 05:00:00+00:00,73497.5,73507.9,73283.5,73319.5,2267.135
2026-06-01 06:00:00+00:00,73319.5,73339.3,72917.0,73106.6,7954.82
2026-06-01 07:00:00+00:00,73106.6,73177.8,72668.0,72776.1,6817.045
2026-06-01 08:00:00+00:00,72776.1,72907.8,72573.5,72875.7,6995.32
2026-06-01 09:00:00+00:00,72875.8,73084.0,72801.1,72855.2,5876.471
2026-06-01 10:00:00+00:00,72855.2,72878.1,72551.0,72725.9,4945.966
2026-06-01 11:00:00+00:00,72725.9,72742.0,72188.0,72452.8,9571.993
2026-06-01 12:00:00+00:00,72452.7,72583.7,71862.6,72193.1,22210.026
2026-06-01 13:00:00+00:00,72193.2,72288.0,71350.0,71698.7,32500.86
2026-06-01 14:00:00+00:00,71698.8,71884.9,71387.6,71548.5,14314.072
2026-06-01 15:00:00+00:00,71548.5,71662.6,71035.3,71099.4,17524.364
2026-06-01 16:00:00+00:00,71099.5,71600.0,70650.9,71537.7,20585.239
2026-06-01 17:00:00+00:00,71537.7,71788.5,71438.9,71617.9,9208.61
2026-06-01 18:00:00+00:00,71617.5,71670.7,71350.1,71470.1,5092.421
2026-06-01 19:00:00+00:00,71470.1,71645.2,71358.0,71571.0,3402.005
2026-06-01 20:00:00+00:00,71571.0,71670.0,71383.8,71419.8,2339.282
2026-06-01 21:00:00+00:00,71419.7,71419.8,70911.0,71004.6,6654.354
2026-06-01 22:00:00+00:00,71004.6,71439.5,70806.0,71376.6,7396.047
2026-06-01 23:00:00+00:00,71376.7,71564.0,71199.0,71391.5,4448.792
2026-06-02 00:00:00+00:00,71391.5,71397.0,71071.5,71266.6,3758.49
2026-06-02 01:00:00+00:00,71266.5,71357.2,70555.7,70615.2,8460.939
2026-06-02 02:00:00+00:00,70612.2,70855.9,70038.0,70820.0,18148.055
2026-06-02 03:00:00+00:00,70820.0,71022.4,70768.5,70920.7,4366.617
2026-06-02 04:00:00+00:00,70920.8,71022.7,70690.1,70782.3,4111.213
2026-06-02 05:00:00+00:00,70782.3,70820.8,70222.2,70235.1,9508.479
2026-06-02 06:00:00+00:00,70235.1,70414.9,69889.1,70076.7,12658.956
2026-06-02 07:00:00+00:00,70076.6,70249.6,69666.8,70079.4,12331.391
2026-06-02 08:00:00+00:00,70079.5,70146.2,69677.6,69794.4,6528.391
2026-06-02 09:00:00+00:00,69794.4,69820.4,69277.8,69393.2,13831.28
2026-06-02 10:00:00+00:00,69393.1,69732.2,69316.5,69620.8,7571.511
2026-06-02 11:00:00+00:00,69620.9,69635.0,69364.1,69430.2,3599.617
2026-06-02 12:00:00+00:00,69430.2,69514.6,68955.0,68985.5,12233.401
2026-06-02 13:00:00+00:00,68985.4,69171.0,68736.0,68788.9,18381.657
2026-06-02 14:00:00+00:00,68788.9,68818.4,67573.5,67990.0,44046.045
2026-06-02 15:00:00+00:00,67989.9,68075.0,67035.5,67274.0,32842.651
2026-06-02 16:00:00+00:00,67274.0,68121.9,67196.2,67393.0,26315.425
2026-06-02 17:00:00+00:00,67393.1,67821.9,67345.0,67466.0,9351.26
2026-06-02 18:00:00+00:00,67466.0,67641.6,67088.0,67315.5,7382.764
2026-06-02 19:00:00+00:00,67315.5,67474.2,66388.0,67286.7,27447.846
2026-06-02 20:00:00+00:00,67286.7,67687.4,66880.1,67556.0,12855.437
2026-06-02 21:00:00+00:00,67556.0,67899.9,67373.5,67532.1,8980.536
2026-06-02 22:00:00+00:00,67532.1,67532.1,66210.0,66354.2,21317.088
2026-06-02 23:00:00+00:00,66354.3,66844.8,66150.7,66730.0,20673.103
2026-06-03 00:00:00+00:00,66730.1,67195.7,66620.4,66900.2,14643.212
2026-06-03 01:00:00+00:00,66900.3,67010.0,66442.0,66890.8,10585.483
2026-06-03 02:00:00+00:00,66890.8,66913.0,66547.4,66588.0,4630.414
2026-06-03 03:00:00+00:00,66588.0,66635.0,65359.1,65818.4,29211.393
2026-06-03 04:00:00+00:00,65818.3,66594.7,65791.4,66439.2,13975.579
2026-06-03 05:00:00+00:00,66439.1,67380.0,66439.1,67290.2,22670.597
2026-06-03 06:00:00+00:00,67290.2,67493.8,66913.1,66949.3,10542.247
2026-06-03 07:00:00+00:00,66949.4,67299.9,66828.5,67186.7,6907.108
2026-06-03 08:00:00+00:00,67186.7,67226.7,66933.6,66987.7,7143.703
2026-06-03 09:00:00+00:00,66987.7,67313.9,66620.0,67040.9,18551.588
2026-06-03 10:00:00+00:00,67041.0,67448.0,67032.6,67260.0,6922.156
2026-06-03 11:00:00+00:00,67260.0,67340.0,67026.6,67040.1,3936.714
2026-06-03 12:00:00+00:00,67040.1,67142.1,66760.0,67050.8,8318.896
2026-06-03 13:00:00+00:00,67050.7,67220.2,66605.1,66884.8,10450.216
2026-06-03 14:00:00+00:00,66884.8,66975.0,66611.9,66840.9,7494.408
2026-06-03 15:00:00+00:00,66841.0,66880.0,66036.2,66046.5,19094.974
2026-06-03 16:00:00+00:00,66046.6,66359.4,65508.3,66037.4,24860.392
2026-06-03 17:00:00+00:00,66037.4,66159.0,65674.9,65934.0,9175.749
2026-06-03 18:00:00+00:00,65934.0,66141.7,65711.4,66006.6,5382.664
2026-06-03 19:00:00+00:00,66006.5,66030.7,65199.0,65428.6,13312.575
2026-06-03 20:00:00+00:00,65428.5,65581.6,64711.1,64971.7,18176.176
2026-06-03 21:00:00+00:00,64971.8,65829.4,64919.1,65738.6,12497.286
2026-06-03 22:00:00+00:00,65738.6,65814.2,64733.9,64882.1,13287.809
2026-06-03 23:00:00+00:00,64882.1,64957.7,64050.8,64117.7,19130.199
2026-06-04 00:00:00+00:00,64117.7,64412.9,62911.9,63314.4,32017.216
2026-06-04 01:00:00+00:00,63314.5,63478.5,62066.6,62140.3,33187.939
2026-06-04 02:00:00+00:00,62140.4,63598.7,61344.8,63198.4,48264.122
2026-06-04 03:00:00+00:00,63198.4,64495.9,63186.7,64336.2,25029.44
2026-06-04 04:00:00+00:00,64336.2,64739.8,64233.0,64364.0,12138.136
2026-06-04 05:00:00+00:00,64363.9,64363.9,63607.4,63927.6,15516.364
2026-06-04 06:00:00+00:00,63927.6,64480.0,63858.6,64007.2,7456.889
2026-06-04 07:00:00+00:00,64007.4,64041.8,63450.0,63561.7,13651.696
2026-06-04 08:00:00+00:00,63561.8,63875.9,63201.1,63595.5,12293.7
2026-06-04 09:00:00+00:00,63595.5,63616.3,62666.0,63237.4,19123.543
2026-06-04 10:00:00+00:00,63237.5,63250.0,62256.0,62391.6,29859.942
2026-06-04 11:00:00+00:00,62391.6,62800.0,62150.8,62520.7,21741.816
2026-06-04 12:00:00+00:00,62520.7,63947.8,62344.1,63738.1,25027.312
2026-06-04 13:00:00+00:00,63738.2,64223.1,63038.0,64202.7,28666.685
2026-06-04 14:00:00+00:00,64202.7,64463.7,63733.0,63923.9,16138.466
2026-06-04 15:00:00+00:00,63923.8,64380.0,63650.0,63864.8,13018.872
2026-06-04 16:00:00+00:00,63864.8,63898.9,63412.9,63529.4,8547.533
2026-06-04 17:00:00+00:00,63529.4,63698.7,62910.0,63511.2,14376.367
2026-06-04 18:00:00+00:00,63511.1,64091.7,63117.6,63791.1,15695.29
2026-06-04 19:00:00+00:00,63791.2,64150.8,63508.6,63600.3,9010.124
2026-06-04 20:00:00+00:00,63600.2,63628.0,63140.8,63600.8,10580.497
2026-06-04 21:00:00+00:00,63600.8,63847.9,63040.0,63250.2,6186.469
2026-06-04 22:00:00+00:00,63250.1,63740.2,63150.7,63702.2,6948.656
2026-06-04 23:00:00+00:00,63702.3,63897.0,63335.1,63853.4,6697.537
2026-06-05 00:00:00+00:00,63853.4,63955.0,63366.0,63398.3,6077.139
2026-06-05 01:00:00+00:00,63398.3,63547.5,63011.0,63347.0,8705.901
2026-06-05 02:00:00+00:00,63347.0,63416.9,62552.2,62585.5,12937.021
2026-06-05 03:00:00+00:00,62585.6,62861.0,62300.0,62699.7,11767.388
2026-06-05 04:00:00+00:00,62700.0,63629.9,62456.0,63588.9,12198.337
2026-06-05 05:00:00+00:00,63589.0,63674.9,62229.6,62294.4,17219.625
2026-06-05 06:00:00+00:00,62294.1,62614.2,61067.6,61916.8,43244.607
2026-06-05 07:00:00+00:00,61916.7,63084.4,61330.5,63075.6,22919.441
2026-06-05 08:00:00+00:00,63075.5,63088.0,62234.3,62429.9,11546.341
2026-06-05 09:00:00+00:00,62429.9,63231.8,62405.1,62832.5,10276.57
2026-06-05 10:00:00+00:00,62832.4,62910.5,62342.1,62510.1,6267.222
2026-06-05 11:00:00+00:00,62510.0,62621.9,61928.3,61929.5,9661.694
2026-06-05 12:00:00+00:00,61929.6,62437.5,61578.4,61939.7,18065.956
2026-06-05 13:00:00+00:00,61939.7,62310.0,60690.8,60700.4,26689.674
2026-06-05 14:00:00+00:00,60700.4,61217.8,60300.0,60832.7,38987.144
2026-06-05 15:00:00+00:00,60832.6,61105.6,60005.8,60400.8,31939.718
2026-06-05 16:00:00+00:00,60400.8,61550.0,59739.1,61358.1,58804.844
2026-06-05 17:00:00+00:00,61358.1,61487.9,60621.2,60786.5,12594.401
2026-06-05 18:00:00+00:00,60786.5,60933.0,59105.4,59362.2,32030.644
2026-06-05 19:00:00+00:00,59362.1,60435.2,59080.0,60267.7,23692.266
2026-06-05 20:00:00+00:00,60267.4,61800.0,59903.8,61586.2,22351.565
2026-06-05 21:00:00+00:00,61586.1,61985.1,61400.0,61639.5,12170.417
2026-06-05 22:00:00+00:00,61639.4,61942.4,61169.1,61556.6,13850.543
2026-06-05 23:00:00+00:00,61556.7,61745.0,60458.0,61022.0,14163.427
2026-06-06 00:00:00+00:00,61022.0,61500.0,61012.0,61238.4,7564.048
2026-06-06 01:00:00+00:00,61238.4,61349.7,60912.3,61025.6,4623.78
2026-06-06 02:00:00+00:00,61025.6,61164.5,60642.4,60918.4,5765.277
2026-06-06 03:00:00+00:00,60918.3,60940.5,60490.0,60662.6,5489.751
2026-06-06 04:00:00+00:00,60662.6,60847.5,59451.3,60068.4,22031.624
2026-06-06 05:00:00+00:00,60068.5,61070.2,59578.8,60918.9,20702.862
2026-06-06 06:00:00+00:00,60919.0,61250.0,60644.5,60771.8,11698.016
2026-06-06 07:00:00+00:00,60771.8,61212.7,60705.4,60975.2,7336.922
2026-06-06 08:00:00+00:00,60975.2,61475.0,60850.0,61239.6,8498.1
2026-06-06 09:00:00+00:00,61239.5,61298.2,60854.1,60956.7,5320.274
2026-06-06 10:00:00+00:00,60956.7,60956.7,60146.0,60555.3,14536.034
2026-06-06 11:00:00+00:00,60555.2,60938.0,60520.0,60773.5,5694.791
2026-06-06 12:00:00+00:00,60773.5,61173.5,60599.9,61003.6,9784.197
2026-06-06 13:00:00+00:00,61003.6,61073.6,60668.8,60779.5,5213.726
2026-06-06 14:00:00+00:00,60779.5,60990.8,60733.0,60762.5,3560.698
2026-06-06 15:00:00+00:00,60762.5,60900.0,60353.4,60754.1,7524.848
2026-06-06 16:00:00+00:00,60754.2,60949.9,60417.6,60749.8,6038.819
2026-06-06 17:00:00+00:00,60749.9,60817.2,60463.0,60553.3,3936.273
2026-06-06 18:00:00+00:00,60553.2,60723.5,60363.0,60606.0,3583.649
2026-06-06 19:00:00+00:00,60606.0,60760.4,60502.1,60563.9,2214.691
2026-06-06 20:00:00+00:00,60563.9,60729.1,60484.5,60678.5,2440.763
2026-06-06 21:00:00+00:00,60678.4,60969.2,60673.2,60719.3,3053.205
2026-06-06 22:00:00+00:00,60719.2,60788.6,60390.0,60513.0,5032.414
2026-06-06 23:00:00+00:00,60513.0,60911.0,60511.0,60849.7,3116.081
2026-06-07 00:00:00+00:00,60849.7,60962.7,60708.0,60748.3,2990.633
2026-06-07 01:00:00+00:00,60748.2,61641.4,60720.9,61452.5,13447.678
2026-06-07 02:00:00+00:00,61452.5,61540.1,61150.0,61469.2,5320.335
2026-06-07 03:00:00+00:00,61469.3,61763.9,61376.7,61671.1,5046.674
2026-06-07 04:00:00+00:00,61671.1,61866.0,61447.2,61854.1,5279.246
2026-06-07 05:00:00+00:00,61854.2,62132.0,61607.9,61709.2,9364.91
2026-06-07 06:00:00+00:00,61709.3,62254.9,61573.5,62080.1,9917.458
2026-06-07 07:00:00+00:00,62080.1,62380.0,61951.0,62366.0,8886.719
2026-06-07 08:00:00+00:00,62366.0,62942.4,62217.4,62823.0,16219.509
2026-06-07 09:00:00+00:00,62823.0,62887.5,62361.5,62510.0,7994.466
2026-06-07 10:00:00+00:00,62509.9,62547.8,62273.0,62343.7,5250.485
2026-06-07 11:00:00+00:00,62343.7,62730.0,62333.0,62598.8,5263.381
2026-06-07 12:00:00+00:00,62598.8,62617.7,61509.1,61871.1,21819.579
2026-06-07 13:00:00+00:00,61871.1,61880.0,61612.2,61675.0,5955.28
2026-06-07 14:00:00+00:00,61675.1,62283.6,61675.0,61872.0,10111.376
2026-06-07 15:00:00+00:00,61871.9,62196.0,61640.1,62071.6,6764.069
2026-06-07 16:00:00+00:00,62071.7,62327.0,61912.7,62054.2,5219.03
2026-06-07 17:00:00+00:00,62054.1,62315.6,62012.2,62129.6,4071.011
2026-06-07 18:00:00+00:00,62129.6,62267.2,61989.0,62001.6,2079.999
2026-06-07 19:00:00+00:00,62001.6,62009.1,61150.2,61303.8,15448.708
2026-06-07 20:00:00+00:00,61303.7,61949.3,61189.7,61843.0,6748.756
2026-06-07 21:00:00+00:00,61843.1,61980.0,61618.5,61755.0,3502.586
2026-06-07 22:00:00+00:00,61754.9,64250.0,61690.3,62833.5,32662.168
2026-06-07 23:00:00+00:00,62833.0,63429.9,62759.5,63298.5,8114.977
2026-06-08 00:00:00+00:00,63299.0,63849.5,63111.3,63599.2,9954.623
2026-06-08 01:00:00+00:00,63599.3,63619.5,62676.8,63188.0,12067.272
2026-06-08 02:00:00+00:00,63188.0,63238.3,62881.9,63097.2,4283.889
2026-06-08 03:00:00+00:00,63097.2,63438.2,62944.1,63101.6,4210.952
2026-06-08 04:00:00+00:00,63101.6,63150.0,62616.9,62654.7,5895.229
2026-06-08 05:00:00+00:00,62654.7,62800.0,62377.0,62740.8,7325.169
2026-06-08 06:00:00+00:00,62740.8,63119.7,62702.0,62958.8,5677.298
2026-06-08 07:00:00+00:00,62958.9,63320.9,62779.0,63259.9,5891.372
2026-06-08 08:00:00+00:00,63259.9,63259.9,62955.7,63100.8,3576.879
2026-06-08 09:00:00+00:00,63100.9,63554.7,63093.5,63469.9,7425.603
2026-06-08 10:00:00+00:00,63469.9,63525.0,63053.4,63131.5,6189.668
2026-06-08 11:00:00+00:00,63131.4,63861.3,63020.0,63450.1,11047.181
2026-06-08 12:00:00+00:00,63450.1,63948.2,62658.4,63844.5,22904.142
2026-06-08 13:00:00+00:00,63844.6,63920.0,63330.4,63720.6,13790.78
2026-06-08 14:00:00+00:00,63720.5,64075.6,63531.9,63933.7,10811.608
2026-06-08 15:00:00+00:00,63933.7,64179.5,63673.0,63745.4,11587.537
2026-06-08 16:00:00+00:00,63745.3,64029.5,63430.6,63496.8,7607.381
2026-06-08 17:00:00+00:00,63496.8,63620.0,63209.6,63519.2,7842.552
2026-06-08 18:00:00+00:00,63519.1,63659.1,63305.0,63438.0,3208.045
2026-06-08 19:00:00+00:00,63438.0,63572.1,63317.7,63348.2,3103.656
2026-06-08 20:00:00+00:00,63348.3,63459.3,63120.4,63459.1,4563.368
2026-06-08 21:00:00+00:00,63459.1,63832.5,63455.1,63690.8,4030.441
2026-06-08 22:00:00+00:00,63690.7,63690.7,63171.2,63407.5,6036.812
2026-06-08 23:00:00+00:00,63407.6,63567.6,62939.7,63057.9,5409.596
2026-06-09 00:00:00+00:00,63057.9,63157.3,62381.2,62522.6,15947.71
2026-06-09 01:00:00+00:00,62522.6,62846.6,62513.0,62732.9,6038.258
2026-06-09 02:00:00+00:00,62732.8,62849.5,62506.8,62840.0,4490.164
2026-06-09 03:00:00+00:00,62839.9,62945.8,62664.3,62841.0,3847.384
2026-06-09 04:00:00+00:00,62841.1,63402.0,62715.4,63213.7,9505.94
2026-06-09 05:00:00+00:00,63213.8,63499.9,63088.0,63318.5,5631.349
2026-06-09 06:00:00+00:00,63318.5,63487.1,63202.6,63279.4,4791.047
2026-06-09 07:00:00+00:00,63279.5,63424.0,62970.6,63170.8,6015.433
2026-06-09 08:00:00+00:00,63170.9,63183.0,62646.0,62816.9,8266.54
2026-06-09 09:00:00+00:00,62817.0,62923.7,62555.5,62682.5,5482.787
2026-06-09 10:00:00+00:00,62682.6,62802.7,62560.9,62750.0,4015.766
2026-06-09 11:00:00+00:00,62750.0,62786.9,62457.5,62679.4,6806.713
2026-06-09 12:00:00+00:00,62679.5,62868.2,62404.0,62611.6,6095.652
2026-06-09 13:00:00+00:00,62611.6,62717.7,62125.0,62244.4,13535.918
2026-06-09 14:00:00+00:00,62244.4,62371.6,61075.9,61511.6,35615.599
2026-06-09 15:00:00+00:00,61511.6,61680.9,61001.0,61100.7,16545.058
2026-06-09 16:00:00+00:00,61100.6,61490.0,60755.0,61367.5,26909.919
2026-06-09 17:00:00+00:00,61367.5,61860.0,61367.0,61667.1,12632.633
2026-06-09 18:00:00+00:00,61667.2,61939.0,61563.3,61756.1,5648.053
2026-06-09 19:00:00+00:00,61756.2,62079.5,61685.0,62068.8,6032.774
2026-06-09 20:00:00+00:00,62068.9,62253.2,61920.9,62132.3,4702.846
2026-06-09 21:00:00+00:00,62132.3,62149.8,61660.0,61732.2,5903.611
2026-06-09 22:00:00+00:00,61732.5,61945.4,61630.2,61688.0,3249.56
2026-06-09 23:00:00+00:00,61687.9,61850.0,61519.0,61695.0,3688.76
2026-06-10 00:00:00+00:00,61694.9,61908.9,61404.6,61886.5,5067.624
2026-06-10 01:00:00+00:00,61886.5,61947.4,61544.2,61680.7,4252.258
2026-06-10 02:00:00+00:00,61680.7,61807.9,61201.0,61271.3,6430.764
2026-06-10 03:00:00+00:00,61271.4,61571.1,61250.0,61518.2,3472.635
2026-06-10 04:00:00+00:00,61518.3,61535.0,61153.5,61269.6,4116.843
2026-06-10 05:00:00+00:00,61269.6,61368.0,61045.7,61321.6,4160.181
2026-06-10 06:00:00+00:00,61321.6,61493.0,61108.8,61436.5,4853.421
2026-06-10 07:00:00+00:00,61436.4,61783.4,61400.7,61654.3,6313.665
2026-06-10 08:00:00+00:00,61654.3,61707.6,61128.7,61228.7,7510.133
2026-06-10 09:00:00+00:00,61228.8,61396.4,60691.9,61302.7,12001.158
2026-06-10 10:00:00+00:00,61303.2,61426.7,61113.2,61350.1,4009.363
2026-06-10 11:00:00+00:00,61350.1,61406.0,60824.5,61003.1,9567.514
2026-06-10 12:00:00+00:00,61003.1,61918.0,60930.0,61531.7,17186.613
2026-06-10 13:00:00+00:00,61531.8,62445.0,61406.8,62123.9,18689.305
2026-06-10 14:00:00+00:00,62123.9,62230.0,61782.0,62170.8,11613.002
2026-06-10 15:00:00+00:00,62170.9,62840.2,61814.0,62604.8,18864.285
2026-06-10 16:00:00+00:00,62604.7,62617.1,61891.2,62194.5,9692.542
2026-06-10 17:00:00+00:00,62194.6,62330.3,61616.0,61944.5,11161.95
2026-06-10 18:00:00+00:00,61944.4,62137.3,61552.0,61856.0,6181.953
2026-06-10 19:00:00+00:00,61856.0,62038.0,61641.4,61908.7,4545.789
2026-06-10 20:00:00+00:00,61908.7,61921.2,61644.4,61770.1,3195.626
2026-06-10 21:00:00+00:00,61770.1,61773.1,61150.1,61327.3,7887.368
2026-06-10 22:00:00+00:00,61327.4,61547.9,61068.6,61353.2,7637.894
2026-06-10 23:00:00+00:00,61353.1,61582.1,61135.8,61483.7,4642.378
2026-06-11 00:00:00+00:00,61483.6,61955.8,61483.6,61794.6,6629.261
2026-06-11 01:00:00+00:00,61794.6,62350.0,61793.5,62180.3,6360.787
2026-06-11 02:00:00+00:00,62180.4,62278.3,61911.5,62113.5,4726.248
2026-06-11 03:00:00+00:00,62113.5,62922.0,61975.6,62657.5,11223.901
2026-06-11 04:00:00+00:00,62657.5,62827.0,62512.6,62692.9,6342.014
2026-06-11 05:00:00+00:00,62692.8,62696.7,62527.5,62581.7,3206.604
2026-06-11 06:00:00+00:00,62581.7,62993.4,62507.9,62734.2,7813.001
2026-06-11 07:00:00+00:00,62734.1,62812.2,62574.3,62693.3,4667.736
2026-06-11 08:00:00+00:00,62693.2,63043.1,62691.7,62927.2,6684.514
2026-06-11 09:00:00+00:00,62927.2,62970.7,62753.3,62899.9,4093.748
2026-06-11 10:00:00+00:00,62900.0,63188.0,62771.0,63120.3,8162.024
2026-06-11 11:00:00+00:00,63120.2,63235.9,63020.6,63078.0,7361.917
2026-06-11 12:00:00+00:00,63078.0,63173.8,62455.8,62978.3,20933.227
2026-06-11 13:00:00+00:00,62978.3,63200.0,62644.7,63046.1,13026.119
2026-06-11 14:00:00+00:00,63046.1,63060.0,62697.0,62699.6,7669.427
2026-06-11 15:00:00+00:00,62699.6,62856.7,62494.6,62721.1,8504.57
2026-06-11 16:00:00+00:00,62721.2,62810.0,62502.4,62546.6,4781.27
2026-06-11 17:00:00+00:00,62546.6,63643.0,62315.0,63614.2,28276.294
2026-06-11 18:00:00+00:00,63614.2,63768.7,63283.4,63426.0,9903.762
2026-06-11 19:00:00+00:00,63426.0,63915.3,63350.4,63567.6,10032.986
2026-06-11 20:00:00+00:00,63567.7,63633.6,63235.8,63361.9,4935.297
2026-06-11 21:00:00+00:00,63361.9,63571.5,63359.7,63487.2,2172.23
2026-06-11 22:00:00+00:00,63487.3,63640.6,63425.0,63467.1,2216.095
2026-06-11 23:00:00+00:00,63467.1,63712.3,63328.1,63597.9,4271.542
2026-06-12 00:00:00+00:00,63598.0,63777.0,63489.8,63617.7,4243.194
2026-06-12 01:00:00+00:00,63617.7,63617.7,63271.6,63402.9,4466.191
2026-06-12 02:00:00+00:00,63402.9,63758.4,63402.9,63589.3,3408.002
2026-06-12 03:00:00+00:00,63589.2,63620.1,63314.7,63490.0,2027.229
2026-06-12 04:00:00+00:00,63490.1,63843.2,63391.2,63670.4,5901.952
2026-06-12 05:00:00+00:00,63670.5,63695.4,63265.4,63317.6,6047.081
2026-06-12 06:00:00+00:00,63317.6,63385.9,62800.0,62955.9,8541.968
2026-06-12 07:00:00+00:00,62956.0,63180.8,62919.9,63066.5,4785.19
2026-06-12 08:00:00+00:00,63066.5,63587.0,63063.9,63440.5,6555.915
2026-06-12 09:00:00+00:00,63440.5,63929.9,63398.3,63729.5,7939.036
2026-06-12 10:00:00+00:00,63729.5,63824.0,63541.9,63665.1,4205.305
2026-06-12 11:00:00+00:00,63665.2,63855.8,63650.0,63729.4,3381.03
2026-06-12 12:00:00+00:00,63729.4,63745.1,63331.9,63433.7,5597.36
2026-06-12 13:00:00+00:00,63433.8,63507.9,63020.6,63200.3,9236.386
2026-06-12 14:00:00+00:00,63200.3,63988.0,63160.4,63971.0,14271.383
2026-06-12 15:00:00+00:00,63971.1,64362.6,63504.2,63557.0,26003.214
2026-06-12 16:00:00+00:00,63557.1,63974.8,63477.5,63951.2,8532.953
2026-06-12 17:00:00+00:00,63951.2,64083.3,63708.0,63836.9,4217.505
2026-06-12 18:00:00+00:00,63836.9,63907.0,63647.9,63661.8,3095.609
2026-06-12 19:00:00+00:00,63661.8,63790.8,63555.0,63555.1,3164.169
2026-06-12 20:00:00+00:00,63555.0,63664.4,63352.3,63417.9,4000.142
2026-06-12 21:00:00+00:00,63418.2,63608.1,63413.0,63450.1,2246.705
2026-06-12 22:00:00+00:00,63450.0,63633.3,63435.6,63482.8,2214.568
2026-06-12 23:00:00+00:00,63482.8,63554.7,63394.3,63547.0,1641.695
2026-06-13 00:00:00+00:00,63547.0,63625.2,63480.0,63573.9,1951.164
2026-06-13 01:00:00+00:00,63573.9,63828.4,63573.9,63801.0,2669.191
2026-06-13 02:00:00+00:00,63801.1,63806.9,63517.8,63612.0,2457.955
2026-06-13 03:00:00+00:00,63612.1,63695.0,63360.0,63494.4,3026.794
2026-06-13 04:00:00+00:00,63494.4,63619.1,63444.9,63475.2,1293.536
2026-06-13 05:00:00+00:00,63475.2,63564.8,63456.0,63554.9,1208.298
2026-06-13 06:00:00+00:00,63554.9,63720.2,63516.3,63707.2,1642.636
2026-06-13 07:00:00+00:00,63707.2,63879.0,63637.1,63823.9,4873.909
2026-06-13 08:00:00+00:00,63823.9,63896.5,63729.8,63771.6,3461.243
2026-06-13 09:00:00+00:00,63771.5,63833.0,63708.2,63709.9,1419.807
2026-06-13 10:00:00+00:00,63709.9,63883.2,63683.1,63812.9,2679.471
2026-06-13 11:00:00+00:00,63813.0,63949.9,63809.4,63936.1,2414.403
2026-06-13 12:00:00+00:00,63936.1,64187.7,63882.6,64103.1,4756.321
2026-06-13 13:00:00+00:00,64103.0,64217.0,64026.6,64071.0,4732.652
2026-06-13 14:00:00+00:00,64071.0,64208.8,64052.3,64189.7,2178.915
2026-06-13 15:00:00+00:00,64189.8,64323.0,64147.2,64265.0,4558.288
2026-06-13 16:00:00+00:00,64265.1,64280.0,63862.9,63996.2,8214.293
2026-06-13 17:00:00+00:00,63996.1,64090.1,63902.0,63939.7,2988.244
2026-06-13 18:00:00+00:00,63939.7,64247.8,63939.6,64122.7,3116.164
2026-06-13 19:00:00+00:00,64122.7,64298.7,64111.1,64264.2,3087.802
2026-06-13 20:00:00+00:00,64264.2,64264.3,64195.3,64252.4,1079.311
2026-06-13 21:00:00+00:00,64252.4,64738.0,64189.6,64435.2,7334.893
2026-06-13 22:00:00+00:00,64435.2,64529.0,64349.3,64413.4,2850.59
2026-06-13 23:00:00+00:00,64413.4,64572.0,64350.5,64418.2,2165.507
2026-06-14 00:00:00+00:00,64418.3,64548.6,64338.8,64519.3,2060.185
2026-06-14 01:00:00+00:00,64519.2,64682.2,64466.4,64534.1,2612.929
2026-06-14 02:00:00+00:00,64534.0,64606.4,64436.7,64450.0,2045.452
2026-06-14 03:00:00+00:00,64450.1,64518.4,64421.7,64515.0,3269.628
2026-06-14 04:00:00+00:00,64515.0,64532.8,64281.0,64300.0,2599.296
2026-06-14 05:00:00+00:00,64300.0,64378.5,64260.0,64318.1,2076.942
2026-06-14 06:00:00+00:00,64318.1,64450.1,64208.5,64258.0,3360.246
2026-06-14 07:00:00+00:00,64258.0,64412.7,64186.5,64392.0,2472.615
2026-06-14 08:00:00+00:00,64392.1,64486.9,64353.2,64423.1,1629.08
2026-06-14 09:00:00+00:00,64423.1,64593.1,64281.1,64584.7,3100.679
2026-06-14 10:00:00+00:00,64584.8,64640.6,64452.8,64485.4,2531.79
2026-06-14 11:00:00+00:00,64485.5,64614.4,64419.3,64511.7,1865.041
2026-06-14 12:00:00+00:00,64511.7,64531.2,64255.9,64296.8,3294.214
2026-06-14 13:00:00+00:00,64296.7,64369.0,64207.3,64287.5,2943.823
2026-06-14 14:00:00+00:00,64287.4,64313.1,63830.0,63953.7,8475.881
2026-06-14 15:00:00+00:00,63953.7,64123.8,63945.8,63995.2,4281.19
2026-06-14 16:00:00+00:00,63995.2,64183.4,63901.3,63913.8,3323.998
2026-06-14 17:00:00+00:00,63913.8,64000.0,63650.0,63706.1,5470.458
2026-06-14 18:00:00+00:00,63706.2,63791.9,63650.9,63783.9,3170.311
2026-06-14 19:00:00+00:00,63783.9,63830.9,63702.0,63777.3,1358.481
2026-06-14 20:00:00+00:00,63777.4,64070.0,63761.5,63978.1,3073.059
2026-06-14 21:00:00+00:00,63978.2,65652.0,63973.4,65284.4,27695.963
2026-06-14 22:00:00+00:00,65284.4,65555.0,64918.2,65389.2,14246.288
2026-06-14 23:00:00+00:00,65389.2,65775.0,65217.0,65702.1,9775.909
2026-06-15 00:00:00+00:00,65702.1,65880.0,65444.0,65591.4,9044.986
2026-06-15 01:00:00+00:00,65591.4,65705.6,65314.3,65482.6,5936.809
2026-06-15 02:00:00+00:00,65482.6,65749.0,65383.6,65429.3,3923.62
2026-06-15 03:00:00+00:00,65429.3,65996.8,65393.4,65894.7,9255.319
2026-06-15 04:00:00+00:00,65894.6,65894.7,65601.8,65612.2,3331.818
2026-06-15 05:00:00+00:00,65612.2,65844.7,65577.8,65828.1,3066.816
2026-06-15 06:00:00+00:00,65828.0,65933.0,65716.4,65773.0,4071.861
2026-06-15 07:00:00+00:00,65773.0,65978.1,65580.0,65642.3,5386.6
2026-06-15 08:00:00+00:00,65642.4,65768.1,65580.3,65619.9,3912.2
2026-06-15 09:00:00+00:00,65620.0,65740.1,65469.0,65559.9,3326.393
2026-06-15 10:00:00+00:00,65559.8,65934.3,65545.2,65884.7,7895.239
2026-06-15 11:00:00+00:00,65884.7,66346.2,65807.3,66192.0,15452.401
2026-06-15 12:00:00+00:00,66192.0,66570.0,66056.4,66528.5,12174.401
2026-06-15 13:00:00+00:00,66528.5,66915.2,66375.1,66410.8,20545.811
2026-06-15 14:00:00+00:00,66410.8,66646.8,66265.0,66552.3,8252.837
2026-06-15 15:00:00+00:00,66552.4,67255.4,66541.5,67248.5,13362.263
2026-06-15 16:00:00+00:00,67248.5,67254.5,67051.1,67122.3,7578.852
2026-06-15 17:00:00+00:00,67122.3,67122.4,66635.1,66820.7,8193.907
2026-06-15 18:00:00+00:00,66820.7,66900.0,66678.5,66726.1,3557.451
2026-06-15 19:00:00+00:00,66726.1,66856.1,66302.4,66579.2,6172.572
2026-06-15 20:00:00+00:00,66579.1,66658.2,66445.0,66489.6,2244.671
2026-06-15 21:00:00+00:00,66489.6,66534.8,66284.8,66337.1,2945.274
2026-06-15 22:00:00+00:00,66337.1,66446.2,66065.1,66170.0,5545.129
2026-06-15 23:00:00+00:00,66170.0,66335.5,66086.6,66285.9,2775.711
2026-06-16 00:00:00+00:00,66285.9,66426.9,66197.2,66216.9,3431.519
2026-06-16 01:00:00+00:00,66216.8,66388.8,66206.6,66309.9,2298.901
2026-06-16 02:00:00+00:00,66309.9,66331.8,65655.0,65714.1,9099.747
2026-06-16 03:00:00+00:00,65714.0,66145.4,65607.1,66125.4,6605.331
2026-06-16 04:00:00+00:00,66125.4,66252.2,65768.7,65811.1,5555.333
2026-06-16 05:00:00+00:00,65811.1,66119.9,65811.1,66028.0,3516.107
2026-06-16 06:00:00+00:00,66028.1,66543.5,66025.1,66406.4,5633.376
2026-06-16 07:00:00+00:00,66406.3,66497.0,66272.1,66341.7,3952.601
2026-06-16 08:00:00+00:00,66341.8,66956.7,66310.5,66863.9,9095.48
2026-06-16 09:00:00+00:00,66863.9,66884.6,66440.1,66478.4,5305.599
2026-06-16 10:00:00+00:00,66478.5,66755.5,66451.1,66476.1,3834.46
2026-06-16 11:00:00+00:00,66476.1,66619.3,66325.4,66456.0,3380.096
2026-06-16 12:00:00+00:00,66456.0,66787.1,66325.2,66390.5,6611.999
2026-06-16 13:00:00+00:00,66390.5,66435.6,65893.2,66012.7,10953.391
2026-06-16 14:00:00+00:00,66012.8,66239.3,65328.8,65630.2,15588.828
2026-06-16 15:00:00+00:00,65630.2,65981.5,65580.0,65841.8,7659.939
2026-06-16 16:00:00+00:00,65841.8,65932.3,65675.2,65730.8,3289.048
2026-06-16 17:00:00+00:00,65730.9,65991.7,65677.1,65946.2,3368.206
2026-06-16 18:00:00+00:00,65946.2,66246.1,65767.0,65822.4,5488.113
2026-06-16 19:00:00+00:00,65822.5,65822.5,65529.0,65653.2,4965.888
2026-06-16 20:00:00+00:00,65653.2,65832.7,65561.3,65824.0,2517.971
2026-06-16 21:00:00+00:00,65824.0,65908.4,65609.8,65741.2,2613.731
2026-06-16 22:00:00+00:00,65741.3,65855.0,65644.6,65745.2,2574.361
2026-06-16 23:00:00+00:00,65745.2,65805.0,65580.1,65644.8,1766.401
2026-06-17 00:00:00+00:00,65644.8,65821.0,65644.8,65679.4,2124.11
2026-06-17 01:00:00+00:00,65679.4,65925.1,65427.9,65901.1,4784.4
2026-06-17 02:00:00+00:00,65901.1,66092.5,65743.0,65872.7,3487.582
2026-06-17 03:00:00+00:00,65872.6,65872.7,65671.8,65818.6,1896.242
2026-06-17 04:00:00+00:00,65818.6,66019.0,65744.2,65852.5,1896.801
2026-06-17 05:00:00+00:00,65852.5,65948.5,65702.9,65796.1,2152.245
2026-06-17 06:00:00+00:00,65796.1,65869.8,65535.0,65589.4,3412.922
2026-06-17 07:00:00+00:00,65589.4,65680.3,65200.0,65504.0,9271.031
2026-06-17 08:00:00+00:00,65503.9,65549.8,64800.0,64889.8,13620.919
2026-06-17 09:00:00+00:00,64889.9,65045.0,64800.4,64880.1,6116.04
2026-06-17 10:00:00+00:00,64880.0,64964.2,64733.5,64770.4,3937.974
2026-06-17 11:00:00+00:00,64770.4,64834.9,64525.0,64774.5,8169.245
2026-06-17 12:00:00+00:00,64774.6,65080.3,64550.7,65005.3,7979.636
2026-06-17 13:00:00+00:00,65005.2,65333.0,64804.1,65232.9,9997.319
2026-06-17 14:00:00+00:00,65232.6,65434.1,64722.6,65072.4,10063.625
2026-06-17 15:00:00+00:00,65072.4,65834.1,64943.5,65712.7,9718.331
2026-06-17 16:00:00+00:00,65712.7,66419.2,65676.8,65829.7,14049.492
2026-06-17 17:00:00+00:00,65829.6,66160.0,65755.0,66073.1,5298.208
2026-06-17 18:00:00+00:00,66073.1,66085.3,64746.6,65481.3,32342.617
2026-06-17 19:00:00+00:00,65481.2,65632.0,64015.0,64271.3,27562.287
2026-06-17 20:00:00+00:00,64271.4,64460.8,64137.1,64405.9,7023.72
2026-06-17 21:00:00+00:00,64405.9,64427.0,64104.0,64229.4,4138.35
2026-06-17 22:00:00+00:00,64229.4,64415.7,63881.2,64265.3,7515.198
2026-06-17 23:00:00+00:00,64265.3,64495.3,64216.6,64472.9,2928.005
2026-06-18 00:00:00+00:00,64472.9,64676.5,64422.4,64432.8,3367.814
2026-06-18 01:00:00+00:00,64432.8,64780.0,64429.1,64520.9,3711.292
2026-06-18 02:00:00+00:00,64520.9,64750.0,64453.2,64652.3,2543.649
2026-06-18 03:00:00+00:00,64652.3,64652.3,64228.9,64255.0,5092.146
2026-06-18 04:00:00+00:00,64255.0,64323.4,63785.0,63850.1,9767.176
2026-06-18 05:00:00+00:00,63850.1,64000.0,63660.1,63961.8,5961.032
2026-06-18 06:00:00+00:00,63961.9,64097.7,63811.3,64054.9,4272.735
2026-06-18 07:00:00+00:00,64054.9,64491.1,63985.3,64470.3,6502.533
2026-06-18 08:00:00+00:00,64470.4,64631.5,64349.2,64370.0,5742.264
2026-06-18 09:00:00+00:00,64370.0,64450.0,64162.5,64172.6,3905.742
2026-06-18 10:00:00+00:00,64172.7,64198.0,63880.2,64050.0,6808.319
2026-06-18 11:00:00+00:00,64050.1,64175.9,63855.0,63940.1,4133.313
2026-06-18 12:00:00+00:00,63940.1,64377.8,63892.8,64345.9,5211.011
2026-06-18 13:00:00+00:00,64345.8,64423.4,63753.0,63952.3,12076.44
2026-06-18 14:00:00+00:00,63952.4,64181.7,63565.0,63784.1,13161.056
2026-06-18 15:00:00+00:00,63784.2,63796.6,62232.1,62337.8,40637.073
2026-06-18 16:00:00+00:00,62337.8,62789.0,62308.6,62664.2,14208.574
2026-06-18 17:00:00+00:00,62664.2,62730.0,62241.0,62579.1,11740.083
2026-06-18 18:00:00+00:00,62579.2,62932.7,62552.8,62683.5,9150.288
2026-06-18 19:00:00+00:00,62683.5,62985.0,62608.0,62925.4,4674.584
2026-06-18 20:00:00+00:00,62925.3,63266.8,62925.3,63063.1,6155.035
2026-06-18 21:00:00+00:00,63063.1,63098.7,62831.8,62936.0,3244.761
2026-06-18 22:00:00+00:00,62936.0,62962.1,62710.5,62853.0,3104.191
2026-06-18 23:00:00+00:00,62852.9,62959.9,62717.0,62924.1,2527.605
2026-06-19 00:00:00+00:00,62924.0,63066.7,62812.7,62991.7,2446.187
2026-06-19 01:00:00+00:00,62991.7,63073.0,62814.3,62994.5,2562.735
2026-06-19 02:00:00+00:00,62994.5,63088.0,62858.2,62974.2,2107.975
2026-06-19 03:00:00+00:00,62974.2,63004.8,62237.2,62745.1,11677.236
2026-06-19 04:00:00+00:00,62745.1,62888.8,62375.7,62421.7,5551.656
2026-06-19 05:00:00+00:00,62421.8,62715.0,62417.4,62707.0,3774.762
2026-06-19 06:00:00+00:00,62707.1,62888.7,62691.0,62865.1,2658.473
2026-06-19 07:00:00+00:00,62865.0,62896.8,62465.6,62592.4,5319.797
2026-06-19 08:00:00+00:00,62592.4,62758.1,62504.7,62575.7,3585.07
2026-06-19 09:00:00+00:00,62575.7,62623.2,62272.4,62353.0,6117.203
2026-06-19 10:00:00+00:00,62352.9,62570.1,62347.8,62506.2,3659.625
2026-06-19 11:00:00+00:00,62506.3,62664.3,62419.5,62600.0,3035.836
2026-06-19 12:00:00+00:00,62600.0,62844.8,62315.2,62799.4,6739.352
2026-06-19 13:00:00+00:00,62799.4,63410.3,62629.5,63174.2,13878.128
2026-06-19 14:00:00+00:00,63174.1,63398.3,62972.8,63174.8,7794.914
2026-06-19 15:00:00+00:00,63174.8,63266.3,62992.0,63193.0,4428.801
2026-06-19 16:00:00+00:00,63193.1,63376.6,62897.8,62943.7,6372.556
2026-06-19 17:00:00+00:00,62943.7,63213.0,62836.6,63166.7,4859.398
2026-06-19 18:00:00+00:00,63166.6,63175.3,62958.0,63079.3,2166.381
2026-06-19 19:00:00+00:00,63079.2,63117.0,62907.4,63001.9,1719.554
2026-06-19 20:00:00+00:00,63001.8,63245.9,62926.2,63217.4,1587.361
2026-06-19 21:00:00+00:00,63217.3,63253.6,63024.1,63048.0,1954.973
2026-06-19 22:00:00+00:00,63048.0,63345.1,63015.1,63287.8,3005.024
2026-06-19 23:00:00+00:00,63287.8,63645.0,63250.0,63512.6,5223.884
2026-06-20 00:00:00+00:00,63512.5,63757.2,63435.0,63496.8,5620.834
2026-06-20 01:00:00+00:00,63496.8,63594.2,63368.5,63550.9,2644.972
2026-06-20 02:00:00+00:00,63551.0,63551.0,63301.8,63305.7,2722.798
2026-06-20 03:00:00+00:00,63305.8,63487.2,63283.5,63440.5,1781.829
2026-06-20 04:00:00+00:00,63440.5,63590.0,63367.6,63553.9,2036.026
2026-06-20 05:00:00+00:00,63553.9,63894.0,63509.1,63645.5,6526.429
2026-06-20 06:00:00+00:00,63645.4,63730.0,63608.6,63710.0,1912.419
2026-06-20 07:00:00+00:00,63710.1,63774.2,63558.4,63625.0,3533.917
2026-06-20 08:00:00+00:00,63625.0,63630.0,63360.0,63390.8,4745.106
2026-06-20 09:00:00+00:00,63390.8,63760.8,63390.3,63700.8,3687.354
2026-06-20 10:00:00+00:00,63700.8,63747.7,63559.8,63649.7,2170.014
2026-06-20 11:00:00+00:00,63649.6,63770.0,63586.8,63651.3,1580.907
2026-06-20 12:00:00+00:00,63651.4,63756.0,63497.3,63627.8,3118.595
2026-06-20 13:00:00+00:00,63627.7,63627.8,63242.0,63368.0,6104.423
2026-06-20 14:00:00+00:00,63368.0,64150.0,63136.2,63929.5,15156.582
2026-06-20 15:00:00+00:00,63929.4,64370.9,63810.0,64139.5,11736.081
2026-06-20 16:00:00+00:00,64139.4,64150.0,63875.0,63999.9,4431.632
2026-06-20 17:00:00+00:00,63999.9,64015.0,63661.9,63810.7,5116.225
2026-06-20 18:00:00+00:00,63810.8,63899.0,63750.3,63776.4,1651.649
2026-06-20 19:00:00+00:00,63776.3,63940.3,63764.2,63905.5,1802.738
2026-06-20 20:00:00+00:00,63905.5,63945.0,63820.0,63899.4,958.033
2026-06-20 21:00:00+00:00,63899.4,64066.6,63886.6,63983.0,1679.864
2026-06-20 22:00:00+00:00,63983.0,64326.0,63943.6,64245.9,3225.948
2026-06-20 23:00:00+00:00,64245.9,64317.6,64219.7,64270.0,1732.321
2026-06-21 00:00:00+00:00,64270.1,64303.0,64217.6,64264.3,2410.512
2026-06-21 01:00:00+00:00,64264.3,64297.0,64199.0,64221.3,2876.502
2026-06-21 02:00:00+00:00,64221.3,64251.2,64199.0,64219.5,1446.395
2026-06-21 03:00:00+00:00,64219.5,64450.0,64207.0,64398.8,3632.131
2026-06-21 04:00:00+00:00,64398.8,64568.0,64223.3,64252.7,4422.656
2026-06-21 05:00:00+00:00,64252.6,64339.7,64199.0,64226.5,2673.68
2026-06-21 06:00:00+00:00,64226.6,64300.0,64168.7,64270.0,1874.008
2026-06-21 07:00:00+00:00,64269.9,64270.0,64143.2,64170.1,3195.625
2026-06-21 08:00:00+00:00,64170.0,64204.8,63871.3,63987.9,5172.436
2026-06-21 09:00:00+00:00,63987.9,64224.5,63928.4,64189.8,3868.644
2026-06-21 10:00:00+00:00,64189.8,64384.0,64175.5,64338.9,4012.6
2026-06-21 11:00:00+00:00,64339.0,64453.3,64077.3,64149.9,4721.509
2026-06-21 12:00:00+00:00,64149.8,64208.7,63916.0,64161.1,4648.175
2026-06-21 13:00:00+00:00,64161.1,64161.1,63981.2,64123.2,2524.614
2026-06-21 14:00:00+00:00,64123.2,64128.3,63969.7,64120.0,1789.791
2026-06-21 15:00:00+00:00,64120.0,64337.3,64081.5,64200.3,2931.074
2026-06-21 16:00:00+00:00,64200.2,64231.6,64013.0,64122.3,2597.496
2026-06-21 17:00:00+00:00,64122.2,64197.1,64046.4,64114.6,1339.794
2026-06-21 18:00:00+00:00,64114.6,64221.0,63907.4,64180.0,2519.631
2026-06-21 19:00:00+00:00,64180.1,64284.9,64135.1,64173.6,1206.193
2026-06-21 20:00:00+00:00,64173.7,64243.4,63641.3,63824.8,4784.615
2026-06-21 21:00:00+00:00,63824.8,63950.0,63475.3,63778.2,7220.217
2026-06-21 22:00:00+00:00,63778.1,63840.0,63543.0,63775.3,5017.033
2026-06-21 23:00:00+00:00,63775.3,63775.3,63220.0,63287.1,8096.745
2026-06-22 00:00:00+00:00,63287.2,64076.0,63286.2,63867.2,8324.368
2026-06-22 01:00:00+00:00,63867.3,64788.0,63818.0,64574.5,16112.153
2026-06-22 02:00:00+00:00,64574.5,64643.7,64213.8,64226.5,4686.405
2026-06-22 03:00:00+00:00,64226.5,64434.6,63857.1,63935.1,8838.637
2026-06-22 04:00:00+00:00,63935.1,64085.4,63833.4,64063.6,3987.486
2026-06-22 05:00:00+00:00,64063.5,64311.8,64050.6,64219.5,3574.11
2026-06-22 06:00:00+00:00,64219.5,64299.0,63912.8,63960.7,2873.557
2026-06-22 07:00:00+00:00,63960.6,64384.3,63931.0,64187.9,4308.349
2026-06-22 08:00:00+00:00,64188.0,64332.4,64014.9,64133.8,3083.064
2026-06-22 09:00:00+00:00,64133.9,64232.5,64019.0,64114.8,1760.141
2026-06-22 10:00:00+00:00,64114.7,64250.0,64044.1,64109.8,1568.598
2026-06-22 11:00:00+00:00,64109.9,64750.0,64064.5,64624.3,9530.798
2026-06-22 12:00:00+00:00,64624.2,65199.0,64545.7,65120.1,14700.714
2026-06-22 13:00:00+00:00,65120.0,65565.7,64915.6,65548.0,15228.832
2026-06-22 14:00:00+00:00,65547.9,65597.2,64802.3,64943.0,14941.027
2026-06-22 15:00:00+00:00,64943.1,65117.2,64722.2,64808.0,6535.352
2026-06-22 16:00:00+00:00,64808.0,64835.6,64481.0,64695.7,8721.001
2026-06-22 17:00:00+00:00,64695.8,64746.4,64355.0,64580.6,5298.329
2026-06-22 18:00:00+00:00,64580.6,64708.0,64249.6,64312.9,5474.731
2026-06-22 19:00:00+00:00,64312.9,64475.8,64240.0,64447.9,4662.824
2026-06-22 20:00:00+00:00,64450.6,64637.1,64326.0,64409.8,3634.307
2026-06-22 21:00:00+00:00,64409.8,64461.0,64112.1,64291.0,3088.035
2026-06-22 22:00:00+00:00,64291.0,64370.8,63758.3,63948.4,7545.433
2026-06-22 23:00:00+00:00,63948.5,64030.7,63843.8,63990.2,3364.757
2026-06-23 00:00:00+00:00,63990.1,64130.0,63803.2,64119.4,3891.308
2026-06-23 01:00:00+00:00,64119.4,64242.8,63852.5,64125.2,5358.072
2026-06-23 02:00:00+00:00,64125.1,64247.2,64005.5,64165.9,2594.761
2026-06-23 03:00:00+00:00,64165.8,64172.2,63933.3,64037.3,3099.414
2026-06-23 04:00:00+00:00,64037.2,64068.0,63569.2,63594.9,5712.933
2026-06-23 05:00:00+00:00,63594.8,63707.5,63322.0,63372.1,8699.821
2026-06-23 06:00:00+00:00,63372.0,63374.4,62532.4,62905.5,25443.262
2026-06-23 07:00:00+00:00,62905.5,63070.1,62828.0,62849.2,5860.475
2026-06-23 08:00:00+00:00,62849.3,62916.5,61870.0,62353.7,25191.723
2026-06-23 09:00:00+00:00,62353.6,62482.0,62309.0,62350.2,4877.636
2026-06-23 10:00:00+00:00,62350.3,62563.9,62207.1,62290.4,5432.761
2026-06-23 11:00:00+00:00,62290.4,62600.0,62289.2,62478.5,5964.423
2026-06-23 12:00:00+00:00,62478.4,62531.6,62157.0,62227.9,5881.479
2026-06-23 13:00:00+00:00,62228.0,62513.4,61916.9,62446.6,15070.538
2026-06-23 14:00:00+00:00,62446.5,62837.1,62359.2,62462.8,14169.381
2026-06-23 15:00:00+00:00,62462.8,62480.3,62161.2,62455.8,7509.637
2026-06-23 16:00:00+00:00,62455.9,62812.2,62393.4,62522.9,8663.062
2026-06-23 17:00:00+00:00,62522.9,62668.7,62301.7,62330.0,3484.745
2026-06-23 18:00:00+00:00,62330.0,62420.0,62075.6,62215.3,4189.498
2026-06-23 19:00:00+00:00,62215.3,62467.2,62201.3,62365.7,2790.577
2026-06-23 20:00:00+00:00,62365.7,62518.5,62344.2,62439.8,2217.701
2026-06-23 21:00:00+00:00,62439.9,62629.9,62434.9,62563.1,2110.412
2026-06-23 22:00:00+00:00,62563.1,62749.9,62488.1,62560.1,2806.833
2026-06-23 23:00:00+00:00,62560.1,62770.6,62463.7,62696.7,1898.787
2026-06-24 00:00:00+00:00,62696.7,62999.9,62696.7,62982.1,4509.603
2026-06-24 01:00:00+00:00,62982.1,63090.9,62737.0,62904.6,3777.468
2026-06-24 02:00:00+00:00,62904.6,62994.6,62572.1,62598.0,4358.54
2026-06-24 03:00:00+00:00,62598.0,62804.0,62402.8,62704.6,5111.386
2026-06-24 04:00:00+00:00,62704.6,62779.9,62500.0,62720.6,2797.018
2026-06-24 05:00:00+00:00,62720.7,63053.5,62678.0,62859.9,3935.298
2026-06-24 06:00:00+00:00,62859.8,62888.0,62700.0,62754.6,1940.615
2026-06-24 07:00:00+00:00,62754.7,62822.0,62570.8,62630.3,3406.243
2026-06-24 08:00:00+00:00,62630.4,62786.2,62574.0,62773.0,2748.793
2026-06-24 09:00:00+00:00,62773.0,62773.0,62608.6,62650.2,1488.171
2026-06-24 10:00:00+00:00,62650.2,62657.8,62365.4,62416.8,4330.738
2026-06-24 11:00:00+00:00,62416.9,63209.6,62272.1,62887.7,11430.749
2026-06-24 12:00:00+00:00,62887.8,62939.3,62543.4,62589.5,5404.984
2026-06-24 13:00:00+00:00,62589.5,62604.0,61220.7,61308.2,35472.77
2026-06-24 14:00:00+00:00,61308.2,61434.5,60866.0,61085.3,24983.872
2026-06-24 15:00:00+00:00,61085.3,61128.9,60238.0,60254.9,24553.002
2026-06-24 16:00:00+00:00,60254.9,60649.1,59260.0,59808.2,37783.564
2026-06-24 17:00:00+00:00,59808.3,60025.2,59060.0,59363.7,33548.446
2026-06-24 18:00:00+00:00,59363.6,59895.3,59269.4,59569.5,16224.69
2026-06-24 19:00:00+00:00,59569.5,59973.3,59484.7,59923.8,7889.569
2026-06-24 20:00:00+00:00,59923.7,61188.0,59813.9,60926.5,26953.645
2026-06-24 21:00:00+00:00,60926.5,61115.2,60633.1,61073.6,6808.637
2026-06-24 22:00:00+00:00,61073.6,61256.0,60752.8,60850.2,5756.512
2026-06-24 23:00:00+00:00,60850.3,61086.3,60799.9,61051.2,2882.991
2026-06-25 00:00:00+00:00,61051.2,61138.9,60666.0,60786.9,5410.751
2026-06-25 01:00:00+00:00,60786.9,60960.5,60686.8,60892.9,3603.816
2026-06-25 02:00:00+00:00,60892.9,60939.0,60660.0,60763.2,4314.462
2026-06-25 03:00:00+00:00,60763.3,60877.7,60648.0,60853.9,3048.144
2026-06-25 04:00:00+00:00,60854.0,61389.0,60756.4,61323.2,6224.548
2026-06-25 05:00:00+00:00,61323.3,61800.0,61241.9,61567.1,13551.642
2026-06-25 06:00:00+00:00,61567.1,61829.1,61567.1,61693.5,4754.255
2026-06-25 07:00:00+00:00,61693.5,61931.1,61632.2,61886.7,6467.034
2026-06-25 08:00:00+00:00,61886.8,61897.6,61653.0,61686.4,5343.995
2026-06-25 09:00:00+00:00,61686.5,61764.9,61578.4,61707.8,3667.26
2026-06-25 10:00:00+00:00,61707.9,61727.9,61228.4,61245.3,7304.194
2026-06-25 11:00:00+00:00,61245.4,61395.3,61033.5,61258.2,11773.247
2026-06-25 12:00:00+00:00,61258.2,61742.9,61048.5,61216.4,12542.989
2026-06-25 13:00:00+00:00,61216.4,61346.4,58030.0,58248.4,65568.385
2026-06-25 14:00:00+00:00,58248.4,60466.9,58248.4,59448.7,68127.991
2026-06-25 15:00:00+00:00,59448.7,59630.2,58835.2,59536.2,20883.361
2026-06-25 16:00:00+00:00,59536.2,60035.7,59130.0,59284.0,13732.675
2026-06-25 17:00:00+00:00,59284.1,59720.0,59114.4,59656.3,7827.95
2026-06-25 18:00:00+00:00,59656.3,59775.0,59333.0,59491.0,7260.279
2026-06-25 19:00:00+00:00,59491.2,59496.6,59152.7,59299.8,7110.978
2026-06-25 20:00:00+00:00,59299.9,59723.5,59298.7,59428.8,6367.176
2026-06-25 21:00:00+00:00,59428.9,60245.0,59422.7,60180.7,6267.02
2026-06-25 22:00:00+00:00,60180.7,60180.8,59705.4,59815.1,6099.121
2026-06-25 23:00:00+00:00,59815.1,60164.3,59709.1,59771.9,4578.901
2026-06-26 00:00:00+00:00,59772.0,59882.2,59608.1,59638.2,3871.116
2026-06-26 01:00:00+00:00,59638.2,59761.3,59200.0,59413.0,6344.268
2026-06-26 02:00:00+00:00,59413.1,59432.3,58325.6,58536.0,24980.279
2026-06-26 03:00:00+00:00,58536.0,60125.7,58288.0,60015.0,26425.366
2026-06-26 04:00:00+00:00,60015.0,60234.8,59802.3,59899.9,8739.818
2026-06-26 05:00:00+00:00,59899.9,60039.1,59703.1,59921.8,5871.329
2026-06-26 06:00:00+00:00,59921.9,60440.0,59666.2,60298.9,10771.225
2026-06-26 07:00:00+00:00,60298.9,60734.0,60252.6,60491.0,14629.556
2026-06-26 08:00:00+00:00,60491.0,60542.6,60112.0,60215.3,7945.368
2026-06-26 09:00:00+00:00,60215.3,60229.8,59544.7,59709.3,10679.166
2026-06-26 10:00:00+00:00,59709.3,59834.2,59210.4,59290.0,10744.708
2026-06-26 11:00:00+00:00,59290.0,59569.0,59233.1,59392.4,6798.892
2026-06-26 12:00:00+00:00,59392.4,59998.4,58940.0,59167.6,23971.564
2026-06-26 13:00:00+00:00,59167.6,60189.5,58388.0,60153.3,35902.97
2026-06-26 14:00:00+00:00,60153.5,60274.2,59358.8,59568.9,21091.08
2026-06-26 15:00:00+00:00,59568.9,60494.1,59560.0,60296.6,16399.595
2026-06-26 16:00:00+00:00,60296.9,60580.0,59933.1,60017.8,13029.495
2026-06-26 17:00:00+00:00,60017.8,60276.5,59921.4,60000.0,6949.554
2026-06-26 18:00:00+00:00,60000.0,60140.7,59530.7,59648.9,5774.528
2026-06-26 19:00:00+00:00,59648.9,60077.8,59586.3,59719.7,7106.059
2026-06-26 20:00:00+00:00,59719.9,59970.0,59556.0,59694.7,4861.161
2026-06-26 21:00:00+00:00,59694.7,60028.0,59649.2,59887.6,2664.982
2026-06-26 22:00:00+00:00,59887.6,60051.0,59717.1,60007.5,3088.676
2026-06-26 23:00:00+00:00,60007.6,60090.8,59871.9,60072.0,3454.396
2026-06-27 00:00:00+00:00,60071.9,60167.3,59846.2,60033.4,3606.601
2026-06-27 01:00:00+00:00,60033.4,60046.9,59904.8,59919.1,1013.631
2026-06-27 02:00:00+00:00,59919.0,60349.0,59888.7,60256.6,4979.232
2026-06-27 03:00:00+00:00,60256.6,60387.8,60134.5,60274.7,3264.048
2026-06-27 04:00:00+00:00,60274.8,60472.2,60189.4,60215.9,3433.958
2026-06-27 05:00:00+00:00,60215.9,60286.0,60101.9,60208.3,1945.532
2026-06-27 06:00:00+00:00,60208.4,60492.2,60074.5,60345.3,4271.161
2026-06-27 07:00:00+00:00,60345.2,60557.8,60266.0,60522.3,3356.548
2026-06-27 08:00:00+00:00,60522.4,60522.5,60336.2,60425.1,2454.04
2026-06-27 09:00:00+00:00,60425.2,60482.9,60261.0,60391.2,2310.771
2026-06-27 10:00:00+00:00,60391.3,60466.5,60350.0,60390.3,1032.741
2026-06-27 11:00:00+00:00,60390.3,60425.4,60162.0,60331.9,3122.375
2026-06-27 12:00:00+00:00,60331.9,60407.1,60222.6,60394.0,1807.192
2026-06-27 13:00:00+00:00,60394.0,60643.1,60356.1,60554.6,4154.884
2026-06-27 14:00:00+00:00,60554.6,60697.6,60480.0,60588.9,3321.5
2026-06-27 15:00:00+00:00,60589.0,60924.7,60541.1,60817.2,7814.952
2026-06-27 16:00:00+00:00,60817.3,60850.0,60648.2,60785.0,2778.326
2026-06-27 17:00:00+00:00,60784.9,60796.6,60383.0,60495.6,6435.887
2026-06-27 18:00:00+00:00,60495.6,60547.3,60420.2,60537.8,1662.956
2026-06-27 19:00:00+00:00,60537.9,60576.9,60050.0,60149.9,5900.77
2026-06-27 20:00:00+00:00,60149.9,60283.4,60141.7,60272.8,1563.196
2026-06-27 21:00:00+00:00,60272.8,60469.8,60108.9,60173.4,2727.898
2026-06-27 22:00:00+00:00,60173.4,60230.0,59819.8,60204.3,4692.97
2026-06-27 23:00:00+00:00,60204.3,60303.2,59913.9,60000.3,3651.424
2026-06-28 00:00:00+00:00,60000.4,60168.7,59983.3,60125.1,1900.278
2026-06-28 01:00:00+00:00,60125.1,60256.8,59950.0,60193.0,2439.438
2026-06-28 02:00:00+00:00,60193.1,60314.3,60017.2,60121.2,2057.691
2026-06-28 03:00:00+00:00,60121.2,60250.4,60121.2,60169.5,1454.945
2026-06-28 04:00:00+00:00,60169.5,60205.4,60060.0,60108.1,1216.104
2026-06-28 05:00:00+00:00,60108.0,60112.3,59714.8,59956.6,5438.2
2026-06-28 06:00:00+00:00,59956.6,60020.0,59772.9,59970.0,2915.154
2026-06-28 07:00:00+00:00,59970.0,60247.1,59965.8,60192.5,3433.223
2026-06-28 08:00:00+00:00,60192.4,60543.3,60109.5,60340.1,4910.201
2026-06-28 09:00:00+00:00,60340.1,60444.0,60223.1,60230.0,2760.374
2026-06-28 10:00:00+00:00,60230.0,60271.8,60037.0,60138.5,2477.136
2026-06-28 11:00:00+00:00,60138.4,60351.3,60091.4,60314.9,2495.801
2026-06-28 12:00:00+00:00,60315.0,60435.8,60161.2,60270.0,2227.61
2026-06-28 13:00:00+00:00,60269.9,60269.9,59934.3,60044.5,4290.318
2026-06-28 14:00:00+00:00,60044.6,60228.5,59983.0,59995.3,2937.391
2026-06-28 15:00:00+00:00,59995.3,60103.2,59781.8,59849.9,5771.027
2026-06-28 16:00:00+00:00,59850.0,59915.7,59550.0,59655.9,7424.561
2026-06-28 17:00:00+00:00,59655.9,59821.9,59366.6,59557.3,8401.918
2026-06-28 18:00:00+00:00,59557.3,59678.8,59466.9,59580.7,3170.957
2026-06-28 19:00:00+00:00,59580.7,59658.2,59224.6,59451.4,5640.911
2026-06-28 20:00:00+00:00,59451.3,59747.7,59443.8,59634.0,4223.368
2026-06-28 21:00:00+00:00,59634.1,59773.8,59300.0,59418.1,4650.66
2026-06-28 22:00:00+00:00,59418.1,59883.2,58888.0,59040.1,13650.068
2026-06-28 23:00:00+00:00,59040.0,59820.4,58975.0,59550.2,7711.363
2026-06-29 00:00:00+00:00,59550.2,59678.1,58978.2,59637.3,9238.488
2026-06-29 01:00:00+00:00,59637.3,59674.3,59170.5,59413.0,5035.286
2026-06-29 02:00:00+00:00,59413.0,59788.0,58850.0,59731.7,13997.776
2026-06-29 03:00:00+00:00,59731.8,60219.4,59731.8,60019.8,9982.299
2026-06-29 04:00:00+00:00,60019.9,60031.5,59717.0,59806.2,2746.071
2026-06-29 05:00:00+00:00,59806.2,60088.0,59360.3,60082.7,6969.253
2026-06-29 06:00:00+00:00,60082.7,60325.0,60022.2,60051.0,7371.999
2026-06-29 07:00:00+00:00,60051.1,60162.5,59900.7,59998.9,3635.785
2026-06-29 08:00:00+00:00,59998.9,60070.1,59712.8,59806.9,4899.419
2026-06-29 09:00:00+00:00,59806.9,60089.1,59750.1,60031.3,5094.505
2026-06-29 10:00:00+00:00,60031.3,60287.1,60031.3,60062.4,5511.908
2026-06-29 11:00:00+00:00,60062.3,60193.2,59770.4,59927.2,6062.808
2026-06-29 12:00:00+00:00,59927.2,60758.3,59552.6,59923.5,34963.613
2026-06-29 13:00:00+00:00,59923.5,60313.0,59302.8,59559.3,21676.377
2026-06-29 14:00:00+00:00,59559.4,59689.6,58988.0,59444.0,22336.282
2026-06-29 15:00:00+00:00,59444.1,59939.2,59067.6,59800.2,18439.212
2026-06-29 16:00:00+00:00,59800.3,59999.0,59562.6,59870.9,6543.241
2026-06-29 17:00:00+00:00,59870.9,60666.6,59870.9,60396.0,17431.193
2026-06-29 18:00:00+00:00,60396.0,60500.1,60150.2,60275.4,6924.679
2026-06-29 19:00:00+00:00,60275.4,60540.0,60127.4,60409.3,6026.141
2026-06-29 20:00:00+00:00,60409.3,60535.0,60265.1,60271.2,4954.154
2026-06-29 21:00:00+00:00,60271.2,60565.6,60232.1,60454.9,2822.026
2026-06-29 22:00:00+00:00,60454.9,60493.2,60314.0,60326.5,2066.396
2026-06-29 23:00:00+00:00,60326.4,60353.9,60134.0,60224.7,3047.364
2026-06-30 00:00:00+00:00,60224.7,60250.0,59667.5,59806.1,9133.247
2026-06-30 01:00:00+00:00,59806.1,60024.9,59740.0,59919.6,4682.306
2026-06-30 02:00:00+00:00,59919.6,60021.4,59719.6,59920.4,3470.21
2026-06-30 03:00:00+00:00,59920.4,60007.9,59570.0,59596.1,5570.503
2026-06-30 04:00:00+00:00,59596.1,59672.1,59400.0,59458.3,8066.536
2026-06-30 05:00:00+00:00,59458.3,59633.5,59329.2,59627.7,7258.542
2026-06-30 06:00:00+00:00,59627.8,59698.9,59488.6,59571.7,3736.821
2026-06-30 07:00:00+00:00,59571.6,59611.7,59423.3,59497.7,3824.498
2026-06-30 08:00:00+00:00,59497.7,59532.7,59159.0,59285.8,8863.332
2026-06-30 09:00:00+00:00,59285.8,59397.0,59225.0,59348.7,4167.963
2026-06-30 10:00:00+00:00,59348.7,59403.0,59264.5,59303.6,2380.9
2026-06-30 11:00:00+00:00,59303.7,59399.3,59100.0,59162.3,6214.318
2026-06-30 12:00:00+00:00,59162.2,59162.3,58351.0,58374.8,25243.04
2026-06-30 13:00:00+00:00,58374.8,58791.7,58200.0,58711.9,26034.559
2026-06-30 14:00:00+00:00,58711.8,59264.4,58400.1,58458.6,23045.692
2026-06-30 15:00:00+00:00,58458.7,58785.6,58160.0,58356.2,18133.224
2026-06-30 16:00:00+00:00,58356.2,58617.4,58223.3,58479.3,7812.9
2026-06-30 17:00:00+00:00,58479.2,58604.8,58290.0,58396.7,4252.186
2026-06-30 18:00:00+00:00,58396.8,58675.0,58334.0,58659.8,4692.25
2026-06-30 19:00:00+00:00,58659.9,58819.9,58560.0,58794.4,4770.762
2026-06-30 20:00:00+00:00,58794.0,58850.0,58621.3,58708.0,3590.107
2026-06-30 21:00:00+00:00,58708.0,58744.3,58472.3,58612.1,3145.534
2026-06-30 22:00:00+00:00,58612.3,58780.0,58477.1,58575.8,2005.278
2026-06-30 23:00:00+00:00,58575.7,58636.7,58518.8,58605.4,1551.593
2026-07-01 00:00:00+00:00,58605.4,58720.0,58270.0,58548.7,5536.729
2026-07-01 01:00:00+00:00,58548.7,58991.6,57758.6,58741.7,28902.834
2026-07-01 02:00:00+00:00,58741.8,59152.0,58632.4,59063.3,12017.6
2026-07-01 03:00:00+00:00,59063.3,59298.4,58823.9,59169.6,9833.129
2026-07-01 04:00:00+00:00,59169.7,59444.5,59030.9,59311.2,5966.189
2026-07-01 05:00:00+00:00,59311.1,59350.0,59085.0,59122.4,4463.091
2026-07-01 06:00:00+00:00,59122.3,59130.0,58500.1,58726.8,13792.727
2026-07-01 07:00:00+00:00,58726.7,58797.6,58567.2,58744.4,4204.786
2026-07-01 08:00:00+00:00,58744.4,58965.0,58450.7,58950.8,6346.255
2026-07-01 09:00:00+00:00,58950.8,59069.7,58792.8,58921.4,5253.469
2026-07-01 10:00:00+00:00,58921.4,58923.3,58590.9,58631.6,3734.411
2026-07-01 11:00:00+00:00,58631.6,58733.5,58524.2,58592.9,3608.449
2026-07-01 12:00:00+00:00,58592.8,58655.6,58294.1,58495.6,8651.069
2026-07-01 13:00:00+00:00,58495.6,59486.7,58495.5,59463.1,22483.032
2026-07-01 14:00:00+00:00,59463.0,60067.9,59239.9,59523.8,29537.612
2026-07-01 15:00:00+00:00,59523.7,60520.0,59496.9,60118.5,22422.372
2026-07-01 16:00:00+00:00,60118.6,60244.0,59836.1,59902.8,7712.896
2026-07-01 17:00:00+00:00,59902.9,60218.2,59762.6,60166.5,6967.927
2026-07-01 18:00:00+00:00,60166.5,60278.9,59992.7,60141.5,4929.144
2026-07-01 19:00:00+00:00,60141.5,60332.8,59952.3,60000.0,5201.063
2026-07-01 20:00:00+00:00,60000.0,60170.3,59844.5,60100.3,4206.586
2026-07-01 21:00:00+00:00,60100.3,60827.8,60092.7,60799.9,16099.76
2026-07-01 22:00:00+00:00,60799.9,61322.0,60319.3,60446.3,23792.275
2026-07-01 23:00:00+00:00,60446.3,60446.3,59949.2,59999.6,8275.076
2026-07-02 00:00:00+00:00,59999.6,60005.7,59555.0,59719.7,11009.328
2026-07-02 01:00:00+00:00,59719.7,60298.0,59688.9,60150.0,8878.647
2026-07-02 02:00:00+00:00,60150.0,60467.2,59978.3,60392.5,5419.48
2026-07-02 03:00:00+00:00,60392.4,61102.5,60259.1,61032.9,12526.353
2026-07-02 04:00:00+00:00,61032.9,61033.0,60703.1,60757.7,7263.034
2026-07-02 05:00:00+00:00,60757.7,60852.9,60450.0,60479.9,9042.359
2026-07-02 06:00:00+00:00,60480.0,60623.5,60232.6,60247.6,8467.548
2026-07-02 07:00:00+00:00,60247.6,60288.0,60080.9,60125.8,9344.837
2026-07-02 08:00:00+00:00,60125.8,60542.2,60113.5,60486.8,6198.207
2026-07-02 09:00:00+00:00,60486.7,61447.0,60342.5,61159.6,25607.036
2026-07-02 10:00:00+00:00,61159.6,61330.0,61019.8,61238.5,9252.747
2026-07-02 11:00:00+00:00,61238.4,61367.3,61100.0,61329.1,12681.094
2026-07-02 12:00:00+00:00,61329.1,61591.1,61109.9,61507.4,18071.778
2026-07-02 13:00:00+00:00,61507.3,62077.3,61472.0,61913.5,25674.18
2026-07-02 14:00:00+00:00,61913.6,62180.0,61368.8,61669.8,18344.228
2026-07-02 15:00:00+00:00,61669.7,61844.4,61400.0,61584.0,7696.828
2026-07-02 16:00:00+00:00,61584.0,61754.9,61113.8,61646.8,13879.115
2026-07-02 17:00:00+00:00,61646.8,61900.0,61592.8,61643.0,6139.152
2026-07-02 18:00:00+00:00,61643.0,61847.2,61633.7,61733.5,3075.802
2026-07-02 19:00:00+00:00,61733.5,61739.7,61388.1,61452.5,5108.61
2026-07-02 20:00:00+00:00,61452.4,61576.8,61308.3,61555.4,4121.371
2026-07-02 21:00:00+00:00,61555.3,61634.3,61500.0,61570.6,1957.081
2026-07-02 22:00:00+00:00,61570.5,61570.6,61388.0,61445.0,3574.01
2026-07-02 23:00:00+00:00,61444.9,61588.2,61333.0,61540.6,2617.247
2026-07-03 00:00:00+00:00,61540.5,61558.8,61229.0,61283.9,3597.556
2026-07-03 01:00:00+00:00,61283.9,61727.2,61261.0,61566.5,4451.238
2026-07-03 02:00:00+00:00,61566.6,61647.0,61271.0,61411.8,3999.381
2026-07-03 03:00:00+00:00,61411.9,61558.0,61300.0,61407.6,3005.736
2026-07-03 04:00:00+00:00,61407.5,61504.6,61300.4,61420.5,2696.433
2026-07-03 05:00:00+00:00,61420.5,61788.0,61403.1,61674.8,4765.665
2026-07-03 06:00:00+00:00,61674.7,61825.1,61584.0,61680.5,3450.463
2026-07-03 07:00:00+00:00,61680.6,61849.7,61634.1,61733.6,3348.266
2026-07-03 08:00:00+00:00,61733.7,61875.3,61525.9,61553.5,4222.917
2026-07-03 09:00:00+00:00,61553.6,61760.7,61480.7,61686.8,3311.924
2026-07-03 10:00:00+00:00,61686.9,62017.7,61640.2,61886.6,5642.212
2026-07-03 11:00:00+00:00,61886.5,62078.6,61808.1,61992.8,5889.006
2026-07-03 12:00:00+00:00,61992.8,62149.3,61841.0,61952.5,8242.179
2026-07-03 13:00:00+00:00,61952.6,62271.9,61910.5,62083.8,5936.24
2026-07-03 14:00:00+00:00,62083.9,62257.0,61653.0,62142.9,8788.007
2026-07-03 15:00:00+00:00,62142.9,62386.7,61778.1,61895.2,13581.616
2026-07-03 16:00:00+00:00,61895.2,62103.5,61877.6,62081.9,4059.255
2026-07-03 17:00:00+00:00,62081.9,62266.8,62036.0,62171.5,4094.585
2026-07-03 18:00:00+00:00,62171.5,62223.7,62087.4,62180.2,2583.154
2026-07-03 19:00:00+00:00,62180.3,62292.4,62120.1,62178.4,3755.875
2026-07-03 20:00:00+00:00,62178.4,62898.0,62151.2,62759.3,21132.14
2026-07-03 21:00:00+00:00,62759.3,62957.2,62488.8,62706.8,7035.75
2026-07-03 22:00:00+00:00,62706.9,62726.0,62513.0,62549.3,2682.334
2026-07-03 23:00:00+00:00,62549.3,62688.0,62507.1,62565.5,2226.562
2026-07-04 00:00:00+00:00,62565.5,62925.7,62560.5,62735.1,5338.885
2026-07-04 01:00:00+00:00,62735.0,62735.1,62381.6,62450.0,5177.732
2026-07-04 02:00:00+00:00,62450.0,62556.5,62404.0,62514.0,1900.751
2026-07-04 03:00:00+00:00,62514.1,62734.7,62460.0,62609.6,2757.48
2026-07-04 04:00:00+00:00,62609.6,62735.2,62568.8,62661.5,1944.821
2026-07-04 05:00:00+00:00,62661.6,62661.6,62395.7,62445.6,2620.858
2026-07-04 06:00:00+00:00,62445.7,62538.6,62302.6,62473.2,2993.905
2026-07-04 07:00:00+00:00,62473.1,62612.6,62441.8,62549.0,2131.436
2026-07-04 08:00:00+00:00,62549.1,62654.1,62485.1,62528.0,2712.962
2026-07-04 09:00:00+00:00,62527.9,62559.3,62386.1,62466.0,1929.56
2026-07-04 10:00:00+00:00,62466.0,62518.8,62418.3,62483.9,1203.457
2026-07-04 11:00:00+00:00,62483.8,62545.4,62430.1,62458.7,1559.204
2026-07-04 12:00:00+00:00,62458.6,62671.5,62458.6,62634.1,1790.061
2026-07-04 13:00:00+00:00,62634.0,62755.5,62509.4,62563.0,2399.918
2026-07-04 14:00:00+00:00,62562.9,62719.3,62562.4,62671.9,1875.0
2026-07-04 15:00:00+00:00,62671.8,63069.6,62666.7,62908.8,9460.185
2026-07-04 16:00:00+00:00,62908.7,62943.0,62752.9,62895.2,2956.899
2026-07-04 17:00:00+00:00,62895.2,63420.0,62769.8,63245.6,10022.122
2026-07-04 18:00:00+00:00,63245.5,63324.8,63070.0,63137.5,3957.615
2026-07-04 19:00:00+00:00,63137.5,63450.0,63090.0,63268.1,4202.383
2026-07-04 20:00:00+00:00,63268.0,63367.0,63128.4,63208.9,2485.99
2026-07-04 21:00:00+00:00,63208.8,63430.0,63172.8,63274.7,2460.986
2026-07-04 22:00:00+00:00,63274.6,63286.4,63129.4,63167.7,1955.701
2026-07-04 23:00:00+00:00,63167.7,63215.8,62902.7,63114.8,3811.613
2026-07-05 00:00:00+00:00,63114.9,63114.9,62824.4,62962.5,3551.601
2026-07-05 01:00:00+00:00,62962.6,63022.6,62762.3,62859.8,4010.604
2026-07-05 02:00:00+00:00,62859.8,62902.6,62549.6,62673.8,4562.372
2026-07-05 03:00:00+00:00,62673.7,62766.0,62626.5,62739.1,2361.782
2026-07-05 04:00:00+00:00,62739.1,62928.0,62680.0,62787.3,2921.002
2026-07-05 05:00:00+00:00,62787.0,62788.4,62628.0,62716.4,2140.339
2026-07-05 06:00:00+00:00,62716.4,62800.0,62644.3,62749.9,1389.733
2026-07-05 07:00:00+00:00,62749.8,63039.3,62690.5,62995.1,3714.195
2026-07-05 08:00:00+00:00,62995.1,63084.0,62868.0,62893.3,2742.219
2026-07-05 09:00:00+00:00,62893.4,62908.7,62410.1,62600.3,6542.351
2026-07-05 10:00:00+00:00,62600.2,62737.9,62507.2,62737.6,2252.572
2026-07-05 11:00:00+00:00,62737.6,62799.9,62582.3,62630.0,1774.562
2026-07-05 12:00:00+00:00,62630.0,62752.0,62534.3,62718.2,2260.963
2026-07-05 13:00:00+00:00,62718.3,62797.9,62617.5,62769.9,2043.696
2026-07-05 14:00:00+00:00,62769.9,62793.6,62621.5,62785.3,1709.374
2026-07-05 15:00:00+00:00,62785.2,62923.7,62646.9,62711.9,4065.907
2026-07-05 16:00:00+00:00,62711.9,62745.6,62570.0,62612.0,3034.915
2026-07-05 17:00:00+00:00,62612.0,62800.0,62564.4,62601.3,2087.571
2026-07-05 18:00:00+00:00,62601.4,62865.0,62587.8,62787.6,1904.702
2026-07-05 19:00:00+00:00,62787.6,62848.5,62691.2,62744.0,1276.56
2026-07-05 20:00:00+00:00,62744.1,62815.1,62667.5,62704.7,862.24
2026-07-05 21:00:00+00:00,62704.8,63224.7,62580.0,63070.4,6287.574
2026-07-05 22:00:00+00:00,63070.4,63979.3,62976.3,63717.1,20592.411
2026-07-05 23:00:00+00:00,63717.1,63990.7,63542.8,63617.1,8537.899
2026-07-06 00:00:00+00:00,63617.2,63760.0,63308.3,63728.4,7726.289
2026-07-06 01:00:00+00:00,63728.3,63900.0,63520.0,63544.2,4911.735
2026-07-06 02:00:00+00:00,63544.1,63644.1,63340.4,63425.1,5031.491
2026-07-06 03:00:00+00:00,63425.1,63478.4,63101.2,63273.0,6110.788
2026-07-06 04:00:00+00:00,63272.9,63368.3,63154.6,63242.9,2765.979
2026-07-06 05:00:00+00:00,63242.8,63242.8,62912.6,63086.0,6116.52
2026-07-06 06:00:00+00:00,63086.0,63125.6,62940.0,62962.6,3366.096
2026-07-06 07:00:00+00:00,62962.6,63102.7,62858.4,63064.5,4208.151
2026-07-06 08:00:00+00:00,63064.5,63226.4,62807.1,62876.1,5227.929
2026-07-06 09:00:00+00:00,62876.0,62893.9,62610.0,62646.6,5981.406
2026-07-06 10:00:00+00:00,62646.5,63019.3,62641.5,62797.6,5488.25
2026-07-06 11:00:00+00:00,62797.7,62979.4,62461.4,62461.4,10912.522
2026-07-06 12:00:00+00:00,62461.2,62467.2,61652.0,61733.6,34860.28
2026-07-06 13:00:00+00:00,61733.6,62023.8,61297.0,61751.7,25787.251
2026-07-06 14:00:00+00:00,61751.7,62397.3,61679.4,62019.7,16281.511
2026-07-06 15:00:00+00:00,62019.7,63531.1,62019.7,63523.1,28807.014
2026-07-06 16:00:00+00:00,63523.0,63850.0,63356.8,63710.4,21207.184
2026-07-06 17:00:00+00:00,63710.4,63977.9,63539.9,63565.2,11369.867
2026-07-06 18:00:00+00:00,63565.2,63867.5,63532.8,63675.7,4653.007
2026-07-06 19:00:00+00:00,63675.8,63874.4,63628.0,63709.8,3459.098
2026-07-06 20:00:00+00:00,63709.9,63868.0,63560.0,63798.0,3993.392
2026-07-06 21:00:00+00:00,63798.1,64691.9,63781.7,64475.9,17905.498
2026-07-06 22:00:00+00:00,64475.9,64488.8,64129.4,64227.2,3777.611
2026-07-06 23:00:00+00:00,64227.2,64330.5,64002.0,64023.6,2844.93
2026-07-07 00:00:00+00:00,64023.5,64298.1,63981.6,64175.2,4516.091
2026-07-07 01:00:00+00:00,64175.1,64175.2,63738.9,63815.0,6656.918
2026-07-07 02:00:00+00:00,63815.0,63884.1,63257.0,63298.2,12011.75
2026-07-07 03:00:00+00:00,63298.2,63412.8,63122.0,63165.0,6438.175
2026-07-07 04:00:00+00:00,63164.9,63266.7,63030.7,63069.0,5517.363
2026-07-07 05:00:00+00:00,63069.0,63232.7,62745.6,63092.5,10146.888
2026-07-07 06:00:00+00:00,63092.4,63373.3,62954.4,63310.0,6420.153
2026-07-07 07:00:00+00:00,63309.9,63424.2,63050.0,63062.6,5308.971
2026-07-07 08:00:00+00:00,63062.7,63165.7,62958.4,63074.0,3246.141
2026-07-07 09:00:00+00:00,63074.0,63317.4,63030.0,63226.9,3984.997
2026-07-07 10:00:00+00:00,63227.0,63432.8,63185.4,63258.6,4429.345
2026-07-07 11:00:00+00:00,63258.6,63427.8,63080.0,63377.7,4669.388
2026-07-07 12:00:00+00:00,63377.8,63868.0,63365.7,63451.9,11307.971
2026-07-07 13:00:00+00:00,63451.8,63455.4,62960.3,63033.2,13510.125
2026-07-07 14:00:00+00:00,63033.3,63617.8,62638.0,63536.5,19586.851
2026-07-07 15:00:00+00:00,63536.5,64096.0,63349.4,63910.0,15827.862
2026-07-07 16:00:00+00:00,63910.0,64234.1,63780.3,63962.4,8485.483
2026-07-07 17:00:00+00:00,63962.4,64211.0,63868.2,64164.7,4437.323
2026-07-07 18:00:00+00:00,64164.6,64168.8,63646.5,63653.8,6767.564
2026-07-07 19:00:00+00:00,63653.6,63873.2,63351.4,63794.9,8996.679
2026-07-07 20:00:00+00:00,63794.9,63874.6,63588.5,63668.3,2860.895
2026-07-07 21:00:00+00:00,63668.4,63839.9,63264.0,63399.5,5782.613
2026-07-07 22:00:00+00:00,63399.5,63635.4,63177.0,63514.9,3966.559
2026-07-07 23:00:00+00:00,63514.9,63679.5,63288.0,63335.4,2329.733
2026-07-08 00:00:00+00:00,63335.4,63740.2,63274.1,63585.9,3564.601
2026-07-08 01:00:00+00:00,63585.9,63624.0,62883.6,63003.7,8120.007
2026-07-08 02:00:00+00:00,63003.7,63037.1,62466.9,62951.3,13015.007
2026-07-08 03:00:00+00:00,62951.4,63067.9,62666.0,62741.0,4155.352
2026-07-08 04:00:00+00:00,62741.0,62873.3,62643.6,62767.3,3191.098
2026-07-08 05:00:00+00:00,62766.9,62851.2,62520.4,62613.8,4053.867
2026-07-08 06:00:00+00:00,62613.8,62718.2,62434.9,62628.5,5098.065
2026-07-08 07:00:00+00:00,62628.5,62867.7,62519.3,62854.1,5614.701
2026-07-08 08:00:00+00:00,62854.1,62921.8,61821.0,61989.8,24133.055
2026-07-08 09:00:00+00:00,61989.8,62142.9,61708.2,62031.7,11392.528
2026-07-08 10:00:00+00:00,62031.8,62164.7,61876.0,62149.8,5056.481
2026-07-08 11:00:00+00:00,62149.9,62366.0,62025.2,62270.0,5367.666
2026-07-08 12:00:00+00:00,62270.0,62394.1,61933.0,61933.9,5991.213
2026-07-08 13:00:00+00:00,61933.9,62073.6,61615.0,61923.0,12545.108
2026-07-08 14:00:00+00:00,61922.9,62151.9,61686.7,61865.5,10860.112
2026-07-08 15:00:00+00:00,61865.6,61900.5,61520.0,61674.5,9713.099
2026-07-08 16:00:00+00:00,61674.6,62129.8,61666.0,62086.4,7113.853
2026-07-08 17:00:00+00:00,62086.3,62372.7,62005.2,62086.5,6899.963
2026-07-08 18:00:00+00:00,62086.4,62331.0,62014.1,62158.8,3724.733
2026-07-08 19:00:00+00:00,62158.9,62270.4,62043.0,62251.9,2519.071
2026-07-08 20:00:00+00:00,62251.9,62287.1,62051.2,62076.2,2354.879
2026-07-08 21:00:00+00:00,62076.2,62226.4,61926.9,62162.4,4462.192
2026-07-08 22:00:00+00:00,62162.4,62331.8,62144.4,62303.5,2226.252
2026-07-08 23:00:00+00:00,62303.5,62320.6,62139.3,62255.3,1922.822
2026-07-09 00:00:00+00:00,62255.1,62284.4,62025.4,62101.8,3023.797
2026-07-09 01:00:00+00:00,62101.8,62620.2,61796.1,61882.2,10363.949
2026-07-09 02:00:00+00:00,61882.2,62098.0,61666.0,61753.7,4989.881
2026-07-09 03:00:00+00:00,61753.8,62042.7,61693.1,61943.1,3408.734
2026-07-09 04:00:00+00:00,61943.2,62427.7,61929.0,62420.4,5177.524
2026-07-09 05:00:00+00:00,62420.3,62599.6,62204.9,62565.8,7762.964
2026-07-09 06:00:00+00:00,62565.8,62958.0,62452.1,62934.0,10744.759
2026-07-09 07:00:00+00:00,62933.9,63286.5,62774.5,62973.7,11947.227
2026-07-09 08:00:00+00:00,62973.6,63083.9,62822.8,62872.6,4400.093
2026-07-09 09:00:00+00:00,62872.6,62980.4,62753.1,62925.0,3618.009
2026-07-09 10:00:00+00:00,62925.0,63030.5,62653.8,62757.2,3716.851
2026-07-09 11:00:00+00:00,62757.2,62804.8,62583.4,62756.0,5140.324
2026-07-09 12:00:00+00:00,62755.9,62934.3,62428.5,62583.3,19486.3
2026-07-09 13:00:00+00:00,62583.3,63215.0,62490.2,62999.9,9489.196
2026-07-09 14:00:00+00:00,63000.0,63117.9,62620.1,62982.5,7113.788
2026-07-09 15:00:00+00:00,62982.4,63233.0,62782.5,62835.4,6941.238
2026-07-09 16:00:00+00:00,62835.4,62969.3,62525.2,62670.7,5324.178
2026-07-09 17:00:00+00:00,62670.7,63146.0,62640.2,63114.7,5492.868
2026-07-09 18:00:00+00:00,63114.8,63484.9,63041.9,63199.8,10034.92
2026-07-09 19:00:00+00:00,63199.9,63365.0,63130.0,63222.9,2981.368
2026-07-09 20:00:00+00:00,63222.9,63300.0,63148.1,63288.7,1854.485
2026-07-09 21:00:00+00:00,63288.8,63371.7,63162.7,63248.9,1886.986
2026-07-09 22:00:00+00:00,63249.0,63395.9,63180.9,63186.1,2732.059
2026-07-09 23:00:00+00:00,63186.2,63299.9,63032.2,63197.0,3222.795
2026-07-10 00:00:00+00:00,63197.1,63239.2,62897.0,63085.3,4961.377
2026-07-10 01:00:00+00:00,63085.3,63938.8,62931.7,63726.6,11961.053
2026-07-10 02:00:00+00:00,63726.7,64022.0,63662.6,63935.0,7618.357
2026-07-10 03:00:00+00:00,63935.0,64019.7,63789.0,63917.2,4041.922
2026-07-10 04:00:00+00:00,63917.3,64168.0,63826.4,64019.3,6097.263
2026-07-10 05:00:00+00:00,64019.2,64185.0,63915.0,64090.0,4203.902
2026-07-10 06:00:00+00:00,64089.9,64138.7,63804.4,63832.8,4672.326
2026-07-10 07:00:00+00:00,63832.8,63980.0,63765.5,63956.1,4743.281
2026-07-10 08:00:00+00:00,63956.1,64387.9,63949.1,64211.4,12036.605
2026-07-10 09:00:00+00:00,64211.5,64459.9,64065.7,64360.4,8387.949
2026-07-10 10:00:00+00:00,64360.4,64478.3,64244.6,64374.0,4417.956
2026-07-10 11:00:00+00:00,64374.0,64450.3,64309.0,64394.2,2719.427
2026-07-10 12:00:00+00:00,64394.2,64587.9,64236.3,64258.9,6480.494
2026-07-10 13:00:00+00:00,64258.9,64680.0,64127.0,64453.7,9691.781
2026-07-10 14:00:00+00:00,64453.6,64491.8,63768.0,63897.9,13660.447
2026-07-10 15:00:00+00:00,63897.9,64196.1,63875.5,64018.7,5262.22
2026-07-10 16:00:00+00:00,64018.7,64208.1,63802.4,64118.9,4431.076
2026-07-10 17:00:00+00:00,64118.9,64139.6,63803.6,63804.0,2988.902
2026-07-10 18:00:00+00:00,63804.1,63990.0,63718.1,63792.0,2758.665
2026-07-10 19:00:00+00:00,63792.0,64029.9,63755.8,63900.4,3498.343
2026-07-10 20:00:00+00:00,63900.4,63909.2,63619.9,63820.0,6698.936
2026-07-10 21:00:00+00:00,63820.1,64086.4,63813.6,63987.6,2417.892
2026-07-10 22:00:00+00:00,63987.7,64142.7,63953.9,64089.9,2814.802
2026-07-10 23:00:00+00:00,64089.8,64176.9,63989.2,64129.5,2223.081
2026-07-11 00:00:00+00:00,64129.5,64137.1,64000.0,64090.1,1731.884
2026-07-11 01:00:00+00:00,64090.1,64288.7,63969.9,63979.2,2766.132
2026-07-11 02:00:00+00:00,63979.1,64137.8,63950.1,64130.5,1433.009
2026-07-11 03:00:00+00:00,64130.5,64169.1,64037.4,64117.2,1351.12
2026-07-11 04:00:00+00:00,64117.2,64182.0,64047.2,64123.4,1026.864
2026-07-11 05:00:00+00:00,64123.4,64198.8,64085.2,64141.6,1652.038
2026-07-11 06:00:00+00:00,64141.6,64250.0,64091.6,64186.7,1422.943
2026-07-11 07:00:00+00:00,64186.7,64224.0,64120.6,64132.6,1227.267
2026-07-11 08:00:00+00:00,64132.6,64280.0,64123.0,64239.6,1627.259
2026-07-11 09:00:00+00:00,64239.6,64272.7,64129.0,64143.0,1347.449
2026-07-11 10:00:00+00:00,64143.1,64185.0,64110.2,64163.9,1266.216
2026-07-11 11:00:00+00:00,64163.9,64192.8,64146.3,64176.0,761.804
2026-07-11 12:00:00+00:00,64176.1,64207.0,64112.0,64168.4,1196.286
2026-07-11 13:00:00+00:00,64168.5,64245.4,64144.4,64213.9,1495.498
2026-07-11 14:00:00+00:00,64213.9,64497.4,64213.9,64321.0,4280.166
2026-07-11 15:00:00+00:00,64321.0,64461.4,63668.8,64139.0,11703.971
2026-07-11 16:00:00+00:00,64139.1,64245.3,64050.4,64148.2,2521.736
2026-07-11 17:00:00+00:00,64148.1,64375.8,64133.4,64289.8,2299.591
2026-07-11 18:00:00+00:00,64289.8,64368.6,64258.1,64299.7,1059.229
2026-07-11 19:00:00+00:00,64299.7,64313.1,64205.7,64262.0,899.66
2026-07-11 20:00:00+00:00,64261.9,64438.9,64261.9,64353.2,1218.353
2026-07-11 21:00:00+00:00,64353.3,64404.7,64310.0,64325.5,906.265
2026-07-11 22:00:00+00:00,64325.5,64405.2,64110.5,64169.1,2214.267
2026-07-11 23:00:00+00:00,64169.1,64223.2,63776.0,63783.0,6265.888
2026-07-12 00:00:00+00:00,63783.1,63884.9,63657.4,63802.9,4816.995
2026-07-12 01:00:00+00:00,63802.9,64146.2,63783.0,64106.0,3478.097
2026-07-12 02:00:00+00:00,64106.0,64112.7,64002.0,64049.2,1748.455
2026-07-12 03:00:00+00:00,64049.2,64217.8,64002.9,64201.8,2142.993
2026-07-12 04:00:00+00:00,64201.9,64238.0,63912.5,63974.3,2506.065
2026-07-12 05:00:00+00:00,63974.2,63998.6,63867.0,63938.0,1922.293
2026-07-12 06:00:00+00:00,63938.0,63938.0,63602.8,63728.7,5247.13
2026-07-12 07:00:00+00:00,63728.6,63879.0,63708.2,63856.4,1638.415
2026-07-12 08:00:00+00:00,63856.4,64083.7,63854.1,63951.6,2612.699
2026-07-12 09:00:00+00:00,63951.6,64024.4,63730.7,63930.0,3030.6
2026-07-12 10:00:00+00:00,63930.1,63930.1,63807.3,63838.9,1174.004
2026-07-12 11:00:00+00:00,63838.9,64012.8,63796.3,63993.8,1872.65
2026-07-12 12:00:00+00:00,63993.8,64118.5,63946.0,63998.4,2403.082
2026-07-12 13:00:00+00:00,63998.5,64073.4,63959.3,63997.3,1262.062
2026-07-12 14:00:00+00:00,63997.3,64271.9,63928.0,64175.0,2804.565
2026-07-12 15:00:00+00:00,64175.0,64238.9,64091.5,64149.9,2903.188
2026-07-12 16:00:00+00:00,64150.0,64184.8,64013.0,64146.8,2987.458
2026-07-12 17:00:00+00:00,64146.7,64146.8,63983.1,64050.3,1096.969
2026-07-12 18:00:00+00:00,64050.2,64126.6,63985.1,64124.6,1249.778
2026-07-12 19:00:00+00:00,64124.7,64248.0,64114.9,64201.9,1298.912
2026-07-12 20:00:00+00:00,64202.0,64227.4,64141.6,64168.5,878.789
2026-07-12 21:00:00+00:00,64168.5,64207.4,63856.3,63889.6,2630.665
2026-07-12 22:00:00+00:00,63889.5,63895.8,63634.1,63855.0,6060.141
2026-07-12 23:00:00+00:00,63855.0,63883.6,63693.0,63750.0,2325.941
2026-07-13 00:00:00+00:00,63749.9,64411.8,63538.0,64041.8,16536.408
2026-07-13 01:00:00+00:00,64041.8,64044.0,63366.0,63382.1,12315.44
2026-07-13 02:00:00+00:00,63382.1,63527.6,63204.0,63344.8,7882.245
2026-07-13 03:00:00+00:00,63344.9,63362.4,62705.0,62780.2,15709.528
2026-07-13 04:00:00+00:00,62780.1,62884.8,62592.1,62649.8,6758.166
2026-07-13 05:00:00+00:00,62649.7,62880.0,62434.9,62764.1,8371.052
2026-07-13 06:00:00+00:00,62764.1,62848.2,62675.0,62766.6,2684.94
2026-07-13 07:00:00+00:00,62766.6,63030.0,62719.4,62952.7,6413.166
2026-07-13 08:00:00+00:00,62952.8,63260.0,62902.5,63174.9,5653.085
2026-07-13 09:00:00+00:00,63174.9,63179.3,63064.4,63074.0,3292.544
2026-07-13 10:00:00+00:00,63074.0,63130.9,62834.4,62844.6,9350.106
2026-07-13 11:00:00+00:00,62844.7,63116.1,62844.7,62881.3,4701.727
2026-07-13 12:00:00+00:00,62881.4,62970.7,62531.0,62597.9,8803.456
2026-07-13 13:00:00+00:00,62597.9,62752.4,62141.2,62300.1,18486.59
2026-07-13 14:00:00+00:00,62300.1,62777.0,62061.3,62770.3,15429.637
2026-07-13 15:00:00+00:00,62770.2,62965.0,62543.5,62596.6,9348.486
2026-07-13 16:00:00+00:00,62596.7,62614.5,62183.9,62258.0,8644.969
2026-07-13 17:00:00+00:00,62258.0,62347.2,61877.0,61877.0,8894.99
2026-07-13 18:00:00+00:00,61877.1,62077.6,61806.0,61997.3,7281.929
2026-07-13 19:00:00+00:00,61997.4,62267.0,61962.5,62258.0,4034.752
2026-07-13 20:00:00+00:00,62257.9,62299.0,62020.0,62179.3,3539.601
2026-07-13 21:00:00+00:00,62179.3,62192.1,61868.0,62034.1,3364.102
2026-07-13 22:00:00+00:00,62034.0,62199.0,61883.1,61897.9,3177.324
2026-07-13 23:00:00+00:00,61897.9,62333.4,61854.5,62307.0,5107.98
2026-07-14 00:00:00+00:00,62307.0,62639.3,62240.9,62520.7,5906.236
2026-07-14 01:00:00+00:00,62520.7,62614.2,62427.0,62505.2,3019.814
2026-07-14 02:00:00+00:00,62505.2,62610.0,62286.9,62516.8,3512.258
2026-07-14 03:00:00+00:00,62516.8,62576.2,62279.0,62538.2,3341.315
2026-07-14 04:00:00+00:00,62538.3,62744.4,62511.0,62713.6,3346.574
2026-07-14 05:00:00+00:00,62713.6,62848.0,62669.4,62699.9,3751.791
2026-07-14 06:00:00+00:00,62699.9,62752.0,62537.0,62600.1,3174.255
2026-07-14 07:00:00+00:00,62600.1,62633.0,62489.7,62529.7,2683.89
2026-07-14 08:00:00+00:00,62529.7,62780.0,62458.3,62680.1,3017.401
2026-07-14 09:00:00+00:00,62680.1,62721.2,62502.3,62604.2,2286.405
2026-07-14 10:00:00+00:00,62604.2,62880.0,62577.5,62767.5,3460.434
2026-07-14 11:00:00+00:00,62767.6,62896.0,62680.7,62810.3,3168.243
2026-07-14 12:00:00+00:00,62810.3,63956.0,62756.5,63935.2,42323.953
2026-07-14 13:00:00+00:00,63935.2,64162.2,63666.0,63802.8,18520.356
2026-07-14 14:00:00+00:00,63802.8,64310.0,63550.0,64277.3,13029.805
2026-07-14 15:00:00+00:00,64277.2,64950.0,64163.6,64727.5,25734.552
2026-07-14 16:00:00+00:00,64727.4,64879.0,64589.3,64703.9,8467.888
2026-07-14 17:00:00+00:00,64704.0,64704.0,64200.0,64597.5,14211.303
2026-07-14 18:00:00+00:00,64597.5,64631.6,64448.7,64544.0,2451.479
2026-07-14 19:00:00+00:00,64544.0,64687.9,64456.3,64543.0,2680.106
2026-07-14 20:00:00+00:00,64543.1,64576.4,64390.4,64538.6,2370.521
2026-07-14 21:00:00+00:00,64538.6,64877.7,64496.2,64650.0,3377.629
2026-07-14 22:00:00+00:00,64649.9,65130.0,64485.4,64837.1,12393.571
2026-07-14 23:00:00+00:00,64837.2,65040.3,64750.0,65014.7,4645.404
2026-07-15 00:00:00+00:00,65014.6,65043.3,64743.6,64798.1,4489.662
2026-07-15 01:00:00+00:00,64798.1,64830.2,64618.8,64643.7,3480.114
2026-07-15 02:00:00+00:00,64643.7,64732.6,64456.7,64473.0,3174.884
2026-07-15 03:00:00+00:00,64473.1,64820.1,64473.0,64760.8,2866.928
2026-07-15 04:00:00+00:00,64760.9,64868.0,64686.6,64723.5,2176.426
2026-07-15 05:00:00+00:00,64723.6,64941.7,64580.0,64920.5,2716.995
2026-07-15 06:00:00+00:00,64920.5,65260.0,64784.7,64784.7,8661.145
2026-07-15 07:00:00+00:00,64784.8,64850.0,64450.9,64528.0,6827.282
2026-07-15 08:00:00+00:00,64528.0,64785.8,64528.0,64745.0,3889.073
2026-07-15 09:00:00+00:00,64744.9,64899.9,64626.2,64644.6,3146.199
2026-07-15 10:00:00+00:00,64644.6,64826.8,64582.7,64633.0,2611.385
2026-07-15 11:00:00+00:00,64633.0,64728.7,64585.6,64707.5,1873.463
2026-07-15 12:00:00+00:00,64707.4,65241.3,64568.8,65133.7,12263.474
2026-07-15 13:00:00+00:00,65133.7,65550.5,64852.5,65090.2,18067.99
2026-07-15 14:00:00+00:00,65090.2,65497.0,65033.5,65364.8,10429.982
2026-07-15 15:00:00+00:00,65364.8,65589.7,65230.0,65391.6,7683.692
2026-07-15 16:00:00+00:00,65391.5,65438.0,64752.0,65089.5,14894.086
2026-07-15 17:00:00+00:00,65089.6,65148.2,64939.5,65023.1,8953.781
2026-07-15 18:00:00+00:00,65023.1,65130.0,64817.1,64837.4,3429.166
2026-07-15 19:00:00+00:00,64837.4,64967.9,64708.0,64942.0,2826.502
2026-07-15 20:00:00+00:00,64942.1,65030.5,64869.8,64939.9,1207.369
2026-07-15 21:00:00+00:00,64939.9,64985.9,64756.7,64800.0,1958.445
2026-07-15 22:00:00+00:00,64800.0,64949.7,64739.0,64831.5,2140.517
2026-07-15 23:00:00+00:00,64831.6,64912.5,64660.0,64721.4,2455.054
2026-07-16 00:00:00+00:00,64721.4,64814.7,64464.0,64554.3,4878.987
2026-07-16 01:00:00+00:00,64554.3,64807.9,64362.2,64698.6,4747.944
2026-07-16 02:00:00+00:00,64698.6,64705.0,64550.0,64616.1,1791.299
2026-07-16 03:00:00+00:00,64616.1,64723.3,64521.0,64593.0,2045.084
2026-07-16 04:00:00+00:00,64593.0,64667.0,64512.0,64610.9,2014.066
2026-07-16 05:00:00+00:00,64610.9,64974.5,64573.4,64897.9,6259.94
2026-07-16 06:00:00+00:00,64898.0,64951.2,64603.4,64750.0,3438.699
2026-07-16 07:00:00+00:00,64749.9,64750.0,64005.6,64200.0,12271.054
2026-07-16 08:00:00+00:00,64200.1,64340.0,63843.1,64096.7,14623.947
2026-07-16 09:00:00+00:00,64096.6,64155.9,63985.1,64063.8,3330.267
2026-07-16 10:00:00+00:00,64063.9,64241.3,64047.7,64186.9,2653.349
2026-07-16 11:00:00+00:00,64187.0,64245.6,64057.2,64226.6,2957.306
2026-07-16 12:00:00+00:00,64226.6,64226.6,63833.0,63938.1,6794.898
2026-07-16 13:00:00+00:00,63938.2,64458.7,63930.1,64354.4,11289.067
2026-07-16 14:00:00+00:00,64354.3,64844.3,64300.1,64510.0,12450.661
2026-07-16 15:00:00+00:00,64510.0,64874.7,64281.6,64677.7,8163.41
2026-07-16 16:00:00+00:00,64677.7,64687.6,64299.4,64448.4,5409.449
2026-07-16 17:00:00+00:00,64448.4,64453.1,63958.0,64045.6,7575.592
2026-07-16 18:00:00+00:00,64045.5,64306.8,64022.3,64217.1,3448.519
2026-07-16 19:00:00+00:00,64217.0,64277.7,64120.2,64241.6,1749.703
2026-07-16 20:00:00+00:00,64241.7,64249.9,64075.1,64090.1,1258.646
2026-07-16 21:00:00+00:00,64090.1,64217.6,64077.3,64135.9,1257.933
2026-07-16 22:00:00+00:00,64136.0,64221.3,63922.6,63939.5,3705.96
2026-07-16 23:00:00+00:00,63939.6,63978.6,63712.6,63801.0,6353.682
2026-07-17 00:00:00+00:00,63801.1,63890.4,63580.0,63862.9,6331.479
2026-07-17 01:00:00+00:00,63862.9,64041.6,63435.6,63510.8,8486.817
2026-07-17 02:00:00+00:00,63510.7,63628.0,63358.0,63457.5,5328.647
2026-07-17 03:00:00+00:00,63457.5,63693.2,63450.1,63538.1,3554.461
2026-07-17 04:00:00+00:00,63538.0,63560.0,63281.0,63460.0,5069.199
2026-07-17 05:00:00+00:00,63460.1,63460.1,62754.6,62807.3,15626.008
2026-07-17 06:00:00+00:00,62807.4,62961.7,62655.0,62915.4,10696.868
2026-07-17 07:00:00+00:00,62915.5,62947.1,62761.3,62792.9,4831.261
2026-07-17 08:00:00+00:00,62792.8,62905.0,62611.0,62857.5,6784.932
2026-07-17 09:00:00+00:00,62857.4,63039.8,62831.8,62962.2,4213.74
2026-07-17 10:00:00+00:00,62962.3,63165.9,62962.2,63146.9,4237.483
2026-07-17 11:00:00+00:00,63146.9,63337.4,63031.3,63273.2,5404.24
2026-07-17 12:00:00+00:00,63273.1,63320.0,63037.0,63073.9,5253.453
2026-07-17 13:00:00+00:00,63073.9,63155.8,62505.1,63128.6,16457.338
2026-07-17 14:00:00+00:00,63128.7,63496.0,63051.4,63142.5,11255.645
2026-07-17 15:00:00+00:00,63142.5,63432.5,62817.0,63432.4,9297.664
2026-07-17 16:00:00+00:00,63432.4,63681.3,63272.4,63553.7,9059.142
2026-07-17 17:00:00+00:00,63553.7,64194.6,63553.7,64011.8,12832.426
2026-07-17 18:00:00+00:00,64011.8,64356.7,63855.8,64220.1,8585.457
2026-07-17 19:00:00+00:00,64220.1,64226.1,63943.5,64121.4,4380.552
2026-07-17 20:00:00+00:00,64121.4,64165.7,63928.9,64086.1,3417.904
2026-07-17 21:00:00+00:00,64086.2,64188.2,64031.6,64070.6,1550.761
2026-07-17 22:00:00+00:00,64070.6,64117.5,63891.6,63952.8,1753.78
2026-07-17 23:00:00+00:00,63952.7,63985.0,63860.0,63909.9,1443.556
2026-07-18 00:00:00+00:00,63909.9,63991.0,63859.6,63881.6,1490.455
2026-07-18 01:00:00+00:00,63881.6,63980.0,63862.0,63929.2,1280.563
2026-07-18 02:00:00+00:00,63929.2,64014.9,63900.0,63931.5,1347.221
2026-07-18 03:00:00+00:00,63931.6,63995.8,63900.0,63989.5,1220.595
2026-07-18 04:00:00+00:00,63989.5,63992.8,63915.0,63946.3,780.402
2026-07-18 05:00:00+00:00,63946.3,63973.3,63894.3,63936.3,1075.625
2026-07-18 06:00:00+00:00,63936.3,63979.0,63914.1,63954.1,888.648
2026-07-18 07:00:00+00:00,63954.2,64000.0,63952.8,63980.1,1583.413
2026-07-18 08:00:00+00:00,63980.0,63997.8,63930.4,63977.2,1367.761
2026-07-18 09:00:00+00:00,63977.2,63985.0,63912.0,63961.2,1041.152
2026-07-18 10:00:00+00:00,63961.1,63990.0,63957.3,63981.2,581.795
2026-07-18 11:00:00+00:00,63981.2,64073.2,63981.2,64033.3,1101.39
2026-07-18 12:00:00+00:00,64033.2,64237.7,64019.4,64181.4,3668.169
2026-07-18 13:00:00+00:00,64181.5,64185.4,63925.2,64081.3,3187.123
2026-07-18 14:00:00+00:00,64081.2,64167.2,64065.8,64099.0,1539.936
2026-07-18 15:00:00+00:00,64099.0,64135.6,64000.0,64090.0,1415.443
2026-07-18 16:00:00+00:00,64090.0,64298.6,64054.5,64278.2,3832.348
2026-07-18 17:00:00+00:00,64278.3,64466.0,64250.3,64450.0,5266.335
2026-07-18 18:00:00+00:00,64450.0,64666.0,64424.5,64477.3,4442.025
2026-07-18 19:00:00+00:00,64477.4,64566.0,64445.5,64526.3,1721.549
2026-07-18 20:00:00+00:00,64526.4,64738.2,64467.2,64665.5,3210.202
2026-07-18 21:00:00+00:00,64665.5,64819.2,64584.2,64697.6,3096.293
2026-07-18 22:00:00+00:00,64697.5,64837.4,64680.6,64774.4,2034.289
2026-07-18 23:00:00+00:00,64774.3,64818.1,64677.7,64806.7,2054.006
2026-07-19 00:00:00+00:00,64806.7,64878.8,64750.0,64756.5,2842.165
2026-07-19 01:00:00+00:00,64756.5,64771.8,64750.0,64750.0,2790.617
2026-07-19 02:00:00+00:00,64750.0,64948.8,64672.4,64795.4,5032.332
2026-07-19 03:00:00+00:00,64795.5,64815.8,64594.6,64686.8,2849.995
2026-07-19 04:00:00+00:00,64686.8,64775.2,64580.4,64692.2,1668.466
2026-07-19 05:00:00+00:00,64692.2,64789.8,64643.4,64695.1,1325.774
2026-07-19 06:00:00+00:00,64695.0,64737.7,64670.0,64682.3,934.088
2026-07-19 07:00:00+00:00,64682.2,64759.3,64643.4,64692.2,1918.387
2026-07-19 08:00:00+00:00,64692.1,64723.5,64600.0,64678.1,2064.203
2026-07-19 09:00:00+00:00,64678.2,64694.0,64467.2,64495.2,3177.976
2026-07-19 10:00:00+00:00,64495.1,64677.7,64454.6,64561.4,2700.58
2026-07-19 11:00:00+00:00,64561.4,64610.0,64415.0,64445.7,2748.941
2026-07-19 12:00:00+00:00,64445.7,64445.7,64259.5,64417.5,4959.504
2026-07-19 13:00:00+00:00,64417.4,64497.9,64273.4,64453.0,2219.753
2026-07-19 14:00:00+00:00,64453.0,64633.0,64389.0,64561.1,2455.842
2026-07-19 15:00:00+00:00,64561.0,64594.7,64466.6,64545.2,1616.379
2026-07-19 16:00:00+00:00,64545.3,64624.8,64474.2,64510.7,1470.209
2026-07-19 17:00:00+00:00,64510.7,64733.0,64365.7,64520.0,3957.134
2026-07-19 18:00:00+00:00,64520.0,64529.1,64262.9,64399.8,3442.309
2026-07-19 19:00:00+00:00,64399.8,64442.2,64319.5,64438.1,1085.17
2026-07-19 20:00:00+00:00,64438.1,64534.3,64438.0,64515.9,1059.316
2026-07-19 21:00:00+00:00,64516.0,64539.0,64305.0,64393.7,1677.019
2026-07-19 22:00:00+00:00,64393.6,64874.9,64319.3,64642.7,6743.994
2026-07-19 23:00:00+00:00,64642.8,64748.1,64534.9,64694.7,2054.877
2026-07-20 00:00:00+00:00,64694.8,65084.6,64380.0,64526.0,9897.467
2026-07-20 01:00:00+00:00,64526.0,65011.0,64470.0,64594.7,5478.733
2026-07-20 02:00:00+00:00,64594.7,64940.0,64551.6,64800.1,4762.318
2026-07-20 03:00:00+00:00,64800.1,64887.0,64610.2,64839.4,2578.628
2026-07-20 04:00:00+00:00,64839.3,64843.4,64503.0,64511.3,3108.675
2026-07-20 05:00:00+00:00,64511.4,64536.1,64046.0,64101.7,9123.542
2026-07-20 06:00:00+00:00,64101.8,64198.3,63736.1,63890.0,10191.102
2026-07-20 07:00:00+00:00,63890.0,64285.5,63865.0,64250.0,5480.1
2026-07-20 08:00:00+00:00,64250.0,64337.0,63858.1,64031.4,8326.137
2026-07-20 09:00:00+00:00,64031.4,64260.0,63984.5,64176.6,3055.595
2026-07-20 10:00:00+00:00,64176.6,64393.2,64137.0,64280.5,3345.929
2026-07-20 11:00:00+00:00,64280.5,65048.3,64237.1,64970.8,13005.77
2026-07-20 12:00:00+00:00,64970.8,64982.0,64571.0,64627.2,10164.095
2026-07-20 13:00:00+00:00,64627.1,64737.5,64174.5,64315.0,9833.494
2026-07-20 14:00:00+00:00,64315.0,64550.0,64034.3,64393.0,7606.114
2026-07-20 15:00:00+00:00,64393.0,65688.0,64386.8,65570.1,26658.588
2026-07-20 16:00:00+00:00,65570.1,65615.5,65301.8,65478.6,10648.534
2026-07-20 17:00:00+00:00,65478.6,65642.0,65313.9,65560.0,6542.949
2026-07-20 18:00:00+00:00,65560.0,65788.0,65168.0,65215.8,11084.442
2026-07-20 19:00:00+00:00,65215.7,65256.1,65011.4,65119.3,7696.738
2026-07-20 20:00:00+00:00,65119.3,65435.3,65030.2,65344.7,4390.078
2026-07-20 21:00:00+00:00,65344.8,65416.4,65241.6,65258.5,1872.846
2026-07-20 22:00:00+00:00,65258.4,65258.5,65061.2,65118.7,2625.107
2026-07-20 23:00:00+00:00,65118.8,65244.9,65098.8,65224.8,2029.166
2026-07-21 00:00:00+00:00,65224.7,65561.0,65115.3,65538.9,4344.322
2026-07-21 01:00:00+00:00,65538.8,65634.4,65202.1,65205.1,4372.902
2026-07-21 02:00:00+00:00,65205.1,65479.5,65145.1,65386.4,3325.329
2026-07-21 03:00:00+00:00,65386.4,65572.2,65380.0,65539.5,3014.818
2026-07-21 04:00:00+00:00,65539.5,65723.0,65453.5,65494.2,4594.005
2026-07-21 05:00:00+00:00,65494.2,65927.9,65460.1,65724.9,6383.305
2026-07-21 06:00:00+00:00,65724.8,65970.0,65604.8,65892.4,5914.487
2026-07-21 07:00:00+00:00,65892.5,66240.0,65828.2,66166.9,10295.944
2026-07-21 08:00:00+00:00,66166.8,66337.8,66103.4,66200.0,9095.828
2026-07-21 09:00:00+00:00,66199.9,66320.4,66110.0,66261.2,3769.983
2026-07-21 10:00:00+00:00,66261.3,66390.0,66145.5,66161.1,6340.189
2026-07-21 11:00:00+00:00,66161.0,66333.0,66117.1,66317.9,3759.054
2026-07-21 12:00:00+00:00,66317.9,66618.0,66236.0,66527.7,7956.073
2026-07-21 13:00:00+00:00,66527.7,66777.0,66290.4,66748.8,11900.874
2026-07-21 14:00:00+00:00,66748.7,66924.1,66609.0,66804.3,13494.794
2026-07-21 15:00:00+00:00,66804.3,66804.4,66487.9,66648.5,6212.963
2026-07-21 16:00:00+00:00,66648.5,66736.7,66428.5,66507.1,4088.719
2026-07-21 17:00:00+00:00,66507.1,66537.1,65939.0,66181.1,12541.97
2026-07-21 18:00:00+00:00,66181.1,66333.0,66071.2,66287.5,4476.6
2026-07-21 19:00:00+00:00,66287.6,66467.4,66230.0,66409.5,3604.885
2026-07-21 20:00:00+00:00,66409.5,66465.6,66326.3,66373.8,1670.198
2026-07-21 21:00:00+00:00,66373.8,66380.8,66261.7,66352.4,2220.28
2026-07-21 22:00:00+00:00,66352.4,66352.6,66172.0,66271.2,2432.153
2026-07-21 23:00:00+00:00,66271.3,66544.8,66200.0,66522.4,3085.24
2026-07-22 00:00:00+00:00,66522.3,66711.0,66503.9,66591.7,4924.6
2026-07-22 01:00:00+00:00,66591.8,66629.3,66253.0,66399.9,3861.949
2026-07-22 02:00:00+00:00,66399.9,66513.8,66264.9,66283.2,2039.117
2026-07-22 03:00:00+00:00,66283.2,66343.4,66141.7,66176.7,2975.392
2026-07-22 04:00:00+00:00,66176.6,66399.0,66161.4,66349.3,1913.639
2026-07-22 05:00:00+00:00,66349.2,66349.3,65909.1,65954.5,7960.255
2026-07-22 06:00:00+00:00,65954.4,66000.0,65800.1,65906.8,6026.171
2026-07-22 07:00:00+00:00,65906.7,65941.5,65668.6,65813.4,6294.319
2026-07-22 08:00:00+00:00,65813.4,66140.5,65813.4,65953.5,5831.709
2026-07-22 09:00:00+00:00,65953.4,66053.2,65816.4,65896.4,3223.673
2026-07-22 10:00:00+00:00,65896.3,66077.3,65861.4,66016.2,7121.677
2026-07-22 11:00:00+00:00,66016.2,66057.9,65872.1,65981.4,3175.036
2026-07-22 12:00:00+00:00,65981.3,65986.0,65505.0,65604.2,7832.203
2026-07-22 13:00:00+00:00,65604.1,65956.0,65531.7,65924.9,8594.386
2026-07-22 14:00:00+00:00,65924.9,66190.4,65556.3,65770.2,10598.179
2026-07-22 15:00:00+00:00,65770.2,66100.0,65770.0,66014.8,6873.918
2026-07-22 16:00:00+00:00,66014.8,66363.6,65877.0,66199.7,7769.463
2026-07-22 17:00:00+00:00,66199.8,66249.3,65912.6,65997.5,3809.016
2026-07-22 18:00:00+00:00,65997.5,66052.8,65701.2,65860.5,4340.972
2026-07-22 19:00:00+00:00,65860.6,65924.0,65650.2,65891.1,3197.039
2026-07-22 20:00:00+00:00,65891.2,65954.3,65753.0,65887.8,2320.046
2026-07-22 21:00:00+00:00,65887.8,66103.1,65853.2,66034.5,2201.826
2026-07-22 22:00:00+00:00,66034.5,66046.0,65891.8,66013.8,1660.556
2026-07-22 23:00:00+00:00,66013.9,66116.5,65808.5,66082.0,2265.474
2026-07-23 00:00:00+00:00,66082.0,66284.1,66020.0,66023.8,4469.351
2026-07-23 01:00:00+00:00,66023.8,66180.0,65715.9,65793.8,5399.416
2026-07-23 02:00:00+00:00,65793.7,65808.9,65616.3,65777.4,3027.886
2026-07-23 03:00:00+00:00,65777.4,65788.2,65548.0,65626.8,3847.55
2026-07-23 04:00:00+00:00,65626.7,65710.0,65558.0,65585.3,2534.037
2026-07-23 05:00:00+00:00,65585.4,65764.8,65543.1,65663.9,2512.364
2026-07-23 06:00:00+00:00,65663.9,65793.7,65593.9,65763.2,2021.415
2026-07-23 07:00:00+00:00,65763.3,65763.3,65313.7,65405.3,8530.657
2026-07-23 08:00:00+00:00,65405.3,65637.2,65383.6,65605.9,3577.763
2026-07-23 09:00:00+00:00,65605.8,65732.3,65573.8,65607.9,3031.028
2026-07-23 10:00:00+00:00,65607.9,65756.6,65555.1,65704.2,2837.969
2026-07-23 11:00:00+00:00,65704.1,65709.4,65511.0,65525.4,2374.826
2026-07-23 12:00:00+00:00,65525.4,65557.8,64927.3,65138.0,15552.526
2026-07-23 13:00:00+00:00,65138.0,65215.3,64839.1,64858.6,14102.63
2026-07-23 14:00:00+00:00,64858.7,65197.0,64801.0,64884.6,11702.687
2026-07-23 15:00:00+00:00,64884.7,65003.6,64696.2,64940.4,10141.344
2026-07-23 16:00:00+00:00,64940.4,64940.5,64688.0,64731.4,4677.967
2026-07-23 17:00:00+00:00,64731.5,64877.6,64636.0,64654.4,4543.014
2026-07-23 18:00:00+00:00,64654.4,64924.9,64654.3,64842.5,3309.665
2026-07-23 19:00:00+00:00,64842.5,64908.1,64670.0,64820.7,3454.039
2026-07-23 20:00:00+00:00,64820.7,65176.0,64809.7,65117.7,5482.38
2026-07-23 21:00:00+00:00,65117.6,65183.1,64979.9,65137.4,2461.061
2026-07-23 22:00:00+00:00,65137.4,65193.5,64976.7,65158.2,3003.047
2026-07-23 23:00:00+00:00,65158.2,65189.5,65018.8,65069.6,2173.156
2026-07-24 00:00:00+00:00,65069.6,65084.0,64733.2,64953.1,4831.001
2026-07-24 01:00:00+00:00,64953.0,65146.4,64912.4,65053.2,3089.748
2026-07-24 02:00:00+00:00,65053.2,65164.8,64890.5,65091.8,3231.376
2026-07-24 03:00:00+00:00,65091.8,65436.8,65045.0,65425.4,7118.962
2026-07-24 04:00:00+00:00,65425.5,65440.0,65235.4,65281.9,3917.507
2026-07-24 05:00:00+00:00,65282.0,65365.9,65213.0,65282.3,1810.83
2026-07-24 06:00:00+00:00,65282.4,65490.0,65245.6,65441.6,3572.79
2026-07-24 07:00:00+00:00,65441.6,65780.0,65338.0,65470.0,12855.234
2026-07-24 08:00:00+00:00,65470.1,65477.2,65274.5,65274.6,3662.526
2026-07-24 09:00:00+00:00,65274.6,65290.7,64919.7,65088.1,7663.998
2026-07-24 10:00:00+00:00,65088.2,65132.2,64878.0,64927.8,3324.749
2026-07-24 11:00:00+00:00,64927.7,65073.6,64821.9,65045.7,4034.095
2026-07-24 12:00:00+00:00,65045.7,65110.1,64707.5,64746.6,4732.922
2026-07-24 13:00:00+00:00,64746.5,64774.5,63882.3,64129.1,29360.681
2026-07-24 14:00:00+00:00,64129.1,64170.0,63666.0,64031.4,18282.036
2026-07-24 15:00:00+00:00,64031.3,64305.8,63824.3,64065.1,15421.724
2026-07-24 16:00:00+00:00,64065.1,64176.5,63854.3,63930.4,5378.185
2026-07-24 17:00:00+00:00,63930.3,64177.9,63882.6,64154.9,3685.779
2026-07-24 18:00:00+00:00,64154.9,64262.3,64104.1,64242.8,3081.464
2026-07-24 19:00:00+00:00,64242.7,64266.9,64113.4,64199.5,2530.206
2026-07-24 20:00:00+00:00,64199.5,64260.1,64105.0,64139.6,2090.567
2026-07-24 21:00:00+00:00,64139.6,64195.1,64098.7,64112.2,1832.95
2026-07-24 22:00:00+00:00,64112.2,64187.6,64098.7,64132.7,1039.951
2026-07-24 23:00:00+00:00,64132.8,64155.0,64102.2,64116.5,988.191
2026-07-25 00:00:00+00:00,64116.5,64155.0,64005.4,64049.6,6490.967
2026-07-25 01:00:00+00:00,64049.6,64135.0,63977.0,64039.2,2142.025
2026-07-25 02:00:00+00:00,64039.1,64072.3,63988.4,64010.5,1372.173
2026-07-25 03:00:00+00:00,64010.5,64073.7,63988.4,64052.9,1221.84
2026-07-25 04:00:00+00:00,64053.0,64181.0,64052.9,64146.9,1255.783
2026-07-25 05:00:00+00:00,64147.0,64166.6,63940.7,63990.1,1755.924
2026-07-25 06:00:00+00:00,63990.0,64032.0,63933.2,63982.9,1842.202
2026-07-25 07:00:00+00:00,63982.9,64005.5,63966.8,63972.9,1138.406
2026-07-25 08:00:00+00:00,63973.0,63973.1,63760.5,63844.3,3567.434
2026-07-25 09:00:00+00:00,63844.4,64000.0,63794.2,63973.9,2160.102
2026-07-25 10:00:00+00:00,63973.8,64039.7,63959.3,64039.6,1751.971
2026-07-25 11:00:00+00:00,64039.6,64078.5,64014.7,64031.3,1213.513
2026-07-25 12:00:00+00:00,64031.2,64088.2,64006.2,64088.2,1166.645
2026-07-25 13:00:00+00:00,64088.1,64236.8,64072.2,64136.9,2768.49
2026-07-25 14:00:00+00:00,64136.8,64187.4,64079.2,64177.7,1570.678
2026-07-25 15:00:00+00:00,64177.7,64243.6,64135.5,64150.0,1961.221
2026-07-25 16:00:00+00:00,64150.1,64219.0,64092.2,64180.9,1548.05
2026-07-25 17:00:00+00:00,64180.8,64330.2,64162.1,64236.6,2620.615
2026-07-25 18:00:00+00:00,64236.7,64417.1,64236.7,64391.4,2559.51
2026-07-25 19:00:00+00:00,64391.3,64410.0,64351.4,64359.6,1546.182
2026-07-25 20:00:00+00:00,64359.7,64367.8,64282.9,64303.9,1212.571
2026-07-25 21:00:00+00:00,64304.0,64407.1,64233.0,64318.5,1521.137
2026-07-25 22:00:00+00:00,64318.6,64393.0,64318.5,64377.6,868.254
2026-07-25 23:00:00+00:00,64377.7,64393.4,64331.9,64338.1,991.941
2026-07-26 00:00:00+00:00,64338.0,64482.7,64317.9,64482.6,1921.435
2026-07-26 01:00:00+00:00,64482.7,64514.1,64422.6,64434.3,1584.646
2026-07-26 02:00:00+00:00,64434.3,64500.0,64394.0,64490.6,1140.605
2026-07-26 03:00:00+00:00,64490.6,64553.9,64453.2,64518.8,1560.582
2026-07-26 04:00:00+00:00,64518.9,64566.0,64452.9,64493.1,1510.232
2026-07-26 05:00:00+00:00,64493.2,64493.2,64359.3,64386.0,2022.339
2026-07-26 06:00:00+00:00,64386.0,64428.7,64256.4,64408.9,3152.044
2026-07-26 07:00:00+00:00,64409.0,64439.1,64313.5,64341.2,1444.629
2026-07-26 08:00:00+00:00,64341.3,64467.5,64320.2,64450.1,1158.466
2026-07-26 09:00:00+00:00,64450.0,64525.2,64450.0,64512.3,1615.264
2026-07-26 10:00:00+00:00,64512.3,64557.3,64472.4,64490.9,1709.222
2026-07-26 11:00:00+00:00,64491.0,64507.2,64470.0,64481.4,968.837
2026-07-26 12:00:00+00:00,64481.5,64639.0,64405.9,64434.2,3951.26
2026-07-26 13:00:00+00:00,64434.2,64548.3,64379.7,64491.8,2041.798
2026-07-26 14:00:00+00:00,64491.9,64748.3,64491.8,64687.2,5026.726
2026-07-26 15:00:00+00:00,64687.2,64819.3,64640.0,64733.6,3665.271
2026-07-26 16:00:00+00:00,64733.5,64909.0,64670.1,64700.0,4283.747
2026-07-26 17:00:00+00:00,64700.0,64769.1,64639.9,64663.2,2119.427
2026-07-26 18:00:00+00:00,64663.3,64749.4,64634.0,64706.8,1135.743
2026-07-26 19:00:00+00:00,64706.8,64729.4,64638.8,64665.5,791.484
2026-07-26 20:00:00+00:00,64665.6,64676.2,64606.3,64621.3,748.268
2026-07-26 21:00:00+00:00,64621.2,64897.1,64621.2,64821.7,1929.004
2026-07-26 22:00:00+00:00,64821.7,65480.0,64821.7,65384.7,13652.278
2026-07-26 23:00:00+00:00,65384.7,65555.0,65245.6,65375.1,6629.856
2026-07-27 00:00:00+00:00,65375.2,65398.8,65033.0,65106.0,5619.723
2026-07-27 01:00:00+00:00,65106.0,65196.7,64872.0,65179.8,5474.232
2026-07-27 02:00:00+00:00,65179.9,65254.4,65088.0,65145.7,2410.619
2026-07-27 03:00:00+00:00,65145.6,65344.0,65143.5,65261.5,2331.283
2026-07-27 04:00:00+00:00,65261.5,65484.6,65216.0,65257.2,3606.45
2026-07-27 05:00:00+00:00,65257.2,65468.2,65251.0,65434.3,2052.379
2026-07-27 06:00:00+00:00,65434.2,65722.5,65377.5,65388.0,6825.399
2026-07-27 07:00:00+00:00,65388.0,65421.3,65190.0,65195.9,4161.868
2026-07-27 08:00:00+00:00,65196.0,65234.0,65092.3,65133.0,3777.889
2026-07-27 09:00:00+00:00,65132.9,65315.7,65066.3,65234.4,3233.697
2026-07-27 10:00:00+00:00,65234.5,65412.8,65202.1,65314.7,2361.136
2026-07-27 11:00:00+00:00,65314.7,65314.8,65061.1,65073.1,2731.686
2026-07-27 12:00:00+00:00,65073.1,65240.2,64811.0,65065.0,8493.576
2026-07-27 13:00:00+00:00,65065.0,65689.6,64885.3,65189.4,16449.888
2026-07-27 14:00:00+00:00,65189.4,65409.3,64418.9,64663.4,18708.373
2026-07-27 15:00:00+00:00,64663.4,64750.0,64374.4,64517.1,9045.046
2026-07-27 16:00:00+00:00,64517.2,64941.7,64479.0,64871.0,6852.718
2026-07-27 17:00:00+00:00,64871.0,65069.4,64761.7,64994.3,4101.367
2026-07-27 18:00:00+00:00,64994.2,65034.9,64727.3,64854.7,3642.72
2026-07-27 19:00:00+00:00,64854.7,65056.8,64782.0,64959.2,2642.628
2026-07-27 20:00:00+00:00,64959.2,65030.8,64873.6,64940.4,1671.359
2026-07-27 21:00:00+00:00,64940.3,64940.4,64762.1,64790.2,1614.505
2026-07-27 22:00:00+00:00,64790.3,64790.3,63755.3,63755.4,16449.15
2026-07-27 23:00:00+00:00,63755.5,63903.6,63567.0,63720.8,13574.042
2026-07-28 00:00:00+00:00,63720.7,63794.3,63439.1,63453.1,7909.745
2026-07-28 01:00:00+00:00,63453.1,63500.0,63021.0,63195.9,13354.768
2026-07-28 02:00:00+00:00,63195.9,63269.8,63069.8,63148.2,4990.923
2026-07-28 03:00:00+00:00,63148.1,63342.8,63131.9,63310.1,4066.35
2026-07-28 04:00:00+00:00,63310.0,63333.3,63187.2,63323.5,4684.392
2026-07-28 05:00:00+00:00,63323.5,63588.0,63294.9,63417.4,5443.976
2026-07-28 06:00:00+00:00,63417.5,63642.2,63365.4,63609.4,3804.782
2026-07-28 07:00:00+00:00,63609.4,63635.4,63421.0,63476.8,3883.873
2026-07-28 08:00:00+00:00,63476.8,63513.9,63370.1,63401.7,2415.759
2026-07-28 09:00:00+00:00,63401.6,63557.0,63337.7,63367.8,4377.904
2026-07-28 10:00:00+00:00,63367.8,63532.1,63263.5,63439.6,7147.337
2026-07-28 11:00:00+00:00,63439.6,63569.0,63322.6,63430.8,3763.568
2026-07-28 12:00:00+00:00,63430.7,63548.8,63355.4,63520.1,3288.693
2026-07-28 13:00:00+00:00,63520.1,63568.6,62660.1,63078.9,16804.472
2026-07-28 14:00:00+00:00,63078.9,63521.0,62937.0,63384.1,10759.073
2026-07-28 15:00:00+00:00,63384.0,64014.2,63231.9,63899.4,15235.464
2026-07-28 16:00:00+00:00,63899.5,64084.5,63746.4,64020.0,5705.085
2026-07-28 17:00:00+00:00,64019.9,64020.0,63477.2,63666.0,6338.588
2026-07-28 18:00:00+00:00,63666.0,63824.0,63646.6,63710.8,2521.312
2026-07-28 19:00:00+00:00,63710.8,63882.4,63650.1,63882.4,2666.007
2026-07-28 20:00:00+00:00,63882.4,63993.2,63850.4,63890.8,3090.519
2026-07-28 21:00:00+00:00,63890.7,64047.9,63863.8,63950.1,2344.876
2026-07-28 22:00:00+00:00,63950.1,64000.0,63739.8,63754.6,3276.39
2026-07-28 23:00:00+00:00,63754.6,63934.3,63526.0,63903.6,6400.006
2026-07-29 00:00:00+00:00,63903.6,64175.0,63846.0,63927.5,5771.301
2026-07-29 01:00:00+00:00,63927.5,63978.7,63657.8,63682.5,4706.938
2026-07-29 02:00:00+00:00,63682.5,64110.5,63630.0,63955.0,5422.055
2026-07-29 03:00:00+00:00,63955.0,63984.7,63684.7,63727.0,4992.94
2026-07-29 04:00:00+00:00,63727.0,63950.0,63569.5,63944.2,4296.721
2026-07-29 05:00:00+00:00,63944.3,64071.1,63866.4,64045.3,3574.698
2026-07-29 06:00:00+00:00,64045.3,64444.0,64004.7,64407.7,9275.804
2026-07-29 07:00:00+00:00,64407.8,64544.0,64376.1,64539.0,5453.408
2026-07-29 08:00:00+00:00,64539.1,64556.6,64251.0,64391.2,5688.224
2026-07-29 09:00:00+00:00,64391.2,64715.9,64353.2,64660.7,5905.262
2026-07-29 10:00:00+00:00,64660.8,64691.4,64381.2,64444.0,4695.38
2026-07-29 11:00:00+00:00,64444.0,64565.2,64388.0,64480.0,2928.166
2026-07-29 12:00:00+00:00,64479.9,64480.0,64175.4,64248.2,4373.432
2026-07-29 13:00:00+00:00,64248.2,64639.9,64113.6,64634.6,10594.764
2026-07-29 14:00:00+00:00,64634.6,64688.0,64019.0,64078.1,8887.439
2026-07-29 15:00:00+00:00,64078.2,64170.7,63857.4,63940.2,6804.924
2026-07-29 16:00:00+00:00,63940.2,64131.9,63600.0,63786.6,10205.123
2026-07-29 17:00:00+00:00,63786.6,64287.3,63680.1,64247.5,7085.746
2026-07-29 18:00:00+00:00,64247.4,64703.9,63742.9,64484.5,24784.012
2026-07-29 19:00:00+00:00,64484.4,64575.7,63483.9,63564.1,14295.245
2026-07-29 20:00:00+00:00,63564.0,63721.0,63336.0,63487.9,9804.197
2026-07-29 21:00:00+00:00,63487.8,63831.8,63234.0,63831.1,9361.784
2026-07-29 22:00:00+00:00,63831.2,64108.4,63831.1,63916.9,8261.334
2026-07-29 23:00:00+00:00,63916.9,64044.4,63868.0,63958.9,2807.402
2026-07-30 00:00:00+00:00,63958.9,64098.2,63576.4,63673.7,6274.187
2026-07-30 01:00:00+00:00,63673.7,64355.9,63662.6,64245.3,6840.859
2026-07-30 02:00:00+00:00,64245.2,64393.0,64139.0,64163.7,3764.311
2026-07-30 03:00:00+00:00,64163.7,64282.8,64109.0,64134.0,2384.038
2026-07-30 04:00:00+00:00,64134.0,64152.3,63980.0,63998.5,2650.287
2026-07-30 05:00:00+00:00,63998.6,64156.4,63881.0,64013.6,3410.62
2026-07-30 06:00:00+00:00,64013.5,64054.8,63930.0,63974.6,1486.362
2026-07-30 07:00:00+00:00,63974.6,64121.9,63913.6,63981.9,3159.857
2026-07-30 08:00:00+00:00,63981.9,64334.6,63950.0,64280.4,4231.718
2026-07-30 09:00:00+00:00,64280.4,64618.1,64257.1,64550.0,6694.068
2026-07-30 10:00:00+00:00,64550.0,64612.5,64538.2,64548.9,3675.459
2026-07-30 11:00:00+00:00,64548.9,64870.0,64515.1,64766.8,7542.228
2026-07-30 12:00:00+00:00,64766.9,65015.6,64765.6,64892.6,9133.871
2026-07-30 13:00:00+00:00,64892.7,65157.0,64663.0,64995.9,14010.887
2026-07-30 14:00:00+00:00,64995.8,65015.3,64588.4,64649.0,9678.971
2026-07-30 15:00:00+00:00,64649.1,64861.4,64571.4,64694.2,4737.528
2026-07-30 16:00:00+00:00,64694.2,64933.0,64694.2,64785.1,3285.643
2026-07-30 17:00:00+00:00,64785.1,64957.2,64738.1,64842.4,2494.063
2026-07-30 18:00:00+00:00,64842.4,64871.1,64657.4,64668.9,1921.207
2026-07-30 19:00:00+00:00,64668.9,64875.0,64668.8,64778.6,1965.073
2026-07-30 20:00:00+00:00,64778.5,64909.0,64723.4,64750.0,2723.326
2026-07-30 21:00:00+00:00,64750.0,64780.8,64678.2,64706.5,1435.863
2026-07-30 22:00:00+00:00,64706.6,64995.0,64636.3,64827.4,3686.525
2026-07-30 23:00:00+00:00,64827.3,65062.9,64698.5,64750.0,5668.781
2026-07-31 00:00:00+00:00,64750.0,64878.0,64663.7,64698.5,2973.54
2026-07-31 01:00:00+00:00,64698.5,65391.3,64444.0,64535.1,16749.679
2026-07-31 02:00:00+00:00,64535.2,64593.3,64177.9,64271.9,9560.756
2026-07-31 03:00:00+00:00,64272.0,64410.4,64138.0,64344.0,5854.658
2026-07-31 04:00:00+00:00,64344.0,64425.6,64210.0,64281.6,3166.071
2026-07-31 05:00:00+00:00,64281.6,64396.7,64242.5,64334.4,2568.023
2026-07-31 06:00:00+00:00,64334.3,64476.8,64179.9,64208.5,4155.684
2026-07-31 07:00:00+00:00,64208.4,64217.0,63835.6,63909.1,11234.331
2026-07-31 08:00:00+00:00,63909.1,63950.0,63777.7,63801.9,6279.775
2026-07-31 09:00:00+00:00,63801.8,63820.0,63601.2,63689.0,5255.291
2026-07-31 10:00:00+00:00,63689.1,63923.4,63577.0,63886.1,5345.605
2026-07-31 11:00:00+00:00,63886.2,63982.2,63755.1,63779.4,3656.002
2026-07-31 12:00:00+00:00,63779.4,63804.1,63595.3,63727.4,5013.922
2026-07-31 13:00:00+00:00,63727.4,63807.5,63216.2,63248.1,15778.254
2026-07-31 14:00:00+00:00,63248.0,63291.6,62410.5,62663.8,37380.196
2026-07-31 15:00:00+00:00,62663.9,62749.7,62458.0,62695.4,9158.832
2026-07-31 16:00:00+00:00,62695.3,62913.4,62680.1,62849.4,6323.225
2026-07-31 17:00:00+00:00,62849.4,63270.1,62780.8,63215.6,6762.001
2026-07-31 18:00:00+00:00,63215.6,63275.7,62935.1,63064.9,5633.135
2026-07-31 19:00:00+00:00,63065.0,63133.0,62906.3,62947.2,2889.931
2026-07-31 20:00:00+00:00,62947.1,63003.0,62901.0,62928.7,2268.918
2026-07-31 21:00:00+00:00,62928.7,63037.0,62814.1,62924.7,2820.424
2026-07-31 22:00:00+00:00,62924.8,62996.7,62835.0,62916.7,2306.85
2026-07-31 23:00:00+00:00,62916.8,62990.0,62825.0,62859.9,1829.832
2026-08-01 00:00:00+00:00,62859.9,62995.0,62859.8,62909.4,1932.848
2026-08-01 01:00:00+00:00,62909.4,62964.6,62888.9,62946.7,1321.888
2026-08-01 02:00:00+00:00,62946.7,63084.6,62946.7,63040.8,1697.14
2026-08-01 03:00:00+00:00,63040.8,63045.7,62937.5,62973.8,1561.868
2026-08-01 04:00:00+00:00,62973.8,63079.2,62964.1,63073.9,869.586
2026-08-01 05:00:00+00:00,63074.0,63118.7,62969.6,62999.8,1857.218
2026-08-01 06:00:00+00:00,62999.8,63053.1,62965.2,63049.9,1072.175
2026-08-01 07:00:00+00:00,63049.9,63086.3,63001.4,63019.6,1210.92
2026-08-01 08:00:00+00:00,63019.6,63126.6,63019.5,63097.4,934.337
2026-08-01 09:00:00+00:00,63097.4,63111.4,63014.1,63021.4,1156.469
2026-08-01 10:00:00+00:00,63021.4,63085.0,62956.5,63029.1,1810.404
2026-08-01 11:00:00+00:00,63029.1,63064.0,63010.1,63045.1,768.514
2026-08-01 12:00:00+00:00,63045.2,63094.1,63045.1,63068.9,855.032
2026-08-01 13:00:00+00:00,63068.9,63075.9,63010.1,63036.7,819.617
2026-08-01 14:00:00+00:00,63036.6,63097.5,63036.6,63097.1,1142.167
2026-08-01 15:00:00+00:00,63097.1,63097.1,62976.4,62976.4,1171.027
2026-08-01 16:00:00+00:00,62976.4,63006.6,62838.8,62899.9,3428.637
2026-08-01 17:00:00+00:00,62899.9,62969.5,62633.3,62684.0,4837.737
2026-08-01 18:00:00+00:00,62684.1,62710.7,62228.8,62552.5,14262.623
2026-08-01 19:00:00+00:00,62552.6,62596.5,62430.8,62502.1,3508.188
2026-08-01 20:00:00+00:00,62502.1,62642.9,62456.9,62631.8,2312.844
2026-08-01 21:00:00+00:00,62631.8,62844.9,62631.8,62789.4,2927.597
2026-08-01 22:00:00+00:00,62789.5,62844.5,62762.4,62800.1,1470.999
2026-08-01 23:00:00+00:00,62800.1,62830.0,62737.1,62792.3,1808.308
2026-08-02 00:00:00+00:00,62792.3,62950.0,62782.3,62807.5,2672.436
2026-08-02 01:00:00+00:00,62807.5,63066.0,62807.5,62960.8,2926.684
2026-08-02 02:00:00+00:00,62960.9,63542.0,62925.6,63425.4,12933.753
2026-08-02 03:00:00+00:00,63425.5,63529.4,63351.3,63436.7,3586.883
2026-08-02 04:00:00+00:00,63436.8,63600.0,63436.7,63557.1,3013.823
2026-08-02 05:00:00+00:00,63557.1,63620.0,63382.9,63428.5,4618.916
2026-08-02 06:00:00+00:00,63428.6,63478.8,63402.5,63460.0,1474.959
2026-08-02 07:00:00+00:00,63460.1,63514.2,63449.0,63468.1,1659.781
2026-08-02 08:00:00+00:00,63468.0,63507.8,63141.0,63171.1,5958.386
2026-08-02 09:00:00+00:00,63171.2,63301.6,63065.3,63249.8,3576.767
2026-08-02 10:00:00+00:00,63249.7,63249.7,63096.0,63176.7,2669.631
2026-08-02 11:00:00+00:00,63176.6,63186.1,62961.1,63007.3,3493.646
2026-08-02 12:00:00+00:00,63007.2,63215.1,63007.2,63097.2,2639.051
2026-08-02 13:00:00+00:00,63097.2,63119.2,62974.4,63095.0,2038.879
2026-08-02 14:00:00+00:00,63095.0,63163.2,63031.7,63042.7,2352.318
2026-08-02 15:00:00+00:00,63042.6,63158.2,63023.0,63081.6,1494.069
2026-08-02 16:00:00+00:00,63081.6,63258.8,63038.0,63158.6,2692.429
2026-08-02 17:00:00+00:00,63158.6,63323.6,63130.0,63279.7,2274.703
2026-08-02 18:00:00+00:00,63279.6,63594.6,63266.4,63364.2,4291.389
2026-08-02 19:00:00+00:00,63364.2,63459.8,63306.0,63432.9,1673.194
2026-08-02 20:00:00+00:00,63433.0,63483.3,63383.0,63477.2,1450.82
2026-08-02 21:00:00+00:00,63477.3,63774.6,63459.9,63560.0,5300.8
2026-08-02 22:00:00+00:00,63560.0,63779.0,63343.2,63398.0,5877.13
2026-08-02 23:00:00+00:00,63398.0,63577.1,63306.2,63550.0,3369.96
2026-08-03 00:00:00+00:00,63550.0,63575.6,63168.3,63298.9,4052.018
2026-08-03 01:00:00+00:00,63299.0,63332.8,63088.0,63185.9,3482.062
2026-08-03 02:00:00+00:00,63185.9,63266.1,63068.1,63118.3,2410.406
2026-08-03 03:00:00+00:00,63118.2,63152.8,62745.0,62839.7,4979.18
2026-08-03 04:00:00+00:00,62839.8,62976.8,62745.3,62765.3,4163.223
2026-08-03 05:00:00+00:00,62765.2,62848.0,62716.0,62799.9,3595.518
2026-08-03 06:00:00+00:00,62800.0,62850.1,62576.2,62594.9,5547.075
2026-08-03 07:00:00+00:00,62594.8,62671.6,62520.0,62591.0,4637.457
2026-08-03 08:00:00+00:00,62591.0,62624.0,62268.2,62512.4,8236.907
2026-08-03 09:00:00+00:00,62512.4,62846.3,62487.9,62806.0,5851.477
2026-08-03 10:00:00+00:00,62806.0,62838.5,62584.8,62708.8,4413.061
2026-08-03 11:00:00+00:00,62708.9,62746.4,62506.8,62534.1,4475.438
2026-08-03 12:00:00+00:00,62534.1,62769.1,62400.0,62669.9,6014.563
2026-08-03 13:00:00+00:00,62669.9,63368.1,62533.3,63317.6,15971.818
2026-08-03 14:00:00+00:00,63317.6,63956.4,63109.7,63927.9,26813.636
2026-08-03 15:00:00+00:00,63928.0,63960.0,63610.2,63659.5,11323.139
2026-08-03 16:00:00+00:00,63659.5,63907.4,63626.2,63738.0,6259.343
2026-08-03 17:00:00+00:00,63737.9,64049.5,63680.0,63874.1,6860.221
2026-08-03 18:00:00+00:00,63874.1,63973.1,63735.0,63835.5,3895.435
2026-08-03 19:00:00+00:00,63835.6,64058.8,63807.3,63836.9,3800.436
2026-08-03 20:00:00+00:00,63836.9,63992.9,63737.2,63755.9,3034.017
2026-08-03 21:00:00+00:00,63755.9,63763.5,63505.4,63561.1,4604.113
2026-08-03 22:00:00+00:00,63561.1,63648.7,63352.2,63587.6,5207.228
2026-08-03 23:00:00+00:00,63587.6,63596.5,63435.3,63497.2,2216.091
2026-08-04 00:00:00+00:00,63497.1,63558.8,63290.2,63337.6,4583.87
2026-08-04 01:00:00+00:00,63337.6,63911.6,63337.5,63816.1,6903.46
2026-08-04 02:00:00+00:00,63816.1,63958.6,63651.8,63802.3,4783.866
2026-08-04 03:00:00+00:00,63802.3,63843.7,63624.1,63771.0,2334.425
2026-08-04 04:00:00+00:00,63771.0,64239.8,63732.0,64004.4,7952.488
2026-08-04 05:00:00+00:00,64004.5,64032.8,63762.0,63783.7,3638.718
2026-08-04 06:00:00+00:00,63783.6,63830.0,63630.0,63653.4,3456.987
2026-08-04 07:00:00+00:00,63653.3,63736.9,63480.0,63666.5,4904.829
2026-08-04 08:00:00+00:00,63666.5,63730.0,63539.0,63559.7,2609.749
2026-08-04 09:00:00+00:00,63559.7,63589.2,63495.4,63576.4,2185.984
2026-08-04 10:00:00+00:00,63576.4,63818.7,63428.8,63743.3,5279.762
2026-08-04 11:00:00+00:00,63743.4,63926.0,63679.5,63900.2,4126.374
2026-08-04 12:00:00+00:00,63900.2,64034.3,63763.1,63875.1,4293.5
2026-08-04 13:00:00+00:00,63875.2,64080.0,63625.5,63663.7,10799.238
2026-08-04 14:00:00+00:00,63663.7,64177.0,63582.1,64100.0,11058.252
2026-08-04 15:00:00+00:00,64100.0,64200.0,63782.7,64088.4,8897.609
2026-08-04 16:00:00+00:00,64088.3,64104.0,63866.5,63928.9,3915.478
2026-08-04 17:00:00+00:00,63928.8,64159.4,63856.4,63936.1,4901.409
2026-08-04 18:00:00+00:00,63936.2,64370.0,63932.0,64270.7,7829.049
2026-08-04 19:00:00+00:00,64270.8,64388.0,64140.1,64197.3,4649.673
2026-08-04 20:00:00+00:00,64197.3,64397.6,63918.2,64316.3,8943.027
2026-08-04 21:00:00+00:00,64316.4,64316.4,64145.9,64166.8,2465.453
2026-08-04 22:00:00+00:00,64166.7,64267.2,64107.5,64238.0,1795.952
2026-08-04 23:00:00+00:00,64237.9,64512.9,64017.7,64075.5,7716.148
2026-08-05 00:00:00+00:00,64075.6,64163.8,63951.1,63970.9,4766.197
2026-08-05 01:00:00+00:00,63970.9,64321.3,63917.1,64306.3,4245.749
2026-08-05 02:00:00+00:00,64306.3,64480.0,64292.8,64340.3,9877.637
2026-08-05 03:00:00+00:00,64340.3,64416.9,64010.1,64145.6,7495.926
2026-08-05 04:00:00+00:00,64145.6,64193.0,64052.4,64141.5,2290.237
2026-08-05 05:00:00+00:00,64141.5,64500.0,64131.5,64307.7,5101.008
2026-08-05 06:00:00+00:00,64307.7,64345.8,64204.8,64226.0,1966.56
2026-08-05 07:00:00+00:00,64226.0,64247.8,63962.4,64141.0,6925.51
2026-08-05 08:00:00+00:00,64141.0,64257.1,64066.1,64096.3,4358.43
2026-08-05 09:00:00+00:00,64096.4,64181.6,64068.4,64127.5,1503.34
2026-08-05 10:00:00+00:00,64127.4,64217.0,63982.2,64033.0,3577.567
2026-08-05 11:00:00+00:00,64033.0,64116.0,64013.1,64044.6,2057.405
2026-08-05 12:00:00+00:00,64044.7,64575.2,64003.0,64295.4,14059.433
2026-08-05 13:00:00+00:00,64295.3,64387.0,63847.0,64387.0,15093.068
2026-08-05 14:00:00+00:00,64386.9,64548.6,64265.4,64443.3,11150.93
2026-08-05 15:00:00+00:00,64443.4,64728.5,64348.7,64353.6,11548.133
2026-08-05 16:00:00+00:00,64353.6,64740.5,64352.5,64631.9,6761.453
2026-08-05 17:00:00+00:00,64631.8,64780.0,64506.3,64733.6,4461.88
2026-08-05 18:00:00+00:00,64733.6,64810.0,64634.1,64762.8,5385.628
2026-08-05 19:00:00+00:00,64762.7,64898.0,64745.2,64805.7,4535.966
2026-08-05 20:00:00+00:00,64805.7,65022.0,64772.3,64804.2,9232.27
2026-08-05 21:00:00+00:00,64804.2,64804.3,64635.6,64710.1,3860.378
2026-08-05 22:00:00+00:00,64710.1,64766.2,64601.0,64607.0,2152.793
2026-08-05 23:00:00+00:00,64607.0,64721.2,64535.6,64633.9,2712.749
2026-08-06 00:00:00+00:00,64634.0,64696.0,64533.9,64614.8,2300.603
2026-08-06 01:00:00+00:00,64614.8,64634.9,64461.0,64560.0,2589.924
2026-08-06 02:00:00+00:00,64560.1,64627.6,64386.3,64550.6,4992.736
2026-08-06 03:00:00+00:00,64550.7,64551.3,64463.2,64496.2,1867.043
2026-08-06 04:00:00+00:00,64496.3,64702.9,64461.9,64695.9,2863.612
2026-08-06 05:00:00+00:00,64695.9,64971.7,64695.6,64879.5,5627.794
2026-08-06 06:00:00+00:00,64879.6,64879.6,64712.6,64830.5,2343.979
2026-08-06 07:00:00+00:00,64830.5,64944.3,64750.0,64789.4,3687.138
2026-08-06 08:00:00+00:00,64789.3,64971.0,64730.9,64913.9,3207.82
2026-08-06 09:00:00+00:00,64913.9,64917.5,64597.2,64649.1,5386.342
2026-08-06 10:00:00+00:00,64649.1,64656.0,64552.6,64589.2,2311.452
2026-08-06 11:00:00+00:00,64589.3,64629.0,64473.0,64590.1,3162.992
2026-08-06 12:00:00+00:00,64590.1,64614.3,64360.2,64392.4,4278.024
2026-08-06 13:00:00+00:00,64392.4,64501.0,64111.0,64404.8,13899.038
2026-08-06 14:00:00+00:00,64404.8,64825.0,64333.0,64748.2,10338.045
2026-08-06 15:00:00+00:00,64748.2,64962.0,64588.5,64604.2,9352.801
2026-08-06 16:00:00+00:00,64604.2,64745.5,64556.7,64723.2,3997.601
2026-08-06 17:00:00+00:00,64723.3,64807.4,64514.1,64583.1,2877.794
2026-08-06 18:00:00+00:00,64583.1,64589.6,64343.7,64388.8,3671.221
2026-08-06 19:00:00+00:00,64388.8,64445.6,64323.2,64412.8,2676.737
2026-08-06 20:00:00+00:00,64412.8,64510.7,64403.7,64403.7,2034.784
2026-08-06 21:00:00+00:00,64403.7,64490.2,64371.9,64411.8,1686.019
2026-08-06 22:00:00+00:00,64411.9,64419.3,64294.3,64317.8,1387.384
2026-08-06 23:00:00+00:00,64317.7,64333.1,64163.5,64300.0,2763.901
2026-08-07 00:00:00+00:00,64299.9,64387.3,64195.2,64291.9,2509.823
2026-08-07 01:00:00+00:00,64291.9,64450.0,64263.0,64394.8,2466.496
2026-08-07 02:00:00+00:00,64394.7,64524.8,64220.0,64369.5,4915.454
2026-08-07 03:00:00+00:00,64369.4,64380.5,64227.8,64264.0,2084.467
2026-08-07 04:00:00+00:00,64264.0,64340.2,64128.3,64225.8,3064.777
2026-08-07 05:00:00+00:00,64225.8,64370.1,64139.7,64310.6,2632.881
2026-08-07 06:00:00+00:00,64310.7,64441.0,64255.0,64280.1,2733.573
2026-08-07 07:00:00+00:00,64280.2,64405.0,64229.9,64288.9,3039.671
2026-08-07 08:00:00+00:00,64288.8,64646.6,64268.9,64576.4,4583.667
2026-08-07 09:00:00+00:00,64576.3,64939.4,64576.3,64809.0,9312.554
2026-08-07 10:00:00+00:00,64809.1,64888.7,64768.5,64867.3,3470.548
2026-08-07 11:00:00+00:00,64867.4,65187.9,64867.4,64996.1,9560.374
2026-08-07 12:00:00+00:00,64996.2,65358.0,64954.0,65259.1,17634.528
2026-08-07 13:00:00+00:00,65259.0,65305.6,64946.8,64984.8,10184.3
2026-08-07 14:00:00+00:00,64984.9,65250.0,64756.8,64927.3,14288.394
2026-08-07 15:00:00+00:00,64927.3,65117.7,64859.5,64885.4,4051.07
2026-08-07 16:00:00+00:00,64885.5,65050.0,64779.9,64779.9,4422.972
2026-08-07 17:00:00+00:00,64779.9,64805.1,64490.0,64740.3,10381.643
2026-08-07 18:00:00+00:00,64740.2,64857.9,64655.0,64712.1,3281.064
2026-08-07 19:00:00+00:00,64712.1,65000.0,64712.0,64932.9,3973.989
2026-08-07 20:00:00+00:00,64932.9,65015.3,64916.6,64942.1,1622.043
2026-08-07 21:00:00+00:00,64942.2,65078.7,64895.0,64895.3,2027.278
2026-08-07 22:00:00+00:00,64895.3,64919.6,64815.3,64857.3,1480.192
2026-08-07 23:00:00+00:00,64857.3,64885.8,64846.3,64885.4,666.622
2026-08-08 00:00:00+00:00,64885.5,64927.6,64784.3,64890.3,1273.139
2026-08-08 01:00:00+00:00,64890.3,64927.8,64871.6,64880.6,860.364
2026-08-08 02:00:00+00:00,64880.6,64931.8,64863.5,64889.5,932.115
2026-08-08 03:00:00+00:00,64889.5,65046.1,64884.0,65000.0,1510.176
2026-08-08 04:00:00+00:00,65000.0,65040.1,64934.9,64976.5,1306.273
2026-08-08 05:00:00+00:00,64976.5,65000.0,64942.6,64967.0,716.826
2026-08-08 06:00:00+00:00,64967.1,64991.0,64931.8,64978.2,886.154
2026-08-08 07:00:00+00:00,64978.3,64983.0,64919.5,64936.3,705.086
2026-08-08 08:00:00+00:00,64936.3,64988.2,64920.0,64963.2,748.373
2026-08-08 09:00:00+00:00,64963.1,65026.9,64960.0,64960.1,1002.81
2026-08-08 10:00:00+00:00,64960.0,64996.3,64960.0,64980.6,585.457
2026-08-08 11:00:00+00:00,64980.6,64995.6,64930.0,64938.5,674.148
2026-08-08 12:00:00+00:00,64938.4,65024.7,64890.8,64973.8,1443.805
2026-08-08 13:00:00+00:00,64973.8,64994.6,64967.2,64985.4,623.733
2026-08-08 14:00:00+00:00,64985.4,65163.0,64985.3,65100.0,3560.648
2026-08-08 15:00:00+00:00,65100.1,65123.8,65027.9,65049.3,1199.135
2026-08-08 16:00:00+00:00,65049.4,65088.0,65000.1,65056.1,1005.182
2026-08-08 17:00:00+00:00,65056.1,65123.1,65045.6,65086.2,1085.982
2026-08-08 18:00:00+00:00,65086.2,65094.1,65000.0,65015.3,1172.248
2026-08-08 19:00:00+00:00,65015.3,65089.2,64986.2,65045.5,1090.996
2026-08-08 20:00:00+00:00,65045.5,65059.1,65026.7,65046.9,874.204
2026-08-08 21:00:00+00:00,65046.9,65046.9,64957.3,64989.8,834.994
2026-08-08 22:00:00+00:00,64989.8,65012.8,64915.2,64915.2,1243.507
2026-08-08 23:00:00+00:00,64915.2,64954.1,64907.9,64928.5,1102.947
2026-08-09 00:00:00+00:00,64928.6,64957.7,64928.4,64952.9,781.704
2026-08-09 01:00:00+00:00,64952.9,64982.4,64818.0,64838.4,1842.755
2026-08-09 02:00:00+00:00,64838.4,64838.4,64752.0,64798.0,1681.963
2026-08-09 03:00:00+00:00,64798.0,64798.0,64700.0,64759.0,1637.031
2026-08-09 04:00:00+00:00,64758.9,64806.3,64758.9,64759.8,840.473
2026-08-09 05:00:00+00:00,64759.7,64777.9,64747.4,64777.9,750.522
2026-08-09 06:00:00+00:00,64777.8,64835.0,64776.9,64822.9,1267.843
2026-08-09 07:00:00+00:00,64822.9,64827.8,64791.9,64793.6,932.539
2026-08-09 08:00:00+00:00,64793.7,64911.1,64759.2,64792.5,2330.142
2026-08-09 09:00:00+00:00,64792.5,64850.9,64774.5,64850.9,909.039
2026-08-09 10:00:00+00:00,64850.9,64948.7,64850.8,64927.4,1516.361
2026-08-09 11:00:00+00:00,64927.5,64978.0,64921.7,64921.8,952.862
2026-08-09 12:00:00+00:00,64921.7,64928.5,64884.3,64928.5,828.295
2026-08-09 13:00:00+00:00,64928.4,65245.5,64928.4,65194.9,5738.746
2026-08-09 14:00:00+00:00,65195.0,65279.9,65118.4,65237.3,3169.124
2026-08-09 15:00:00+00:00,65237.3,65240.9,65177.0,65207.7,1907.952
2026-08-09 16:00:00+00:00,65207.8,65243.1,65147.2,65204.6,1854.06
2026-08-09 17:00:00+00:00,65204.6,65212.8,65165.9,65170.0,821.961
2026-08-09 18:00:00+00:00,65169.9,65200.0,65161.2,65167.1,801.241
2026-08-09 19:00:00+00:00,65167.1,65188.6,65147.6,65153.2,805.502
2026-08-09 20:00:00+00:00,65153.2,65161.4,65043.5,65114.1,1946.781
2026-08-09 21:00:00+00:00,65114.0,65229.9,65091.2,65165.0,1376.098
2026-08-09 22:00:00+00:00,65165.1,65482.7,64936.2,65046.3,8588.987
2026-08-09 23:00:00+00:00,65046.2,65080.3,64805.1,64867.8,4566.481
2026-08-10 00:00:00+00:00,64867.8,65300.0,64794.4,64945.3,6977.175
2026-08-10 01:00:00+00:00,64945.3,65373.6,64864.0,65172.9,4797.875
2026-08-10 02:00:00+00:00,65172.9,65193.3,64871.0,65077.7,4553.587
2026-08-10 03:00:00+00:00,65077.7,65150.0,64875.0,64946.4,3323.683
2026-08-10 04:00:00+00:00,64946.4,65076.4,64892.1,64980.6,1876.553
2026-08-10 05:00:00+00:00,64980.4,65142.1,64952.3,65117.1,1694.269
2026-08-10 06:00:00+00:00,65117.2,65313.2,65104.1,65273.2,3310.909
2026-08-10 07:00:00+00:00,65273.1,65348.4,65173.1,65183.0,3596.096
2026-08-10 08:00:00+00:00,65183.0,65306.9,65160.2,65220.6,1987.063
2026-08-10 09:00:00+00:00,65220.6,65220.7,64928.0,64941.1,4638.212
2026-08-10 10:00:00+00:00,64941.0,65053.3,64939.5,64988.7,2367.413
2026-08-10 11:00:00+00:00,64988.8,65108.4,64950.0,65097.6,1926.582
2026-08-10 12:00:00+00:00,65097.5,65221.2,64812.6,64838.3,6276.873
2026-08-10 13:00:00+00:00,64838.3,64942.5,64482.1,64533.7,12568.287
2026-08-10 14:00:00+00:00,64533.6,64856.7,64510.0,64594.5,8146.67
2026-08-10 15:00:00+00:00,64594.6,64691.2,64171.8,64268.8,16204.295
2026-08-10 16:00:00+00:00,64268.7,64330.0,63808.9,63888.6,17921.622
2026-08-10 17:00:00+00:00,63888.6,64009.0,63810.0,63932.7,6540.095
2026-08-10 18:00:00+00:00,63932.6,64005.4,63788.0,63866.4,7492.295
2026-08-10 19:00:00+00:00,63866.3,64072.8,63859.9,64017.2,3901.694
2026-08-10 20:00:00+00:00,64017.2,64189.3,63989.5,64129.6,3300.092
2026-08-10 21:00:00+00:00,64129.7,64129.7,63946.8,63949.0,2086.206
2026-08-10 22:00:00+00:00,63949.0,64027.4,63908.0,63987.5,1502.142
2026-08-10 23:00:00+00:00,63987.5,63992.1,63881.6,63939.3,1836.04
2026-08-11 00:00:00+00:00,63939.3,64032.6,63863.9,64006.1,3142.738
2026-08-11 01:00:00+00:00,64006.1,64048.2,63923.9,64026.6,2609.513
2026-08-11 02:00:00+00:00,64026.6,64054.0,63999.9,64012.9,1604.216
2026-08-11 03:00:00+00:00,64012.8,64148.0,64012.8,64110.7,2071.084
2026-08-11 04:00:00+00:00,64110.7,64124.2,63997.0,63997.0,1750.423
2026-08-11 05:00:00+00:00,63997.0,64023.4,63929.2,63965.0,2036.285
2026-08-11 06:00:00+00:00,63965.0,64021.8,63820.0,63940.0,2921.294
2026-08-11 07:00:00+00:00,63940.0,64077.0,63876.4,64031.7,2829.318
2026-08-11 08:00:00+00:00,64031.7,64124.8,64010.4,64109.8,2186.279
2026-08-11 09:00:00+00:00,64109.7,64281.0,64106.0,64281.0,3780.751
2026-08-11 10:00:00+00:00,64280.9,64290.1,64172.0,64205.3,3721.684
2026-08-11 11:00:00+00:00,64205.3,64380.0,64205.3,64358.3,3681.559
2026-08-11 12:00:00+00:00,64358.4,64470.0,64259.1,64303.2,6171.78
2026-08-11 13:00:00+00:00,64303.1,64345.9,64020.2,64174.4,7649.265
2026-08-11 14:00:00+00:00,64174.4,64240.0,63680.0,63747.0,10714.093
2026-08-11 15:00:00+00:00,63747.0,63845.7,63420.0,63585.3,13464.299
2026-08-11 16:00:00+00:00,63585.3,63637.5,63436.5,63488.5,5033.969
2026-08-11 17:00:00+00:00,63488.5,63615.5,63432.3,63580.1,3181.764
2026-08-11 18:00:00+00:00,63580.2,63609.1,63222.0,63352.5,10329.621
2026-08-11 19:00:00+00:00,63352.5,63513.9,63211.6,63508.5,4952.141
2026-08-11 20:00:00+00:00,63508.5,63732.7,63508.5,63720.8,6134.49
2026-08-11 21:00:00+00:00,63720.8,63757.5,63590.7,63641.5,2558.645
2026-08-11 22:00:00+00:00,63641.6,63746.4,63601.2,63641.6,1640.366
2026-08-11 23:00:00+00:00,63641.7,63641.7,63527.3,63572.0,1858.069
2026-08-12 00:00:00+00:00,63571.9,63722.4,63505.3,63717.2,2371.705
2026-08-12 01:00:00+00:00,63717.2,63828.7,63665.2,63796.0,2737.398
2026-08-12 02:00:00+00:00,63796.0,63886.0,63701.2,63722.6,3052.798
2026-08-12 03:00:00+00:00,63722.5,63819.2,63678.4,63800.1,1932.499
2026-08-12 04:00:00+00:00,63800.1,63863.6,63706.4,63747.2,2612.303
2026-08-12 05:00:00+00:00,63747.2,63846.3,63698.2,63811.4,1728.328
2026-08-12 06:00:00+00:00,63811.3,63811.3,63574.6,63688.0,4221.534
2026-08-12 07:00:00+00:00,63687.9,63812.5,63603.4,63804.8,2398.382
2026-08-12 08:00:00+00:00,63804.8,63844.0,63741.1,63769.9,2661.075
2026-08-12 09:00:00+00:00,63770.0,64077.0,63735.4,64077.0,6820.246
2026-08-12 10:00:00+00:00,64076.9,64191.8,64026.5,64111.4,5679.101
2026-08-12 11:00:00+00:00,64111.4,64222.2,64080.0,64207.3,3180.652
2026-08-12 12:00:00+00:00,64207.3,64450.0,63939.1,64090.0,18249.748
2026-08-12 13:00:00+00:00,64089.9,64131.4,63799.0,63805.9,9560.772
2026-08-12 14:00:00+00:00,63806.0,63911.9,63334.4,63344.4,15269.702
2026-08-12 15:00:00+00:00,63344.3,63551.9,63291.1,63421.4,8496.489
2026-08-12 16:00:00+00:00,63421.3,63557.5,63338.9,63462.3,4639.985
2026-08-12 17:00:00+00:00,63462.3,63528.2,63388.8,63450.1,2173.354
2026-08-12 18:00:00+00:00,63450.0,63507.0,63350.0,63360.0,2249.864
2026-08-12 19:00:00+00:00,63360.0,63441.0,63283.0,63394.9,4255.02
2026-08-12 20:00:00+00:00,63394.8,63573.5,63392.5,63573.5,2578.409
2026-08-12 21:00:00+00:00,63573.5,63629.8,63389.9,63441.4,2882.359
2026-08-12 22:00:00+00:00,63441.4,63508.0,63337.5,63405.9,2193.769
2026-08-12 23:00:00+00:00,63405.8,63466.0,63350.0,63454.7,2487.321
2026-08-13 00:00:00+00:00,63454.6,63694.9,63437.0,63530.1,3940.765
2026-08-13 01:00:00+00:00,63530.0,63611.4,63355.1,63428.8,2951.738
2026-08-13 02:00:00+00:00,63428.9,63553.7,63343.8,63522.4,2239.393
2026-08-13 03:00:00+00:00,63522.4,63670.1,63474.0,63623.5,4781.724
2026-08-13 04:00:00+00:00,63623.5,63763.6,63564.9,63672.9,2602.124
2026-08-13 05:00:00+00:00,63672.9,63990.7,63647.6,63844.4,7918.487
2026-08-13 06:00:00+00:00,63844.4,63914.6,63725.2,63914.5,3534.784
2026-08-13 07:00:00+00:00,63914.5,63916.6,63824.2,63833.0,1773.196
2026-08-13 08:00:00+00:00,63833.0,63881.3,63710.6,63743.8,2831.573
2026-08-13 09:00:00+00:00,63743.7,63768.0,63559.9,63757.0,3594.305
2026-08-13 10:00:00+00:00,63757.1,63800.0,63536.0,63628.9,4839.388
2026-08-13 11:00:00+00:00,63628.8,63637.8,63318.1,63458.5,6057.359
2026-08-13 12:00:00+00:00,63458.6,63697.7,63414.4,63669.2,5311.097
2026-08-13 13:00:00+00:00,63669.2,63828.0,63534.0,63699.9,7463.579
2026-08-13 14:00:00+00:00,63700.0,63980.6,63655.0,63835.6,6906.181
2026-08-13 15:00:00+00:00,63835.7,63920.0,63385.0,63385.0,7615.275
2026-08-13 16:00:00+00:00,63385.0,63544.0,62800.0,63139.0,24202.169
2026-08-13 17:00:00+00:00,63138.9,63276.4,63047.6,63121.4,5843.432
2026-08-13 18:00:00+00:00,63121.5,63348.0,63088.0,63284.7,3314.35
2026-08-13 19:00:00+00:00,63284.7,63488.0,63284.7,63387.4,4508.057
2026-08-13 20:00:00+00:00,63387.3,63447.0,63343.4,63385.6,1859.547
2026-08-13 21:00:00+00:00,63385.6,63477.4,63360.9,63444.7,2046.483
2026-08-13 22:00:00+00:00,63444.7,63613.6,63444.6,63497.7,4047.845
2026-08-13 23:00:00+00:00,63497.6,63512.8,63366.6,63456.7,2483.241
2026-08-14 00:00:00+00:00,63456.7,63534.0,63378.1,63517.6,2223.859
2026-08-14 01:00:00+00:00,63517.6,63567.8,63428.9,63545.5,2084.168
2026-08-14 02:00:00+00:00,63545.4,63595.1,63437.1,63437.1,1913.641
2026-08-14 03:00:00+00:00,63437.1,63556.1,63277.1,63288.1,3097.959
2026-08-14 04:00:00+00:00,63288.0,63449.6,63243.2,63349.9,1867.377
2026-08-14 05:00:00+00:00,63350.0,63375.6,63256.7,63357.8,1736.005
2026-08-14 06:00:00+00:00,63357.8,63357.8,62900.2,62944.6,7665.619
2026-08-14 07:00:00+00:00,62944.6,63079.1,62888.0,62888.1,5972.257
2026-08-14 08:00:00+00:00,62888.0,62974.4,62658.8,62904.9,11490.409
2026-08-14 09:00:00+00:00,62904.9,62904.9,62709.3,62763.9,3840.164
2026-08-14 10:00:00+00:00,62763.9,62912.4,62712.0,62787.7,3235.522
2026-08-14 11:00:00+00:00,62787.7,62906.2,62779.3,62837.4,2994.434
2026-08-14 12:00:00+00:00,62837.5,62885.3,62688.1,62706.0,4305.086
2026-08-14 13:00:00+00:00,62706.1,62794.8,62555.5,62639.6,11535.398
2026-08-14 14:00:00+00:00,62639.8,62774.9,62484.2,62581.0,9306.042
2026-08-14 15:00:00+00:00,62581.0,63061.7,62576.5,62956.0,9143.66
2026-08-14 16:00:00+00:00,62956.0,63194.4,62933.7,63105.8,5866.763
2026-08-14 17:00:00+00:00,63105.9,63215.3,62965.0,62988.4,4557.206
2026-08-14 18:00:00+00:00,62988.4,63050.0,62857.9,62900.0,3336.892
2026-08-14 19:00:00+00:00,62899.9,62968.0,62781.4,62936.3,3002.679
2026-08-14 20:00:00+00:00,62936.4,62995.1,62864.6,62878.5,1728.939
2026-08-14 21:00:00+00:00,62878.5,62912.2,62846.7,62897.6,930.979
2026-08-14 22:00:00+00:00,62897.7,62936.7,62770.9,62856.8,1597.601
2026-08-14 23:00:00+00:00,62856.9,63040.3,62838.4,63015.0,1915.098
2026-08-15 00:00:00+00:00,63014.9,63039.0,62964.4,62991.7,1097.535
2026-08-15 01:00:00+00:00,62991.7,63015.0,62966.7,63010.7,879.952
2026-08-15 02:00:00+00:00,63010.8,63114.0,63007.5,63113.6,1520.347
2026-08-15 03:00:00+00:00,63113.6,63170.0,63014.0,63030.3,1666.448
2026-08-15 04:00:00+00:00,63030.3,63127.5,63030.3,63092.5,885.606
2026-08-15 05:00:00+00:00,63092.5,63127.5,63013.4,63055.4,1159.429
2026-08-15 06:00:00+00:00,63055.5,63108.3,63003.8,63087.3,978.661
2026-08-15 07:00:00+00:00,63087.2,63104.3,63011.0,63049.8,1537.473
2026-08-15 08:00:00+00:00,63049.9,63058.4,62902.0,62908.5,1687.577
2026-08-15 09:00:00+00:00,62908.6,63019.9,62890.2,62999.1,1725.527
2026-08-15 10:00:00+00:00,62999.2,63025.4,62971.9,63015.6,672.563
2026-08-15 11:00:00+00:00,63015.7,63031.4,62967.9,62993.1,763.325
2026-08-15 12:00:00+00:00,62993.0,63030.4,62920.9,63028.8,1276.574
2026-08-15 13:00:00+00:00,63028.8,63058.2,62992.2,63031.3,1175.084
2026-08-15 14:00:00+00:00,63031.2,63031.3,62961.9,63011.7,797.52
2026-08-15 15:00:00+00:00,63011.7,63096.7,62997.9,63068.0,1055.6
2026-08-15 16:00:00+00:00,63068.1,63097.3,63032.7,63066.3,999.172
2026-08-15 17:00:00+00:00,63066.3,63077.8,63032.1,63043.5,544.085
2026-08-15 18:00:00+00:00,63043.4,63083.0,63011.6,63026.3,1116.068
2026-08-15 19:00:00+00:00,63026.3,63093.6,63026.2,63093.6,898.285
2026-08-15 20:00:00+00:00,63093.6,63093.6,63040.1,63077.1,479.901
2026-08-15 21:00:00+00:00,63077.0,63138.7,63068.9,63123.7,790.999
2026-08-15 22:00:00+00:00,63123.8,63141.6,63096.6,63100.7,678.759
2026-08-15 23:00:00+00:00,63100.7,63110.3,63049.9,63053.9,744.695
2026-08-16 00:00:00+00:00,63053.9,63057.4,63032.9,63051.1,735.332
2026-08-16 01:00:00+00:00,63051.0,63052.4,62975.9,63051.3,1037.097
2026-08-16 02:00:00+00:00,63051.3,63132.2,62988.9,63092.3,1563.573
2026-08-16 03:00:00+00:00,63092.4,63103.1,63080.0,63096.6,580.017
2026-08-16 04:00:00+00:00,63096.5,63122.7,63056.6,63056.7,479.96
2026-08-16 05:00:00+00:00,63056.6,63068.4,63007.1,63027.7,728.793
2026-08-16 06:00:00+00:00,63027.7,63056.1,63009.2,63036.5,686.311
2026-08-16 07:00:00+00:00,63036.5,63036.6,63024.0,63034.3,495.858
2026-08-16 08:00:00+00:00,63034.4,63045.1,63030.1,63039.5,540.295
2026-08-16 09:00:00+00:00,63039.6,63039.6,62936.0,62957.0,1313.992
2026-08-16 10:00:00+00:00,62957.0,62982.1,62928.5,62979.2,1023.286
2026-08-16 11:00:00+00:00,62979.2,62981.1,62945.9,62981.1,807.194
2026-08-16 12:00:00+00:00,62981.1,63000.0,62959.1,62986.4,845.037
2026-08-16 13:00:00+00:00,62986.4,63040.9,62986.3,63036.1,911.138
2026-08-16 14:00:00+00:00,63036.1,63078.6,63031.9,63078.5,1127.53
2026-08-16 15:00:00+00:00,63078.6,63113.8,63077.7,63113.8,1150.483
2026-08-16 16:00:00+00:00,63113.8,63370.0,63108.4,63232.7,7768.378
2026-08-16 17:00:00+00:00,63232.7,63247.2,63087.3,63130.7,1823.456
2026-08-16 18:00:00+00:00,63130.6,63148.0,63092.0,63111.3,1231.306
2026-08-16 19:00:00+00:00,63111.4,63201.7,63063.6,63082.2,1559.083
2026-08-16 20:00:00+00:00,63082.3,63117.1,62988.3,63041.0,1583.882
2026-08-16 21:00:00+00:00,63041.0,63067.3,62700.1,62900.0,4510.582
2026-08-16 22:00:00+00:00,62900.1,62930.0,62681.1,62885.0,4833.639
2026-08-16 23:00:00+00:00,62885.0,62967.0,62803.7,62876.0,2591.853
2026-08-17 00:00:00+00:00,62876.0,62936.6,62723.9,62887.3,3253.191
2026-08-17 01:00:00+00:00,62887.3,63230.0,62867.2,63084.0,6012.772
2026-08-17 02:00:00+00:00,63084.1,63482.0,63008.2,63382.7,7690.808
2026-08-17 03:00:00+00:00,63382.8,63498.0,63314.7,63409.8,4196.522
2026-08-17 04:00:00+00:00,63409.7,63564.3,63409.7,63512.3,4683.954
2026-08-17 05:00:00+00:00,63512.3,63572.6,63414.4,63488.0,3204.194
2026-08-17 06:00:00+00:00,63488.1,63693.2,63447.8,63633.1,4945.539
2026-08-17 07:00:00+00:00,63633.2,63636.3,63492.5,63493.5,2846.054
2026-08-17 08:00:00+00:00,63493.5,63524.9,63320.2,63350.1,4969.626
2026-08-17 09:00:00+00:00,63350.1,63405.7,63255.0,63290.1,2845.361
2026-08-17 10:00:00+00:00,63290.1,63671.2,63265.3,63661.9,6339.423
2026-08-17 11:00:00+00:00,63661.8,63753.0,63554.0,63600.0,5103.033
2026-08-17 12:00:00+00:00,63600.0,63655.7,63502.4,63526.6,7564.124
2026-08-17 13:00:00+00:00,63526.6,63776.0,63412.5,63647.0,8333.86
2026-08-17 14:00:00+00:00,63646.9,63880.0,63561.3,63871.7,6867.205
2026-08-17 15:00:00+00:00,63871.8,64199.9,63779.3,64169.9,14978.133
2026-08-17 16:00:00+00:00,64169.8,64185.6,64022.3,64082.1,5899.198
2026-08-17 17:00:00+00:00,64082.2,64388.0,63944.3,64293.1,12850.189
2026-08-17 18:00:00+00:00,64293.2,64600.8,64243.7,64402.7,11398.121
2026-08-17 19:00:00+00:00,64402.8,64402.8,64258.3,64280.4,3547.645
2026-08-17 20:00:00+00:00,64280.4,64414.3,64231.3,64360.7,2390.86
2026-08-17 21:00:00+00:00,64360.7,64405.5,64269.8,64350.3,1665.376
2026-08-17 22:00:00+00:00,64350.2,64390.0,64247.8,64267.7,2352.839
2026-08-17 23:00:00+00:00,64267.6,64555.4,64261.1,64504.1,4311.304
2026-08-18 00:00:00+00:00,64504.1,64541.6,64330.0,64357.4,3099.834
2026-08-18 01:00:00+00:00,64357.4,64361.0,64116.7,64174.9,4414.977
2026-08-18 02:00:00+00:00,64174.9,64246.0,64000.0,64074.0,5255.036
2026-08-18 03:00:00+00:00,64074.0,64156.7,64005.5,64147.4,3385.553
2026-08-18 04:00:00+00:00,64147.5,64215.6,64055.0,64184.5,2972.239
2026-08-18 05:00:00+00:00,64184.5,64245.6,64107.0,64202.7,3291.425
2026-08-18 06:00:00+00:00,64202.7,64425.0,64130.0,64297.9,3536.995
2026-08-18 07:00:00+00:00,64297.9,64329.8,64135.9,64170.9,2998.706
2026-08-18 08:00:00+00:00,64170.8,64310.0,64056.4,64264.5,3399.073
2026-08-18 09:00:00+00:00,64264.4,64264.4,64106.6,64140.5,1610.937
2026-08-18 10:00:00+00:00,64140.5,64194.6,64100.1,64171.7,1434.3
2026-08-18 11:00:00+00:00,64171.6,64380.0,64161.4,64326.0,3568.211
2026-08-18 12:00:00+00:00,64326.1,64328.2,64170.2,64194.5,2094.554
2026-08-18 13:00:00+00:00,64194.6,64262.5,63979.2,64187.5,8177.518
2026-08-18 14:00:00+00:00,64187.6,65057.9,64187.5,64683.6,24838.684
2026-08-18 15:00:00+00:00,64683.5,64861.0,64615.0,64823.9,5715.988
2026-08-18 16:00:00+00:00,64823.9,64861.7,64642.5,64804.7,4138.217
2026-08-18 17:00:00+00:00,64804.7,64804.8,64634.3,64634.3,2884.983
2026-08-18 18:00:00+00:00,64634.4,64793.8,64621.9,64744.7,1964.354
2026-08-18 19:00:00+00:00,64744.7,64773.5,64611.3,64619.7,1956.137
2026-08-18 20:00:00+00:00,64619.8,64631.0,64528.9,64547.5,2114.031
2026-08-18 21:00:00+00:00,64547.4,64628.2,64532.7,64576.0,1341.005
2026-08-18 22:00:00+00:00,64576.0,64621.8,64528.4,64607.0,1474.724
2026-08-18 23:00:00+00:00,64607.0,64755.5,64598.7,64694.0,1846.407
2026-08-19 00:00:00+00:00,64694.1,64705.7,64451.1,64459.4,3008.166
2026-08-19 01:00:00+00:00,64459.3,64523.2,64354.1,64371.6,3713.2
2026-08-19 02:00:00+00:00,64371.6,64389.1,64315.0,64322.1,2628.6
2026-08-19 03:00:00+00:00,64322.1,64390.4,64252.0,64296.3,2896.92
2026-08-19 04:00:00+00:00,64296.3,64367.8,64262.3,64285.4,2133.047
2026-08-19 05:00:00+00:00,64285.4,64382.2,64204.6,64209.1,2318.548
2026-08-19 06:00:00+00:00,64209.2,64321.3,64131.3,64315.1,4535.412
2026-08-19 07:00:00+00:00,64315.1,64377.5,64244.0,64266.1,3345.037
2026-08-19 08:00:00+00:00,64266.0,64482.5,64219.6,64385.0,3886.868
2026-08-19 09:00:00+00:00,64385.1,64446.4,64323.2,64395.3,1865.222
2026-08-19 10:00:00+00:00,64395.4,64431.0,64333.4,64423.9,2397.835
2026-08-19 11:00:00+00:00,64423.9,64509.7,64417.3,64479.0,2920.218
2026-08-19 12:00:00+00:00,64479.1,64961.9,64440.0,64857.3,14924.672
2026-08-19 13:00:00+00:00,64857.3,65190.0,64757.6,64984.1,22886.726
2026-08-19 14:00:00+00:00,64984.1,65950.0,64984.1,65895.6,32824.906
2026-08-19 15:00:00+00:00,65895.5,70450.0,65863.2,68523.7,103351.85
2026-08-19 16:00:00+00:00,68523.7,68998.0,68373.0,68430.7,22434.14
2026-08-19 17:00:00+00:00,68430.7,68512.3,67803.6,68170.6,18732.512
2026-08-19 18:00:00+00:00,68170.5,68430.1,68010.2,68360.7,6368.812
2026-08-19 19:00:00+00:00,68360.8,68460.4,68070.4,68404.1,7452.061
2026-08-19 20:00:00+00:00,68404.1,69591.0,68356.9,69016.1,17877.437
2026-08-19 21:00:00+00:00,69016.0,70048.2,68946.7,69685.1,27698.633
2026-08-19 22:00:00+00:00,69685.1,69813.3,68950.3,69227.1,10500.854
2026-08-19 23:00:00+00:00,69227.1,69439.6,69130.4,69310.0,5794.806
2026-08-20 00:00:00+00:00,69310.1,69765.5,69286.7,69389.1,7999.323
2026-08-20 01:00:00+00:00,69389.2,69867.9,69245.9,69691.4,7170.612
2026-08-20 02:00:00+00:00,69691.5,69800.0,69247.5,69284.6,7638.714
2026-08-20 03:00:00+00:00,69284.6,69342.5,68882.1,69183.5,8407.26
2026-08-20 04:00:00+00:00,69183.5,69622.0,69155.0,69480.1,5135.099
2026-08-20 05:00:00+00:00,69480.0,69657.7,69350.0,69408.3,6039.33
2026-08-20 06:00:00+00:00,69408.4,69921.9,69330.3,69838.8,7770.864
2026-08-20 07:00:00+00:00,69838.8,69999.0,69482.0,69815.9,8339.512
2026-08-20 08:00:00+00:00,69815.9,71799.6,69771.8,71560.6,48626.779
2026-08-20 09:00:00+00:00,71560.5,72081.7,71449.3,71781.2,23225.419
2026-08-20 10:00:00+00:00,71781.2,72487.5,71690.0,71978.2,18551.815
2026-08-20 11:00:00+00:00,71978.1,72300.1,71783.5,71896.2,10448.47
2026-08-20 12:00:00+00:00,71896.2,71990.8,71435.6,71930.1,15605.441
2026-08-20 13:00:00+00:00,71930.1,72099.0,71100.0,71663.7,19006.555
2026-08-20 14:00:00+00:00,71663.7,71967.7,71309.4,71792.9,10563.446
2026-08-20 15:00:00+00:00,71793.0,72849.9,71760.1,72429.0,26731.833
2026-08-20 16:00:00+00:00,72429.1,72887.9,72159.8,72805.9,9519.638
2026-08-20 17:00:00+00:00,72806.0,72945.3,72482.9,72694.6,8640.844
2026-08-20 18:00:00+00:00,72694.5,72780.0,72352.3,72398.4,8631.45
2026-08-20 19:00:00+00:00,72398.4,72748.1,72280.1,72649.7,4779.779
2026-08-20 20:00:00+00:00,72649.8,73106.9,72554.0,72638.5,6624.961
2026-08-20 21:00:00+00:00,72638.5,72819.2,72514.8,72706.9,3058.172
2026-08-20 22:00:00+00:00,72706.9,72854.3,72458.7,72648.5,4415.149
2026-08-20 23:00:00+00:00,72648.4,73399.7,72625.0,72998.7,12531.358
2026-08-21 00:00:00+00:00,72998.8,73985.8,72992.4,73682.1,17552.213
2026-08-21 01:00:00+00:00,73682.1,75767.5,73635.1,75103.3,39782.588
2026-08-21 02:00:00+00:00,75103.3,75175.0,74347.0,74410.6,15829.449
2026-08-21 03:00:00+00:00,74410.7,74847.3,74214.4,74482.9,10254.851
2026-08-21 04:00:00+00:00,74482.9,75000.0,74482.8,74990.3,7186.851
2026-08-21 05:00:00+00:00,74990.4,75472.0,74871.6,75433.0,12799.658
2026-08-21 06:00:00+00:00,75433.1,75720.8,75066.0,75613.3,11726.347
2026-08-21 07:00:00+00:00,75613.3,76900.0,75577.0,76310.4,39329.551
2026-08-21 08:00:00+00:00,76310.3,79555.5,76253.2,79269.0,61417.857
2026-08-21 09:00:00+00:00,79268.9,79372.8,77255.0,77900.6,53147.863
2026-08-21 10:00:00+00:00,77900.5,78243.5,77600.9,77803.3,11866.675
2026-08-21 11:00:00+00:00,77803.2,77858.0,76393.1,76749.0,27863.595
2026-08-21 12:00:00+00:00,76748.9,77487.2,76537.8,77228.1,16233.661
2026-08-21 13:00:00+00:00,77228.1,77721.9,76237.0,77244.3,24468.433
2026-08-21 14:00:00+00:00,77244.4,77450.0,76538.9,77387.7,17198.886
2026-08-21 15:00:00+00:00,77387.7,77871.6,77157.3,77219.8,11451.783
2026-08-21 16:00:00+00:00,77219.8,77549.0,76757.0,77462.3,9741.837
2026-08-21 17:00:00+00:00,77462.3,77711.1,77162.8,77381.8,8982.59
2026-08-21 18:00:00+00:00,77381.7,77543.8,76576.4,77115.4,11024.729
2026-08-21 19:00:00+00:00,77115.4,77328.6,76817.6,76995.4,5309.034
2026-08-21 20:00:00+00:00,76995.4,77517.4,76815.6,77480.0,5624.118
2026-08-21 21:00:00+00:00,77480.0,78666.0,77345.9,78491.5,14202.248
2026-08-21 22:00:00+00:00,78491.4,78748.8,78061.6,78436.8,10842.943
2026-08-21 23:00:00+00:00,78436.8,78705.8,78093.3,78309.1,6424.312
2026-08-22 00:00:00+00:00,78309.1,78486.6,77649.7,77921.6,8031.792
2026-08-22 01:00:00+00:00,77921.6,78223.1,77780.9,77807.7,4596.191
2026-08-22 02:00:00+00:00,77807.6,78549.9,77763.0,78467.9,5863.939
2026-08-22 03:00:00+00:00,78467.9,78831.8,78344.3,78395.0,6088.611
2026-08-22 04:00:00+00:00,78395.0,78815.2,78183.1,78453.3,5979.954
2026-08-22 05:00:00+00:00,78453.2,78589.9,76510.0,77371.6,27422.098
2026-08-22 06:00:00+00:00,77371.5,77564.1,76963.5,77476.6,6868.833
2026-08-22 07:00:00+00:00,77476.6,77675.0,77201.4,77286.7,5117.109
2026-08-22 08:00:00+00:00,77286.7,77430.0,77012.9,77193.5,5677.897
2026-08-22 09:00:00+00:00,77193.5,77385.0,76816.4,77047.5,5740.672
2026-08-22 10:00:00+00:00,77047.6,77194.8,76512.9,76975.7,9733.902
2026-08-22 11:00:00+00:00,76975.7,77224.9,76815.6,77137.9,4987.271
2026-08-22 12:00:00+00:00,77137.9,77390.0,77081.7,77295.6,3765.51
2026-08-22 13:00:00+00:00,77295.6,77381.1,77104.7,77290.6,2485.317
2026-08-22 14:00:00+00:00,77290.6,77322.0,76936.1,77018.6,3658.325
2026-08-22 15:00:00+00:00,77018.6,77118.3,76888.0,76995.6,2501.087
2026-08-22 16:00:00+00:00,76995.6,77590.6,76969.4,77299.0,4869.702
2026-08-22 17:00:00+00:00,77299.0,77394.9,77081.1,77289.2,2564.264
2026-08-22 18:00:00+00:00,77289.1,77370.9,77139.8,77276.5,1373.264
2026-08-22 19:00:00+00:00,77276.5,77484.3,77209.4,77422.4,1548.91
2026-08-22 20:00:00+00:00,77422.3,77498.0,77267.6,77330.3,1609.542
2026-08-22 21:00:00+00:00,77330.3,77330.3,76818.1,76862.8,3459.906
2026-08-22 22:00:00+00:00,76862.8,77173.0,76772.0,77000.8,3675.984
2026-08-22 23:00:00+00:00,77000.9,77146.1,76905.3,77084.5,1317.364
2026-08-23 00:00:00+00:00,77084.5,77377.4,77058.9,77308.0,2238.181
2026-08-23 01:00:00+00:00,77308.1,77423.8,77169.5,77202.1,2706.332
2026-08-23 02:00:00+00:00,77202.1,77227.6,77015.8,77080.6,2226.928
2026-08-23 03:00:00+00:00,77080.6,77158.3,76842.1,76941.1,3375.125
2026-08-23 04:00:00+00:00,76941.2,77046.8,76425.4,76610.7,8498.955
2026-08-23 05:00:00+00:00,76610.7,76747.7,75588.0,76064.9,22939.296
2026-08-23 06:00:00+00:00,76065.0,76380.2,75870.0,76110.3,6569.908
2026-08-23 07:00:00+00:00,76110.3,76368.8,75900.0,76020.3,4194.267
2026-08-23 08:00:00+00:00,76020.2,76694.3,75966.7,76486.5,7368.871
2026-08-23 09:00:00+00:00,76486.5,76656.6,76470.0,76540.2,2722.155
2026-08-23 10:00:00+00:00,76540.3,76940.1,76535.5,76784.4,5920.259
2026-08-23 11:00:00+00:00,76784.4,77400.0,76738.0,77296.0,8697.874
2026-08-23 12:00:00+00:00,77296.1,77300.0,77003.8,77202.9,3448.487
2026-08-23 13:00:00+00:00,77203.0,77771.6,77189.8,77471.8,8393.742
2026-08-23 14:00:00+00:00,77471.7,77636.3,76762.1,77174.1,10800.613
2026-08-23 15:00:00+00:00,77174.2,77317.0,76900.0,77124.0,4205.655
2026-08-23 16:00:00+00:00,77124.0,77450.0,77124.0,77389.0,2455.419
2026-08-23 17:00:00+00:00,77389.0,77420.0,77115.8,77158.3,2367.621
2026-08-23 18:00:00+00:00,77158.2,77381.5,77075.1,77317.6,2673.438
2026-08-23 19:00:00+00:00,77317.7,77467.8,77217.2,77305.1,1574.19
2026-08-23 20:00:00+00:00,77305.0,77438.5,77167.3,77376.7,1246.297
2026-08-23 21:00:00+00:00,77376.7,78057.6,77376.7,77808.8,8328.816
2026-08-23 22:00:00+00:00,77808.7,77960.6,77535.3,77578.4,3657.937
2026-08-23 23:00:00+00:00,77578.4,77803.0,77252.5,77719.1,4470.968
2026-08-24 00:00:00+00:00,77719.0,77728.4,77104.8,77674.1,5661.933
2026-08-24 01:00:00+00:00,77674.1,77715.9,76888.0,76892.9,6701.374
2026-08-24 02:00:00+00:00,76892.9,77542.2,76857.1,77461.7,6580.441
2026-08-24 03:00:00+00:00,77461.6,77516.7,76916.1,76925.2,4688.387
2026-08-24 04:00:00+00:00,76925.2,77249.0,76649.0,76889.9,6070.6
2026-08-24 05:00:00+00:00,76889.9,77230.2,76829.3,77139.3,4986.745
2026-08-24 06:00:00+00:00,77139.3,77520.0,77053.5,77455.5,5253.388
2026-08-24 07:00:00+00:00,77455.5,77789.7,77272.7,77301.8,5516.272
2026-08-24 08:00:00+00:00,77301.8,77402.0,76802.9,77032.9,7386.267
2026-08-24 09:00:00+00:00,77032.9,77598.1,77012.7,77546.2,5668.213
2026-08-24 10:00:00+00:00,77546.3,78016.6,77525.5,77614.3,10775.098
2026-08-24 11:00:00+00:00,77614.3,78594.2,77434.8,78429.4,17419.924
2026-08-24 12:00:00+00:00,78429.4,79324.2,77950.0,79146.4,17591.131
2026-08-24 13:00:00+00:00,79146.3,79440.8,77800.0,78565.2,25905.71
2026-08-24 14:00:00+00:00,78565.3,79810.8,78556.8,79481.1,29141.641
2026-08-24 15:00:00+00:00,79481.1,79974.8,78777.8,79069.3,22539.614
2026-08-24 16:00:00+00:00,79069.3,79839.8,78839.0,79021.9,13799.995
2026-08-24 17:00:00+00:00,79022.0,79161.0,78410.0,78726.3,14827.665
2026-08-24 18:00:00+00:00,78726.3,79053.0,78680.0,78902.1,5396.806
2026-08-24 19:00:00+00:00,78902.0,79089.1,78520.6,78715.1,6510.704
2026-08-24 20:00:00+00:00,78715.1,78961.4,78520.3,78905.7,3505.798
2026-08-24 21:00:00+00:00,78906.2,79012.6,78810.7,78944.3,2196.917
2026-08-24 22:00:00+00:00,78944.2,78958.4,78619.2,78703.8,2042.422
2026-08-24 23:00:00+00:00,78703.9,78971.0,78579.7,78953.0,2335.305
2026-08-25 00:00:00+00:00,78952.9,79859.3,78675.7,79703.1,10347.752
2026-08-25 01:00:00+00:00,79703.1,79958.0,79439.3,79806.1,9324.995
2026-08-25 02:00:00+00:00,79806.1,81270.5,79710.0,80630.4,31306.468
2026-08-25 03:00:00+00:00,80630.4,80932.0,80286.0,80457.6,9794.53
2026-08-25 04:00:00+00:00,80457.6,80588.6,80128.0,80348.9,6846.184
2026-08-25 05:00:00+00:00,80348.8,80800.0,80301.9,80709.7,7939.657
2026-08-25 06:00:00+00:00,80709.7,80912.0,80383.4,80549.0,6582.725
2026-08-25 07:00:00+00:00,80548.9,80789.0,79288.5,79661.5,16749.651
2026-08-25 08:00:00+00:00,79661.6,80235.4,79580.0,79899.0,9362.423
2026-08-25 09:00:00+00:00,79899.0,79930.0,78827.3,79160.9,13016.027
2026-08-25 10:00:00+00:00,79161.0,79452.7,78958.0,79275.8,5991.104
2026-08-25 11:00:00+00:00,79275.8,79460.8,79003.5,79097.0,5564.278
2026-08-25 12:00:00+00:00,79097.0,79153.4,78600.0,78949.9,11355.014
2026-08-25 13:00:00+00:00,78950.0,79194.9,78100.1,78627.3,21011.479
2026-08-25 14:00:00+00:00,78627.7,79359.2,78505.7,79211.4,15181.216
2026-08-25 15:00:00+00:00,79211.4,79499.9,78978.1,79463.1,7001.7
2026-08-25 16:00:00+00:00,79463.1,79539.9,79035.4,79121.5,5858.534
2026-08-25 17:00:00+00:00,79121.5,79230.2,78709.7,79203.3,6520.317
2026-08-25 18:00:00+00:00,79203.3,79368.4,79009.7,79090.8,3911.32
2026-08-25 19:00:00+00:00,79090.8,79200.0,78677.2,78890.7,4810.358
2026-08-25 20:00:00+00:00,78890.6,78945.5,78130.1,78168.8,9980.999
2026-08-25 21:00:00+00:00,78168.8,78635.2,77808.1,78535.8,10777.824
2026-08-25 22:00:00+00:00,78535.9,78980.0,78535.9,78850.1,5561.368
2026-08-25 23:00:00+00:00,78850.0,78948.8,78351.0,78505.4,4905.637
2026-08-26 00:00:00+00:00,78505.5,78683.1,78252.8,78592.8,5070.068
2026-08-26 01:00:00+00:00,78592.7,78927.0,78562.0,78780.9,3819.541
2026-08-26 02:00:00+00:00,78780.9,79200.0,78698.6,79070.1,5305.223
2026-08-26 03:00:00+00:00,79070.1,79150.3,78852.1,79049.0,2693.766
2026-08-26 04:00:00+00:00,79049.0,79149.2,78750.0,78792.1,3960.407
2026-08-26 05:00:00+00:00,78792.1,79105.0,78600.0,79052.5,4558.377
2026-08-26 06:00:00+00:00,79052.6,79180.2,78774.4,78908.9,3841.474
2026-08-26 07:00:00+00:00,78908.9,79065.1,78824.4,78887.0,2592.854
2026-08-26 08:00:00+00:00,78887.1,79087.9,78570.3,78677.0,4504.331
2026-08-26 09:00:00+00:00,78677.0,78850.0,78208.0,78415.5,7389.886
2026-08-26 10:00:00+00:00,78415.2,78858.1,78260.6,78688.5,5038.83
2026-08-26 11:00:00+00:00,78688.5,78750.0,78274.1,78442.6,4111.088
2026-08-26 12:00:00+00:00,78442.6,78679.2,77906.4,78280.5,9713.42
2026-08-26 13:00:00+00:00,78280.4,78518.7,77850.0,78407.0,13435.043
2026-08-26 14:00:00+00:00,78406.9,78560.0,77722.5,77764.4,11151.8
2026-08-26 15:00:00+00:00,77764.5,78142.0,77600.0,77980.7,9580.367
2026-08-26 16:00:00+00:00,77980.7,78138.0,77812.6,77961.2,4543.755
2026-08-26 17:00:00+00:00,77961.2,78583.7,77961.2,78404.0,8647.737
2026-08-26 18:00:00+00:00,78404.0,78641.3,78244.2,78440.1,4161.447
2026-08-26 19:00:00+00:00,78440.1,78551.4,78252.1,78434.9,2633.208
2026-08-26 20:00:00+00:00,78434.9,78492.3,78156.5,78418.2,2127.081
2026-08-26 21:00:00+00:00,78418.2,78800.0,78347.8,78682.9,4767.024
2026-08-26 22:00:00+00:00,78682.9,78945.0,78513.7,78656.6,4769.076
2026-08-26 23:00:00+00:00,78656.6,79138.7,78607.3,78989.4,5948.557
2026-08-27 00:00:00+00:00,78989.4,78999.4,78649.9,78650.1,3310.431
2026-08-27 01:00:00+00:00,78650.0,78989.0,78522.1,78864.6,3469.265
2026-08-27 02:00:00+00:00,78864.6,78951.0,78666.1,78697.2,2050.407
2026-08-27 03:00:00+00:00,78697.2,78967.0,78605.5,78801.8,3557.455
2026-08-27 04:00:00+00:00,78801.8,78874.0,78651.0,78746.1,1646.445
2026-08-27 05:00:00+00:00,78746.0,78904.7,78566.5,78888.1,3153.737
2026-08-27 06:00:00+00:00,78888.1,78888.1,78575.6,78795.6,4134.194
2026-08-27 07:00:00+00:00,78795.6,79074.0,78720.0,79054.4,2883.234
2026-08-27 08:00:00+00:00,79054.3,79992.5,79015.0,79722.8,19780.554
2026-08-27 09:00:00+00:00,79722.7,80499.9,79640.7,79957.8,13876.54
2026-08-27 10:00:00+00:00,79957.8,80128.8,79300.0,79599.0,10083.208
2026-08-27 11:00:00+00:00,79599.5,79739.1,79131.8,79440.1,6423.908
2026-08-27 12:00:00+00:00,79440.1,79558.9,79226.0,79247.3,3937.944
2026-08-27 13:00:00+00:00,79247.4,79539.8,78864.0,79492.9,12075.411
2026-08-27 14:00:00+00:00,79492.9,80350.0,79308.0,80161.2,16873.891
2026-08-27 15:00:00+00:00,80161.3,80766.8,80048.0,80273.6,15924.076
2026-08-27 16:00:00+00:00,80273.7,80607.3,80163.0,80335.9,7404.569
2026-08-27 17:00:00+00:00,80335.9,80845.1,80200.0,80415.1,9323.819
2026-08-27 18:00:00+00:00,80415.1,80415.1,79707.0,80120.0,9971.665
2026-08-27 19:00:00+00:00,80120.0,80252.0,79800.0,79877.9,5591.089
2026-08-27 20:00:00+00:00,79877.9,80090.9,79843.3,80066.3,2646.193
2026-08-27 21:00:00+00:00,80066.3,80150.0,79936.4,80149.9,2336.962
2026-08-27 22:00:00+00:00,80149.9,80399.5,80110.1,80264.9,3324.914
2026-08-27 23:00:00+00:00,80264.9,80359.0,80091.1,80208.9,1682.552
2026-08-28 00:00:00+00:00,80208.9,80680.0,80110.6,80537.5,4728.496
2026-08-28 01:00:00+00:00,80537.5,81500.0,80386.6,80467.1,16909.212
2026-08-28 02:00:00+00:00,80467.1,80467.1,79659.2,79888.1,13190.653
2026-08-28 03:00:00+00:00,79888.0,80017.4,79731.9,79783.3,4603.019
2026-08-28 04:00:00+00:00,79783.3,79942.3,79560.2,79616.3,5394.535
2026-08-28 05:00:00+00:00,79616.3,79847.3,79522.3,79657.7,4240.911
2026-08-28 06:00:00+00:00,79657.7,79971.0,79657.7,79863.9,2720.212
2026-08-28 07:00:00+00:00,79863.9,79864.0,79538.9,79645.6,5384.541
2026-08-28 08:00:00+00:00,79645.7,79815.0,79440.0,79484.0,4667.941
2026-08-28 09:00:00+00:00,79483.9,79487.5,79179.7,79254.5,6441.871
2026-08-28 10:00:00+00:00,79254.5,79545.6,78961.5,79528.4,8496.915
2026-08-28 11:00:00+00:00,79528.4,79733.7,79504.7,79563.2,4741.843
2026-08-28 12:00:00+00:00,79563.2,79685.0,79264.2,79383.7,3953.776
2026-08-28 13:00:00+00:00,79383.7,79511.2,78972.8,79279.9,10136.722
2026-08-28 14:00:00+00:00,79281.7,79683.2,78400.0,79512.3,35801.986
2026-08-28 15:00:00+00:00,79512.3,79840.0,78271.0,78309.0,17868.659
2026-08-28 16:00:00+00:00,78309.0,78381.6,76853.1,77755.9,37671.934
2026-08-28 17:00:00+00:00,77755.8,78099.0,77626.9,77877.1,9243.56
2026-08-28 18:00:00+00:00,77877.1,77913.0,77242.8,77533.4,7720.701
2026-08-28 19:00:00+00:00,77533.4,77807.7,77286.7,77546.4,5437.362
2026-08-28 20:00:00+00:00,77546.3,77591.0,77280.0,77377.0,3647.667
2026-08-28 21:00:00+00:00,77377.0,77507.7,77210.8,77341.9,2839.254
2026-08-28 22:00:00+00:00,77342.0,77742.0,77310.8,77723.8,4466.216
2026-08-28 23:00:00+00:00,77723.9,77824.1,77606.9,77805.9,2114.12
2026-08-29 00:00:00+00:00,77805.9,77920.0,77686.1,77703.7,3025.429
2026-08-29 01:00:00+00:00,77703.7,77816.0,77596.0,77762.2,1795.646
2026-08-29 02:00:00+00:00,77762.2,77797.4,77544.1,77643.2,1706.728
2026-08-29 03:00:00+00:00,77643.2,77700.0,77470.6,77482.2,1557.436
2026-08-29 04:00:00+00:00,77482.3,77651.4,77482.2,77619.7,1133.703
2026-08-29 05:00:00+00:00,77619.6,77691.8,77574.9,77607.0,1324.414
2026-08-29 06:00:00+00:00,77606.9,77608.0,77353.0,77437.4,2470.393
2026-08-29 07:00:00+00:00,77437.5,77641.2,77412.7,77587.0,1958.758
2026-08-29 08:00:00+00:00,77586.9,77608.3,77442.1,77608.3,1539.71
2026-08-29 09:00:00+00:00,77608.2,77728.9,77536.1,77618.9,1787.751
2026-08-29 10:00:00+00:00,77619.0,77697.7,77481.9,77602.4,1686.175
2026-08-29 11:00:00+00:00,77602.5,77700.0,77540.0,77563.4,1167.039
2026-08-29 12:00:00+00:00,77563.4,77632.1,77472.4,77559.1,1033.989
2026-08-29 13:00:00+00:00,77559.2,77700.0,77534.0,77670.0,2005.418
2026-08-29 14:00:00+00:00,77670.1,78135.0,77626.9,77979.2,6854.713
2026-08-29 15:00:00+00:00,77979.2,77989.7,77768.0,77824.1,3043.011
2026-08-29 16:00:00+00:00,77824.1,78132.4,77822.8,77989.1,3288.423
2026-08-29 17:00:00+00:00,77989.1,78073.0,77863.2,78073.0,1700.625
2026-08-29 18:00:00+00:00,78073.0,78226.5,77982.5,78121.9,2375.686
2026-08-29 19:00:00+00:00,78122.0,78314.9,78104.5,78154.9,2312.505
2026-08-29 20:00:00+00:00,78154.9,78275.3,78077.7,78094.6,1286.708
2026-08-29 21:00:00+00:00,78094.6,78171.0,78016.0,78131.7,1071.844
2026-08-29 22:00:00+00:00,78131.8,78207.0,78050.7,78194.0,991.003
2026-08-29 23:00:00+00:00,78193.9,78253.5,78153.1,78200.7,1075.004
2026-08-30 00:00:00+00:00,78200.6,78297.3,78113.2,78144.7,1500.007
2026-08-30 01:00:00+00:00,78144.8,78159.7,77953.8,78050.8,2682.994
2026-08-30 02:00:00+00:00,78050.8,78154.4,77982.1,78072.0,1246.065
2026-08-30 03:00:00+00:00,78072.0,78211.2,78027.0,78101.4,1064.492
2026-08-30 04:00:00+00:00,78101.5,78188.8,77944.9,78083.0,1504.242
2026-08-30 05:00:00+00:00,78083.1,78194.4,78083.0,78108.8,813.04
2026-08-30 06:00:00+00:00,78108.8,78289.2,78088.3,78253.9,1489.321
2026-08-30 07:00:00+00:00,78253.9,78266.0,78073.9,78082.6,1315.435
2026-08-30 08:00:00+00:00,78082.7,78178.8,78000.0,78049.0,1383.106
2026-08-30 09:00:00+00:00,78049.1,78091.8,77952.8,77967.7,1224.239
2026-08-30 10:00:00+00:00,77967.7,78122.1,77933.4,78119.2,1360.403
2026-08-30 11:00:00+00:00,78119.1,78212.8,78088.1,78141.5,1172.69
2026-08-30 12:00:00+00:00,78141.5,78824.0,78141.4,78750.1,13050.618
2026-08-30 13:00:00+00:00,78750.1,78939.9,78550.0,78817.7,5245.471
2026-08-30 14:00:00+00:00,78817.7,78906.2,78685.3,78745.8,3306.486
2026-08-30 15:00:00+00:00,78745.8,78877.6,78591.3,78791.1,2804.337
2026-08-30 16:00:00+00:00,78791.2,79384.4,78707.4,79304.9,8929.55
2026-08-30 17:00:00+00:00,79304.9,79304.9,78737.0,78985.6,5205.006
2026-08-30 18:00:00+00:00,78985.7,79147.1,78728.7,79005.0,2613.243
2026-08-30 19:00:00+00:00,79005.1,79014.0,78678.0,78828.2,1700.457
2026-08-30 20:00:00+00:00,78828.3,78899.8,78362.0,78561.5,4087.864
2026-08-30 21:00:00+00:00,78561.5,78709.4,78174.8,78623.7,6115.147
2026-08-30 22:00:00+00:00,78623.6,78776.4,78238.0,78390.0,3889.105
2026-08-30 23:00:00+00:00,78390.0,78429.1,76947.2,77634.6,16188.398
2026-08-31 00:00:00+00:00,77634.6,78166.7,77393.5,77903.8,8644.045
2026-08-31 01:00:00+00:00,77903.8,77966.1,77524.6,77609.9,4251.857
2026-08-31 02:00:00+00:00,77609.9,77972.7,77350.7,77440.0,5095.654
2026-08-31 03:00:00+00:00,77440.0,77853.5,77358.3,77727.2,4041.192
2026-08-31 04:00:00+00:00,77727.2,77743.6,77427.2,77586.4,3327.898
2026-08-31 05:00:00+00:00,77586.4,78133.2,77480.0,77984.9,5771.092
2026-08-31 06:00:00+00:00,77984.8,78135.2,77761.4,78049.3,4670.59
2026-08-31 07:00:00+00:00,78049.3,78294.0,78000.0,78168.2,3176.394
2026-08-31 08:00:00+00:00,78168.2,78487.7,77950.0,78439.1,6047.475
2026-08-31 09:00:00+00:00,78439.1,78774.0,78359.4,78486.6,6993.875
2026-08-31 10:00:00+00:00,78486.6,78744.9,78287.6,78680.7,4293.458
2026-08-31 11:00:00+00:00,78680.7,78680.7,78262.0,78284.7,3060.872
2026-08-31 12:00:00+00:00,78284.6,78516.4,77663.1,77900.0,10547.839
2026-08-31 13:00:00+00:00,77900.0,78256.2,77676.8,77834.7,10056.671
2026-08-31 14:00:00+00:00,77834.7,78650.0,77711.7,78628.1,10454.671
2026-08-31 15:00:00+00:00,78573.9,78747.4,78175.5,78543.0,6904.174
2026-08-31 16:00:00+00:00,78543.1,78875.0,78466.2,78600.7,5360.298
2026-08-31 17:00:00+00:00,78600.7,79030.0,78450.2,78865.0,6245.924
2026-08-31 18:00:00+00:00,78865.0,79194.5,78735.4,78980.4,5162.644
2026-08-31 19:00:00+00:00,78980.5,79228.5,78822.2,78869.2,4299.926
2026-08-31 20:00:00+00:00,78869.2,79162.6,78763.2,78834.6,2942.035
2026-08-31 21:00:00+00:00,78834.6,79040.0,78685.9,78929.1,2294.18
2026-08-31 22:00:00+00:00,78929.1,78984.7,78541.3,78561.7,2911.827
2026-08-31 23:00:00+00:00,78561.6,78561.7,78362.4,78549.6,2962.1
2026-09-01 00:00:00+00:00,78549.6,78868.7,78519.7,78618.0,3754.815
2026-09-01 01:00:00+00:00,78617.9,78766.7,78331.3,78375.7,3625.381
2026-09-01 02:00:00+00:00,78375.6,78427.8,78150.0,78420.7,4062.857
2026-09-01 03:00:00+00:00,78420.8,78847.0,78353.1,78653.9,3725.553
2026-09-01 04:00:00+00:00,78654.0,78911.2,78624.3,78695.9,2947.741
2026-09-01 05:00:00+00:00,78696.0,79196.0,78696.0,79149.8,5451.519
2026-09-01 06:00:00+00:00,79149.8,79149.8,78705.8,78705.8,3592.661
2026-09-01 07:00:00+00:00,78705.8,78774.5,78467.6,78600.2,4341.28
2026-09-01 08:00:00+00:00,78600.3,78627.4,77777.0,77850.0,12469.853
2026-09-01 09:00:00+00:00,77850.1,78012.1,77747.0,77875.5,5335.547
2026-09-01 10:00:00+00:00,77875.4,78157.1,77710.4,77988.0,5870.699
2026-09-01 11:00:00+00:00,77988.1,78166.7,77844.0,78056.4,2851.441
2026-09-01 12:00:00+00:00,78056.4,78123.9,77682.4,77960.9,4985.047
2026-09-01 13:00:00+00:00,77961.0,78177.8,77366.0,78039.0,13205.706
2026-09-01 14:00:00+00:00,78039.0,78396.9,78011.8,78136.5,8571.094
2026-09-01 15:00:00+00:00,78136.4,78136.4,77688.0,77877.3,7870.955
2026-09-01 16:00:00+00:00,77877.4,77942.8,77244.3,77559.4,10184.272
2026-09-01 17:00:00+00:00,77559.3,77695.3,77210.0,77239.9,5917.561
2026-09-01 18:00:00+00:00,77239.9,77295.5,76368.0,77119.9,21962.736
2026-09-01 19:00:00+00:00,77119.9,77450.0,77072.2,77286.3,5944.045
2026-09-01 20:00:00+00:00,77286.3,77443.9,77200.0,77415.0,2599.081
2026-09-01 21:00:00+00:00,77415.1,77497.2,76883.6,77180.4,4901.712
2026-09-01 22:00:00+00:00,77180.5,77333.0,76989.9,77240.1,3107.015
2026-09-01 23:00:00+00:00,77240.1,77604.3,77176.0,77400.1,4079.261
2026-09-02 00:00:00+00:00,77400.2,77485.0,77093.4,77179.5,3330.762
2026-09-02 01:00:00+00:00,77179.5,77343.4,76682.3,76983.0,6433.319
2026-09-02 02:00:00+00:00,76983.0,77320.3,76913.4,77299.9,4801.314
2026-09-02 03:00:00+00:00,77299.9,77767.8,77280.6,77534.3,6626.342
2026-09-02 04:00:00+00:00,77534.3,77578.5,77265.6,77526.0,2767.678
2026-09-02 05:00:00+00:00,77526.0,77735.0,77394.6,77618.5,4092.709
2026-09-02 06:00:00+00:00,77618.6,77689.1,77416.0,77578.2,3424.906
2026-09-02 07:00:00+00:00,77578.2,77731.7,77435.4,77444.9,2378.462
2026-09-02 08:00:00+00:00,77444.8,77518.2,76706.0,76819.7,8841.883
2026-09-02 09:00:00+00:00,76819.6,77031.0,76435.5,76716.6,9965.2
2026-09-02 10:00:00+00:00,76716.7,76723.8,76151.9,76639.2,9246.072
2026-09-02 11:00:00+00:00,76639.1,76810.2,76325.0,76788.6,7367.366
2026-09-02 12:00:00+00:00,76788.6,77029.2,76573.2,76573.2,7462.504
2026-09-02 13:00:00+00:00,76573.3,77420.7,76573.2,77115.0,12779.216
2026-09-02 14:00:00+00:00,77115.0,77478.8,76971.5,77023.7,8536.867
2026-09-02 15:00:00+00:00,77023.7,77357.1,76702.6,77249.9,10364.069
2026-09-02 16:00:00+00:00,77250.0,77546.7,77131.5,77131.6,8126.735
2026-09-02 17:00:00+00:00,77131.6,77370.0,76914.3,77350.0,5590.817
2026-09-02 18:00:00+00:00,77350.0,77493.8,77251.5,77341.0,3710.538
2026-09-02 19:00:00+00:00,77341.0,77385.0,77077.7,77301.3,5007.922
2026-09-02 20:00:00+00:00,77301.3,77489.9,77171.0,77364.4,3714.302
2026-09-02 21:00:00+00:00,77364.3,77400.2,77200.0,77252.1,2217.97
2026-09-02 22:00:00+00:00,77252.1,77252.1,76983.0,76996.5,3072.078
2026-09-02 23:00:00+00:00,76996.4,77340.0,76973.4,77300.0,2250.428
2026-09-03 00:00:00+00:00,77300.0,77365.7,76939.5,77025.1,4334.173
2026-09-03 01:00:00+00:00,77025.1,77516.0,76927.3,77321.0,6257.057
2026-09-03 02:00:00+00:00,77321.0,77887.9,77200.1,77783.4,7578.57
2026-09-03 03:00:00+00:00,77783.3,77850.0,77596.3,77665.3,4169.969
2026-09-03 04:00:00+00:00,77665.3,77795.0,77508.9,77748.0,3618.754
2026-09-03 05:00:00+00:00,77747.9,77799.3,77053.8,77777.3,8332.777
2026-09-03 06:00:00+00:00,77777.4,77819.9,77654.5,77795.4,2955.251
2026-09-03 07:00:00+00:00,77795.5,78144.7,77559.4,77627.3,8106.062
2026-09-03 08:00:00+00:00,77627.4,78032.0,77627.4,77807.6,5007.205
2026-09-03 09:00:00+00:00,77807.6,77942.8,77577.0,77578.0,3363.624
2026-09-03 10:00:00+00:00,77578.0,77743.2,77422.8,77707.1,4622.839
2026-09-03 11:00:00+00:00,77707.1,77976.0,77676.7,77909.7,4014.579
2026-09-03 12:00:00+00:00,77909.7,78750.4,77854.0,78616.5,15048.405
2026-09-03 13:00:00+00:00,78616.5,78964.0,78418.3,78802.2,13290.623
2026-09-03 14:00:00+00:00,78802.2,80555.0,78665.8,80508.4,33653.131
2026-09-03 15:00:00+00:00,80508.4,81333.4,80320.9,81316.7,30261.143
2026-09-03 16:00:00+00:00,81316.7,81333.1,80588.0,80937.3,14449.521
2026-09-03 17:00:00+00:00,80937.3,81159.8,80851.7,81006.9,6323.696
2026-09-03 18:00:00+00:00,81006.8,81333.0,80843.8,81226.6,8234.777
2026-09-03 19:00:00+00:00,81226.7,81771.7,81132.5,81722.9,14032.458
2026-09-03 20:00:00+00:00,81722.8,81750.0,81350.0,81420.2,7073.272
2026-09-03 21:00:00+00:00,81420.2,82282.8,81245.5,81547.0,17264.386
2026-09-03 22:00:00+00:00,81547.0,81570.0,80861.1,81109.1,11531.621
2026-09-03 23:00:00+00:00,81109.2,81310.4,81033.7,81230.7,6211.737
2026-09-04 00:00:00+00:00,81230.7,81393.8,80921.1,80936.9,10393.859
2026-09-04 01:00:00+00:00,80936.9,81064.0,80719.9,80935.3,6264.42
2026-09-04 02:00:00+00:00,80935.3,80935.4,80614.0,80800.0,5159.258
2026-09-04 03:00:00+00:00,80800.0,81016.2,80761.3,80808.0,5076.745
2026-09-04 04:00:00+00:00,80808.1,81267.6,80776.1,81040.4,5868.18
2026-09-04 05:00:00+00:00,81040.4,81121.5,80818.0,80952.8,4741.085
2026-09-04 06:00:00+00:00,80952.7,81060.9,80538.6,80763.9,4971.945
2026-09-04 07:00:00+00:00,80763.9,80940.1,80611.8,80628.0,4469.315
2026-09-04 08:00:00+00:00,80628.0,81211.1,80458.0,81113.6,10875.305
2026-09-04 09:00:00+00:00,81113.6,81288.7,80890.3,81018.0,6153.662
2026-09-04 10:00:00+00:00,81018.0,81168.0,80790.9,81150.0,4620.549
2026-09-04 11:00:00+00:00,81150.0,81377.7,81041.2,81188.0,5039.894
2026-09-04 12:00:00+00:00,81188.0,81324.2,79126.0,79423.8,48023.398
2026-09-04 13:00:00+00:00,79423.9,79670.0,78913.4,79342.9,20576.928
2026-09-04 14:00:00+00:00,79342.8,79545.7,78618.1,78874.0,16811.845
2026-09-04 15:00:00+00:00,78874.1,79518.5,78755.1,79384.8,9215.841
2026-09-04 16:00:00+00:00,79384.9,79838.1,79334.1,79709.2,7024.875
2026-09-04 17:00:00+00:00,79709.2,79718.2,79347.9,79430.1,5033.953
2026-09-04 18:00:00+00:00,79430.0,79632.0,79430.0,79576.1,2423.404
2026-09-04 19:00:00+00:00,79576.1,79776.1,79576.1,79754.7,3408.44
2026-09-04 20:00:00+00:00,79754.8,79825.5,79623.9,79656.2,2526.95
2026-09-04 21:00:00+00:00,79656.3,79770.8,79460.9,79584.7,3036.304
2026-09-04 22:00:00+00:00,79584.8,79679.9,79577.5,79600.3,1859.392
2026-09-04 23:00:00+00:00,79600.3,79723.5,79544.0,79616.1,1287.858
2026-09-05 00:00:00+00:00,79616.2,79682.9,79518.3,79542.7,1604.559
2026-09-05 01:00:00+00:00,79542.7,79675.1,79492.0,79492.1,2271.923
2026-09-05 02:00:00+00:00,79492.1,79584.1,79435.4,79530.0,1563.849
2026-09-05 03:00:00+00:00,79530.1,79589.5,79474.3,79543.9,777.192
2026-09-05 04:00:00+00:00,79543.9,79553.6,79458.8,79460.0,1171.924
2026-09-05 05:00:00+00:00,79460.0,79564.1,79405.2,79540.0,1625.409
2026-09-05 06:00:00+00:00,79540.1,79676.9,79534.1,79603.0,1822.101
2026-09-05 07:00:00+00:00,79603.0,79722.1,79600.0,79673.0,1456.419
2026-09-05 08:00:00+00:00,79673.0,79684.7,79520.0,79617.5,1429.195
2026-09-05 09:00:00+00:00,79617.5,79714.5,79570.8,79594.6,1388.061
2026-09-05 10:00:00+00:00,79594.7,79640.0,79551.9,79581.2,1665.324
2026-09-05 11:00:00+00:00,79581.3,79652.9,79562.7,79577.4,1442.038
2026-09-05 12:00:00+00:00,79577.5,79734.3,79572.8,79666.0,1990.261
2026-09-05 13:00:00+00:00,79666.0,79722.7,79500.0,79573.9,1895.172
2026-09-05 14:00:00+00:00,79573.8,79719.9,79573.8,79672.3,1279.253
2026-09-05 15:00:00+00:00,79672.2,79783.6,79637.6,79760.2,1688.229
2026-09-05 16:00:00+00:00,79760.2,80167.0,79712.0,80001.5,5951.489
2026-09-05 17:00:00+00:00,80001.5,80121.0,79925.1,80030.0,4059.157
2026-09-05 18:00:00+00:00,80030.1,80052.9,79892.6,79959.2,2014.075
2026-09-05 19:00:00+00:00,79959.2,79959.2,79674.4,79719.9,2490.831
2026-09-05 20:00:00+00:00,79719.9,79812.0,79653.0,79702.2,2531.958
2026-09-05 21:00:00+00:00,79702.2,79910.6,79683.0,79872.4,1449.71
2026-09-05 22:00:00+00:00,79872.4,79908.4,79708.9,79757.7,1971.598
2026-09-05 23:00:00+00:00,79757.7,79878.8,79666.9,79797.7,2169.692
2026-09-06 00:00:00+00:00,79797.8,79909.0,79788.2,79832.8,1427.568
2026-09-06 01:00:00+00:00,79832.7,80028.8,79832.7,79915.0,2539.752
2026-09-06 02:00:00+00:00,79915.0,79988.6,79829.8,79872.1,1600.237
2026-09-06 03:00:00+00:00,79872.0,80080.4,79850.5,79991.0,1760.648
2026-09-06 04:00:00+00:00,79991.0,79991.1,79790.1,79824.0,1680.233
2026-09-06 05:00:00+00:00,79824.0,80085.2,79748.9,79959.9,2576.027
2026-09-06 06:00:00+00:00,79960.0,79960.0,79628.4,79737.9,3219.064
2026-09-06 07:00:00+00:00,79737.8,79832.6,79523.6,79766.2,3699.694
2026-09-06 08:00:00+00:00,79766.2,79856.0,79714.5,79809.7,1866.2
2026-09-06 09:00:00+00:00,79809.6,79961.9,79765.5,79851.9,2250.124
2026-09-06 10:00:00+00:00,79852.0,79997.9,79851.9,79964.3,1106.37
2026-09-06 11:00:00+00:00,79964.2,79968.6,79844.3,79878.4,1434.984
2026-09-06 12:00:00+00:00,79878.3,79973.6,79814.9,79882.0,1650.613
2026-09-06 13:00:00+00:00,79881.9,79936.9,79719.9,79794.4,2506.234
2026-09-06 14:00:00+00:00,79794.4,79815.8,79125.3,79507.3,7551.449
2026-09-06 15:00:00+00:00,79507.4,79695.0,79337.0,79677.8,2832.188
2026-09-06 16:00:00+00:00,79677.8,79764.3,79566.6,79649.9,2054.354
2026-09-06 17:00:00+00:00,79649.9,79743.1,79542.6,79708.0,1544.766
2026-09-06 18:00:00+00:00,79708.0,79940.0,79708.0,79912.1,1843.853
2026-09-06 19:00:00+00:00,79912.0,79912.1,79763.0,79804.7,1221.188
2026-09-06 20:00:00+00:00,79804.8,79936.1,79740.7,79873.1,1234.409
2026-09-06 21:00:00+00:00,79873.2,79997.0,79831.4,79902.7,1829.152
2026-09-06 22:00:00+00:00,79902.7,80058.0,79600.0,80005.4,4040.266
2026-09-06 23:00:00+00:00,80005.4,80536.1,79964.3,80301.1,7844.906
2026-09-07 00:00:00+00:00,80301.0,80404.9,80017.1,80122.0,4531.352
2026-09-07 01:00:00+00:00,80122.0,80205.8,79773.9,79886.9,4309.831
2026-09-07 02:00:00+00:00,79887.0,80410.8,79755.1,79842.9,5644.794
2026-09-07 03:00:00+00:00,79842.8,79953.4,79533.4,79560.0,5305.303
2026-09-07 04:00:00+00:00,79560.0,79695.2,79500.8,79686.0,3840.696
2026-09-07 05:00:00+00:00,79686.0,79892.9,79620.5,79717.7,3820.271
2026-09-07 06:00:00+00:00,79717.5,79786.8,79609.1,79617.1,1918.767
2026-09-07 07:00:00+00:00,79617.1,79655.1,78938.7,79357.7,8939.701
2026-09-07 08:00:00+00:00,79357.7,79498.3,79348.7,79395.0,3524.074
2026-09-07 09:00:00+00:00,79395.1,79517.5,79260.0,79278.5,2885.703
2026-09-07 10:00:00+00:00,79278.5,79423.7,79278.5,79325.7,1840.911
2026-09-07 11:00:00+00:00,79325.7,79450.0,79230.0,79376.8,1962.298
2026-09-07 12:00:00+00:00,79376.8,79604.0,79364.8,79567.4,2234.899
2026-09-07 13:00:00+00:00,79567.5,79613.8,79268.2,79314.4,4140.408
2026-09-07 14:00:00+00:00,79314.5,79359.5,78913.2,79152.2,8934.611
2026-09-07 15:00:00+00:00,79152.3,79152.3,78636.0,78786.1,9850.912
2026-09-07 16:00:00+00:00,78786.2,78996.8,78766.0,78989.3,4041.619
2026-09-07 17:00:00+00:00,78989.4,79185.0,78974.6,79153.5,3093.456
2026-09-07 18:00:00+00:00,79153.5,79209.7,79051.2,79158.6,2157.887
2026-09-07 19:00:00+00:00,79158.5,79391.4,79110.0,79325.3,2435.822
2026-09-07 20:00:00+00:00,79325.3,79365.0,79131.0,79207.0,1607.354
2026-09-07 21:00:00+00:00,79206.9,79246.4,79129.2,79129.2,1312.289
2026-09-07 22:00:00+00:00,79129.3,79189.5,78737.9,78916.3,3839.45
2026-09-07 23:00:00+00:00,78916.4,79184.0,78895.3,79075.9,2513.509
2026-09-08 00:00:00+00:00,79075.9,79287.0,78938.0,79286.9,3152.076
2026-09-08 01:00:00+00:00,79287.0,79439.6,79230.0,79409.0,2626.607
2026-09-08 02:00:00+00:00,79409.0,79476.0,78890.1,78898.8,3880.612
2026-09-08 03:00:00+00:00,78898.8,78976.6,78690.3,78880.0,5499.661
2026-09-08 04:00:00+00:00,78880.0,78904.7,78650.0,78650.0,3498.256
2026-09-08 05:00:00+00:00,78650.0,78850.0,78507.0,78553.0,6504.728
2026-09-08 06:00:00+00:00,78553.0,78599.9,78225.8,78292.8,9398.361
2026-09-08 07:00:00+00:00,78292.8,78577.3,78133.0,78445.0,6465.333
2026-09-08 08:00:00+00:00,78445.1,78557.4,78253.2,78395.8,4704.266
2026-09-08 09:00:00+00:00,78395.8,78772.4,78310.6,78728.4,5721.273
2026-09-08 10:00:00+00:00,78728.3,78969.6,78529.4,78529.4,5465.818
2026-09-08 11:00:00+00:00,78529.5,78544.5,78255.6,78400.0,5570.744
2026-09-08 12:00:00+00:00,78400.0,78453.3,78187.3,78419.7,4672.192
2026-09-08 13:00:00+00:00,78420.0,78512.0,77600.1,77936.5,17471.849
2026-09-08 14:00:00+00:00,77936.6,78591.9,77817.3,78524.8,10725.378
2026-09-08 15:00:00+00:00,78524.9,78871.2,78415.0,78870.0,8571.871
2026-09-08 16:00:00+00:00,78870.1,78966.0,78540.0,78700.0,5350.184
2026-09-08 17:00:00+00:00,78699.9,78857.0,78458.9,78467.9,3153.262
2026-09-08 18:00:00+00:00,78467.9,78783.0,78230.5,78399.1,4089.471
2026-09-08 19:00:00+00:00,78399.2,78495.6,78285.0,78407.3,4453.028
2026-09-08 20:00:00+00:00,78407.4,78595.7,78366.2,78447.9,2952.651
2026-09-08 21:00:00+00:00,78447.9,78586.6,78360.2,78458.7,1861.698
2026-09-08 22:00:00+00:00,78458.7,78658.6,78420.7,78526.1,2475.717
2026-09-08 23:00:00+00:00,78526.2,78543.5,78375.8,78425.6,1598.117
2026-09-09 00:00:00+00:00,78425.6,78759.1,78425.6,78746.0,2098.093
2026-09-09 01:00:00+00:00,78746.0,78860.0,78592.7,78848.9,3846.451
2026-09-09 02:00:00+00:00,78848.8,78899.0,78645.0,78689.5,2328.82
2026-09-09 03:00:00+00:00,78689.4,78689.5,78502.0,78593.7,2794.33
2026-09-09 04:00:00+00:00,78593.7,79186.0,78593.7,79136.0,6299.149
2026-09-09 05:00:00+00:00,79135.9,79343.7,78802.0,78906.5,9172.012
2026-09-09 06:00:00+00:00,78906.5,79259.9,78823.2,79125.5,3574.498
2026-09-09 07:00:00+00:00,79125.5,79376.4,79119.3,79246.0,3327.556
2026-09-09 08:00:00+00:00,79246.0,79737.3,79231.5,79660.5,8162.202
2026-09-09 09:00:00+00:00,79660.5,79680.3,78856.3,78913.1,7779.952
2026-09-09 10:00:00+00:00,78913.1,79149.7,78837.1,78882.4,5291.813
2026-09-09 11:00:00+00:00,78882.5,79346.8,78690.3,79281.7,6838.202
2026-09-09 12:00:00+00:00,79281.6,79635.9,79233.8,79566.3,6703.529
2026-09-09 13:00:00+00:00,79566.4,79648.1,79070.0,79104.5,9515.83
2026-09-09 14:00:00+00:00,79104.5,79380.0,78845.0,78932.2,12976.334
2026-09-09 15:00:00+00:00,78932.1,79363.8,78020.0,78570.0,24225.184
2026-09-09 16:00:00+00:00,78569.9,78942.1,78411.3,78769.6,6657.019
2026-09-09 17:00:00+00:00,78769.6,78902.3,78616.0,78737.9,4623.279
2026-09-09 18:00:00+00:00,78737.9,78760.2,78357.8,78383.9,3567.494
2026-09-09 19:00:00+00:00,78383.9,78549.5,78112.0,78194.4,4726.418
2026-09-09 20:00:00+00:00,78194.4,78302.8,77884.7,78282.0,5253.397
2026-09-09 21:00:00+00:00,78281.9,78307.7,77946.9,78109.8,2626.992
2026-09-09 22:00:00+00:00,78109.8,78160.0,77706.1,77885.1,6918.332
2026-09-09 23:00:00+00:00,77885.2,78287.1,77880.0,78264.1,3322.127
2026-09-10 00:00:00+00:00,78264.0,78371.9,78062.3,78137.6,4732.733
2026-09-10 01:00:00+00:00,78137.5,78482.6,77912.2,78061.0,6268.107
2026-09-10 02:00:00+00:00,78061.1,78340.0,77951.5,78323.7,3631.35
2026-09-10 03:00:00+00:00,78323.7,78543.9,78242.6,78297.4,5000.895
2026-09-10 04:00:00+00:00,78297.4,78410.8,78270.0,78376.2,1931.145
2026-09-10 05:00:00+00:00,78376.2,78542.0,78245.8,78503.4,4047.712
2026-09-10 06:00:00+00:00,78503.5,78510.0,78122.2,78388.7,4705.707
2026-09-10 07:00:00+00:00,78388.8,78393.9,77867.5,78071.1,7062.368
2026-09-10 08:00:00+00:00,78071.0,78136.2,77991.3,78072.8,2790.982
2026-09-10 09:00:00+00:00,78072.9,78195.7,77893.6,77964.1,3293.979
2026-09-10 10:00:00+00:00,77964.1,78017.8,77790.1,77837.0,3227.074
2026-09-10 11:00:00+00:00,77837.0,78028.8,77651.4,77816.4,5217.409
2026-09-10 12:00:00+00:00,77816.2,77935.8,76634.3,76859.9,30977.799
2026-09-10 13:00:00+00:00,76859.9,77207.4,76692.3,77137.6,15292.695
2026-09-10 14:00:00+00:00,77137.7,77393.9,76922.7,77376.4,8449.721
2026-09-10 15:00:00+00:00,77376.3,77381.1,77059.1,77218.5,4436.065
2026-09-10 16:00:00+00:00,77218.6,77280.0,76760.0,77172.0,5962.524
2026-09-10 17:00:00+00:00,77172.1,77518.6,77092.8,77296.6,5390.151
2026-09-10 18:00:00+00:00,77296.6,77312.2,76942.6,77222.7,3603.191
2026-09-10 19:00:00+00:00,77222.7,77270.1,77044.0,77129.1,2212.35
2026-09-10 20:00:00+00:00,77129.2,77316.0,77070.5,77233.2,1648.077
2026-09-10 21:00:00+00:00,77233.3,77269.7,77057.7,77113.5,1758.219
2026-09-10 22:00:00+00:00,77113.6,77182.5,76772.7,76794.1,3356.064
2026-09-10 23:00:00+00:00,76794.0,76840.8,76402.9,76535.7,7698.571
2026-09-11 00:00:00+00:00,76535.6,76905.3,76525.0,76881.0,4682.725
2026-09-11 01:00:00+00:00,76881.0,76979.0,76637.5,76946.8,3638.295
2026-09-11 02:00:00+00:00,76946.8,76988.0,76738.0,76813.3,2049.846
2026-09-11 03:00:00+00:00,76813.3,76864.0,76667.0,76860.8,4166.757
2026-09-11 04:00:00+00:00,76860.9,77166.6,76850.0,77076.5,3283.814
2026-09-11 05:00:00+00:00,77076.5,77227.4,77029.5,77220.2,2063.793
2026-09-11 06:00:00+00:00,77220.2,77400.0,77140.2,77263.9,2890.751
2026-09-11 07:00:00+00:00,77264.0,77373.6,77160.0,77188.1,2734.253
2026-09-11 08:00:00+00:00,77188.2,77469.3,77100.5,77324.1,3593.318
2026-09-11 09:00:00+00:00,77324.1,77332.7,76818.1,77001.2,4201.0
2026-09-11 10:00:00+00:00,77001.1,77129.7,76923.9,76960.1,2755.218
2026-09-11 11:00:00+00:00,76960.2,77013.9,76699.1,77000.1,4684.815
2026-09-11 12:00:00+00:00,77000.1,78115.4,76000.3,77992.7,45615.466
2026-09-11 13:00:00+00:00,77992.7,79300.7,77211.4,79208.0,30044.956
2026-09-11 14:00:00+00:00,79208.0,79859.8,78470.6,78757.7,27936.143
2026-09-11 15:00:00+00:00,78757.8,78810.6,77263.3,77682.9,17095.235
2026-09-11 16:00:00+00:00,77682.9,78031.2,77300.0,77873.0,13614.82
2026-09-11 17:00:00+00:00,77873.0,77924.1,77450.0,77493.9,3621.403
2026-09-11 18:00:00+00:00,77494.0,77509.1,76837.8,77020.7,9288.589
2026-09-11 19:00:00+00:00,77020.7,77339.1,76967.0,77250.7,3413.964
2026-09-11 20:00:00+00:00,77250.6,77495.3,77162.7,77295.6,3803.21
2026-09-11 21:00:00+00:00,77295.7,77397.0,77038.7,77080.3,1844.726
2026-09-11 22:00:00+00:00,77080.3,77208.2,76942.7,77110.1,5690.392
2026-09-11 23:00:00+00:00,77110.0,77195.3,77085.3,77191.1,4591.769
2026-09-12 00:00:00+00:00,77191.1,77287.9,77170.3,77251.8,2660.518
2026-09-12 01:00:00+00:00,77251.7,77346.8,77220.0,77236.4,1628.233
2026-09-12 02:00:00+00:00,77236.3,77293.5,77176.5,77248.4,1463.131
2026-09-12 03:00:00+00:00,77248.4,77315.0,77195.5,77236.8,971.599
2026-09-12 04:00:00+00:00,77236.8,77288.8,77185.6,77186.4,1337.865
2026-09-12 05:00:00+00:00,77186.4,77226.2,77129.0,77177.7,2522.932
2026-09-12 06:00:00+00:00,77177.7,77327.1,77174.6,77260.1,1080.706
2026-09-12 07:00:00+00:00,77260.1,77310.0,77223.9,77236.9,1447.57
2026-09-12 08:00:00+00:00,77236.8,77339.9,77220.8,77325.1,1991.617
2026-09-12 09:00:00+00:00,77325.1,77350.0,77291.1,77320.0,1482.661
2026-09-12 10:00:00+00:00,77319.9,77369.3,77271.3,77298.6,1038.811
2026-09-12 11:00:00+00:00,77298.7,77331.8,77260.0,77325.8,819.137
2026-09-12 12:00:00+00:00,77325.8,77333.5,77250.3,77294.9,1492.428
2026-09-12 13:00:00+00:00,77294.9,77364.5,77208.0,77329.2,3042.972
2026-09-12 14:00:00+00:00,77329.1,77477.4,77329.1,77430.5,1974.437
2026-09-12 15:00:00+00:00,77430.4,77449.2,77336.7,77343.7,1804.437
2026-09-12 16:00:00+00:00,77343.7,77384.9,77294.2,77326.1,1267.554
2026-09-12 17:00:00+00:00,77326.2,77365.6,77140.4,77173.5,2202.127
2026-09-12 18:00:00+00:00,77173.6,77190.1,77076.4,77105.7,1849.255
2026-09-12 19:00:00+00:00,77105.7,77157.6,77025.1,77084.1,2715.432
2026-09-12 20:00:00+00:00,77084.1,77187.9,77084.1,77129.2,1928.037
2026-09-12 21:00:00+00:00,77129.3,77238.4,77100.3,77218.4,1691.242
2026-09-12 22:00:00+00:00,77218.3,77275.7,77144.5,77195.3,1233.17
2026-09-12 23:00:00+00:00,77195.3,77259.1,77192.6,77242.8,1080.809
2026-09-13 00:00:00+00:00,77242.8,77275.4,77110.7,77239.5,1017.069
2026-09-13 01:00:00+00:00,77239.5,77321.0,77207.2,77285.5,1855.862
2026-09-13 02:00:00+00:00,77285.6,77287.0,77208.4,77263.9,1192.75
2026-09-13 03:00:00+00:00,77263.9,77287.9,77150.9,77162.2,1572.831
2026-09-13 04:00:00+00:00,77162.3,77227.7,77155.5,77179.0,889.064
2026-09-13 05:00:00+00:00,77179.0,77290.0,77179.0,77280.7,844.032
2026-09-13 06:00:00+00:00,77280.7,77291.2,77003.4,77082.0,2358.331
2026-09-13 07:00:00+00:00,77082.1,77136.4,77052.1,77087.7,1869.584
2026-09-13 08:00:00+00:00,77087.6,77146.4,76703.5,76767.8,6182.081
2026-09-13 09:00:00+00:00,76767.8,76872.4,76522.7,76766.3,5849.144
2026-09-13 10:00:00+00:00,76766.4,76785.4,76594.8,76643.6,2073.834
2026-09-13 11:00:00+00:00,76643.6,76770.0,76458.9,76752.9,3287.773
2026-09-13 12:00:00+00:00,76752.9,76834.4,76640.5,76725.7,2701.039
2026-09-13 13:00:00+00:00,76725.8,76892.1,76514.6,76813.8,3134.72
2026-09-13 14:00:00+00:00,76813.7,77232.0,76810.6,77175.1,5768.634
2026-09-13 15:00:00+00:00,77175.1,77178.8,76981.0,77098.0,3095.737
2026-09-13 16:00:00+00:00,77098.0,77355.2,77083.2,77252.6,3609.366
2026-09-13 17:00:00+00:00,77252.6,77387.0,77212.8,77295.8,1924.447
2026-09-13 18:00:00+00:00,77295.8,77355.0,77273.2,77314.2,1258.35
2026-09-13 19:00:00+00:00,77314.3,77381.5,77186.3,77254.1,1511.24
2026-09-13 20:00:00+00:00,77254.2,77337.4,77220.1,77312.1,1120.089
2026-09-13 21:00:00+00:00,77312.3,77427.4,77276.1,77277.3,1413.231
